query_id,rank,candidate_tile_id,score,candidate_scale_level_m,candidate_center_x,candidate_center_y
q_001,1,cw_s200_x253783.721_y3364952.517,1.00381632708,200.000,253783.72102534556,3364952.5166208195
q_001,2,cw_s200_x254233.721_y3364052.517,0.466504783516,200.000,254233.72102534556,3364052.5166208195
q_001,3,cw_s200_x254083.721_y3364052.517,0.357371406093,200.000,254083.72102534556,3364052.5166208195
q_001,4,cw_s200_x255133.721_y3364052.517,0.306597042136,200.000,255133.72102534556,3364052.5166208195
q_001,5,cw_s200_x255133.721_y3364202.517,0.491641826252,200.000,255133.72102534556,3364202.5166208195
q_001,6,cw_s200_x254983.721_y3365252.517,0.401466807885,200.000,254983.72102534556,3365252.5166208195
q_001,7,cw_s200_x254083.721_y3365102.517,0.686767915397,200.000,254083.72102534556,3365102.5166208195
q_001,8,cw_s300_x255108.721_y3364327.517,0.627626465408,300.000,255108.72102534556,3364327.5166208195
q_001,9,cw_s200_x254683.721_y3364052.517,0.500850628152,200.000,254683.72102534556,3364052.5166208195
q_001,10,cw_s200_x254983.721_y3364352.517,0.447515478382,200.000,254983.72102534556,3364352.5166208195
q_001,11,cw_s300_x254883.721_y3364327.517,0.230631310409,300.000,254883.72102534556,3364327.5166208195
q_001,12,cw_s200_x254233.721_y3364652.517,0.230661033807,200.000,254233.72102534556,3364652.5166208195
q_001,13,cw_s300_x255108.721_y3364102.517,0.415353329328,300.000,255108.72102534556,3364102.5166208195
q_001,14,cw_s300_x254883.721_y3365002.517,0.439323196644,300.000,254883.72102534556,3365002.5166208195
q_001,15,cw_s300_x254208.721_y3364102.517,0.196802825962,300.000,254208.72102534556,3364102.5166208195
q_001,16,cw_s300_x254658.721_y3364102.517,0.361170061634,300.000,254658.72102534556,3364102.5166208195
q_001,17,cw_s300_x255108.721_y3365002.517,0.167974298886,300.000,255108.72102534556,3365002.5166208195
q_001,18,cw_s200_x254833.721_y3364052.517,0.247245927199,200.000,254833.72102534556,3364052.5166208195
q_001,19,cw_s300_x254883.721_y3364102.517,0.127956428455,300.000,254883.72102534556,3364102.5166208195
q_001,20,cw_s200_x254833.721_y3364202.517,0.0325843787521,200.000,254833.72102534556,3364202.5166208195
q_002,1,cw_s200_x253783.721_y3364802.517,0.611483221197,200.000,253783.72102534556,3364802.5166208195
q_002,2,cw_s200_x253933.721_y3364952.517,0.545070854005,200.000,253933.72102534556,3364952.5166208195
q_002,3,cw_s300_x253983.721_y3365002.517,0.752952128442,300.000,253983.72102534556,3365002.5166208195
q_002,4,cw_s200_x253933.721_y3364802.517,0.91504070552,200.000,253933.72102534556,3364802.5166208195
q_002,5,cw_s500_x254008.721_y3364502.517,0.715782250265,500.000,254008.72102534556,3364502.5166208195
q_002,6,cw_s500_x254008.721_y3364877.517,0.573302765939,500.000,254008.72102534556,3364877.5166208195
q_002,7,cw_s300_x253983.721_y3364777.517,0.468687638736,300.000,253983.72102534556,3364777.5166208195
q_002,8,cw_s300_x253983.721_y3364552.517,0.439252090738,300.000,253983.72102534556,3364552.5166208195
q_002,9,cw_s200_x253933.721_y3364352.517,0.363558720702,200.000,253933.72102534556,3364352.5166208195
q_002,10,cw_s300_x254658.721_y3365002.517,0.229101020333,300.000,254658.72102534556,3365002.5166208195
q_002,11,cw_s200_x254683.721_y3364202.517,0.22681813678,200.000,254683.72102534556,3364202.5166208195
q_002,12,cw_s200_x254233.721_y3364052.517,0.50007125286,200.000,254233.72102534556,3364052.5166208195
q_002,13,cw_s200_x254233.721_y3364952.517,0.232788375774,200.000,254233.72102534556,3364952.5166208195
q_002,14,cw_s500_x254758.721_y3364877.517,0.316636111029,500.000,254758.72102534556,3364877.5166208195
q_002,15,cw_s300_x254208.721_y3365002.517,0.320039231617,300.000,254208.72102534556,3365002.5166208195
q_002,16,cw_s300_x255108.721_y3365227.517,0.222650443133,300.000,255108.72102534556,3365227.5166208195
q_002,17,cw_s300_x254208.721_y3365227.517,0.174440841726,300.000,254208.72102534556,3365227.5166208195
q_002,18,cw_s200_x254683.721_y3364952.517,0.0898052824135,200.000,254683.72102534556,3364952.5166208195
q_002,19,cw_s300_x254658.721_y3365227.517,0.274604415595,300.000,254658.72102534556,3365227.5166208195
q_002,20,cw_s300_x254208.721_y3364102.517,0.0362858226281,300.000,254208.72102534556,3364102.5166208195
q_003,1,cw_s200_x253933.721_y3364352.517,0.584709979739,200.000,253933.72102534556,3364352.5166208195
q_003,2,cw_s200_x253933.721_y3364952.517,0.510972051742,200.000,253933.72102534556,3364952.5166208195
q_003,3,cw_s200_x253933.721_y3364502.517,0.607235250225,200.000,253933.72102534556,3364502.5166208195
q_003,4,cw_s300_x253983.721_y3364327.517,0.542214894373,300.000,253983.72102534556,3364327.5166208195
q_003,5,cw_s200_x253933.721_y3364652.517,0.439128632808,200.000,253933.72102534556,3364652.5166208195
q_003,6,cw_s200_x253933.721_y3364802.517,0.48834401089,200.000,253933.72102534556,3364802.5166208195
q_003,7,cw_s300_x253983.721_y3364552.517,0.871255280671,300.000,253983.72102534556,3364552.5166208195
q_003,8,cw_s500_x254008.721_y3364502.517,0.684055794006,500.000,254008.72102534556,3364502.5166208195
q_003,9,cw_s200_x254083.721_y3364652.517,0.485593371619,200.000,254083.72102534556,3364652.5166208195
q_003,10,cw_s200_x254233.721_y3364952.517,0.304612706864,200.000,254233.72102534556,3364952.5166208195
q_003,11,cw_s300_x254208.721_y3365002.517,0.356309679096,300.000,254208.72102534556,3365002.5166208195
q_003,12,cw_s300_x254883.721_y3365227.517,0.407525225775,300.000,254883.72102534556,3365227.5166208195
q_003,13,cw_s200_x254233.721_y3365102.517,0.19044708251,200.000,254233.72102534556,3365102.5166208195
q_003,14,cw_s200_x254233.721_y3365252.517,0.245504010905,200.000,254233.72102534556,3365252.5166208195
q_003,15,cw_s200_x254683.721_y3365252.517,0.34354196455,200.000,254683.72102534556,3365252.5166208195
q_003,16,cw_s200_x254833.721_y3365102.517,0.430545126914,200.000,254833.72102534556,3365102.5166208195
q_003,17,cw_s200_x254833.721_y3365252.517,0.425416019055,200.000,254833.72102534556,3365252.5166208195
q_003,18,cw_s300_x254208.721_y3365227.517,0.146352901791,300.000,254208.72102534556,3365227.5166208195
q_003,19,cw_s300_x254658.721_y3365227.517,0.0947032179009,300.000,254658.72102534556,3365227.5166208195
q_003,20,cw_s500_x254758.721_y3364877.517,0.0865980798693,500.000,254758.72102534556,3364877.5166208195
q_004,1,cw_s200_x254383.721_y3364052.517,0.577604563338,200.000,254383.72102534556,3364052.5166208195
q_004,2,cw_s300_x254433.721_y3364102.517,0.86309336563,300.000,254433.72102534556,3364102.5166208195
q_004,3,cw_s200_x254533.721_y3364052.517,0.442028880017,200.000,254533.72102534556,3364052.5166208195
q_004,4,cw_s300_x254658.721_y3364327.517,0.672008647689,300.000,254658.72102534556,3364327.5166208195
q_004,5,cw_s500_x254383.721_y3364127.517,0.684530659868,500.000,254383.72102534556,3364127.5166208195
q_004,6,cw_s300_x254433.721_y3364327.517,0.392661267545,300.000,254433.72102534556,3364327.5166208195
q_004,7,cw_s200_x254683.721_y3364352.517,0.362601894036,200.000,254683.72102534556,3364352.5166208195
q_004,8,cw_s500_x254758.721_y3364502.517,0.239291715557,500.000,254758.72102534556,3364502.5166208195
q_004,9,cw_s300_x254658.721_y3364777.517,0.512029254607,300.000,254658.72102534556,3364777.5166208195
q_004,10,cw_s200_x254383.721_y3365252.517,0.265476044702,200.000,254383.72102534556,3365252.5166208195
q_004,11,cw_s300_x254658.721_y3364552.517,0.249672847495,300.000,254658.72102534556,3364552.5166208195
q_004,12,cw_s300_x254433.721_y3365227.517,0.140353163803,300.000,254433.72102534556,3365227.5166208195
q_004,13,cw_s300_x254208.721_y3364777.517,0.343606741763,300.000,254208.72102534556,3364777.5166208195
q_004,14,cw_s300_x253983.721_y3364777.517,0.0781708713316,300.000,253983.72102534556,3364777.5166208195
q_004,15,cw_s500_x254758.721_y3364877.517,0.143614246699,500.000,254758.72102534556,3364877.5166208195
q_004,16,cw_s500_x254383.721_y3364502.517,0.0601545123413,500.000,254383.72102534556,3364502.5166208195
q_004,17,cw_s700_x254783.721_y3364902.517,0.0869669201629,700.000,254783.72102534556,3364902.5166208195
q_004,18,cw_s500_x254008.721_y3364877.517,0.203050052863,500.000,254008.72102534556,3364877.5166208195
q_004,19,cw_s300_x254883.721_y3364777.517,0.0634804196014,300.000,254883.72102534556,3364777.5166208195
q_004,20,cw_s500_x254383.721_y3364877.517,0.0766159169059,500.000,254383.72102534556,3364877.5166208195
q_005,1,cw_s200_x254383.721_y3364202.517,0.53509287067,200.000,254383.72102534556,3364202.5166208195
q_005,2,cw_s300_x254433.721_y3364102.517,0.788080166356,300.000,254433.72102534556,3364102.5166208195
q_005,3,cw_s700_x254258.721_y3364377.517,0.634581685711,700.000,254258.72102534556,3364377.5166208195
q_005,4,cw_s500_x254383.721_y3364127.517,0.863695870005,500.000,254383.72102534556,3364127.5166208195
q_005,5,cw_s300_x254658.721_y3364327.517,0.70218588227,300.000,254658.72102534556,3364327.5166208195
q_005,6,cw_s300_x254433.721_y3364327.517,0.666319466119,300.000,254433.72102534556,3364327.5166208195
q_005,7,cw_s500_x254383.721_y3364502.517,0.752288694475,500.000,254383.72102534556,3364502.5166208195
q_005,8,cw_s300_x254208.721_y3364552.517,0.33240136815,300.000,254208.72102534556,3364552.5166208195
q_005,9,cw_s300_x254208.721_y3364777.517,0.30048905275,300.000,254208.72102534556,3364777.5166208195
q_005,10,cw_s500_x254383.721_y3364877.517,0.201784213576,500.000,254383.72102534556,3364877.5166208195
q_005,11,cw_s300_x254658.721_y3364552.517,0.370929556146,300.000,254658.72102534556,3364552.5166208195
q_005,12,cw_s300_x254883.721_y3364777.517,0.261295667548,300.000,254883.72102534556,3364777.5166208195
q_005,13,cw_s300_x254658.721_y3364777.517,0.346775284252,300.000,254658.72102534556,3364777.5166208195
q_005,14,cw_s500_x254758.721_y3364877.517,0.144328716407,500.000,254758.72102534556,3364877.5166208195
q_005,15,cw_s300_x254433.721_y3364552.517,0.276421044915,300.000,254433.72102534556,3364552.5166208195
q_005,16,cw_s700_x254258.721_y3364902.517,0.0883814022923,700.000,254258.72102534556,3364902.5166208195
q_005,17,cw_s500_x254008.721_y3364877.517,0.164420017091,500.000,254008.72102534556,3364877.5166208195
q_005,18,cw_s700_x254783.721_y3364902.517,0.122166763281,700.000,254783.72102534556,3364902.5166208195
q_005,19,cw_s500_x254758.721_y3364502.517,0.177296654566,500.000,254758.72102534556,3364502.5166208195
q_005,20,cw_s300_x253983.721_y3364777.517,0.0830228887218,300.000,253983.72102534556,3364777.5166208195
q_006,1,cw_s200_x253933.721_y3364952.517,0.910983683261,200.000,253933.72102534556,3364952.5166208195
q_006,2,cw_s300_x253983.721_y3365002.517,0.88730393352,300.000,253983.72102534556,3365002.5166208195
q_006,3,cw_s200_x254233.721_y3364952.517,0.485787841788,200.000,254233.72102534556,3364952.5166208195
q_006,4,cw_s300_x253983.721_y3364777.517,0.488392174184,300.000,253983.72102534556,3364777.5166208195
q_006,5,cw_s300_x254208.721_y3365227.517,0.438508235922,300.000,254208.72102534556,3365227.5166208195
q_006,6,cw_s300_x254208.721_y3365002.517,0.574976631046,300.000,254208.72102534556,3365002.5166208195
q_006,7,cw_s200_x253933.721_y3364802.517,0.728665460672,200.000,253933.72102534556,3364802.5166208195
q_006,8,cw_s500_x254008.721_y3364877.517,0.569957135465,500.000,254008.72102534556,3364877.5166208195
q_006,9,cw_s200_x254083.721_y3365102.517,0.366246730521,200.000,254083.72102534556,3365102.5166208195
q_006,10,cw_s200_x254233.721_y3364052.517,0.371755111537,200.000,254233.72102534556,3364052.5166208195
q_006,11,cw_s300_x254433.721_y3365227.517,0.259339459037,300.000,254433.72102534556,3365227.5166208195
q_006,12,cw_s200_x254683.721_y3364202.517,0.219598843417,200.000,254683.72102534556,3364202.5166208195
q_006,13,cw_s300_x254658.721_y3365227.517,0.345593532513,300.000,254658.72102534556,3365227.5166208195
q_006,14,cw_s200_x254683.721_y3365252.517,0.26315312075,200.000,254683.72102534556,3365252.5166208195
q_006,15,cw_s200_x254383.721_y3365252.517,0.259731523695,200.000,254383.72102534556,3365252.5166208195
q_006,16,cw_s300_x255108.721_y3365227.517,0.225366575516,300.000,255108.72102534556,3365227.5166208195
q_006,17,cw_s200_x254683.721_y3364952.517,0.116521922427,200.000,254683.72102534556,3364952.5166208195
q_006,18,cw_s300_x254883.721_y3365227.517,0.0200748833223,300.000,254883.72102534556,3365227.5166208195
q_006,19,cw_s300_x254208.721_y3364102.517,0.113099310042,300.000,254208.72102534556,3364102.5166208195
q_006,20,cw_s200_x255133.721_y3364202.517,0.0738786317247,200.000,255133.72102534556,3364202.5166208195
q_007,1,cw_s200_x254083.721_y3364802.517,1.01689194812,200.000,254083.72102534556,3364802.5166208195
q_007,2,cw_s200_x254083.721_y3364952.517,0.750667168234,200.000,254083.72102534556,3364952.5166208195
q_007,3,cw_s300_x253983.721_y3364777.517,0.791905390183,300.000,253983.72102534556,3364777.5166208195
q_007,4,cw_s300_x254208.721_y3364777.517,0.658270557793,300.000,254208.72102534556,3364777.5166208195
q_007,5,cw_s200_x254233.721_y3364802.517,0.565454369413,200.000,254233.72102534556,3364802.5166208195
q_007,6,cw_s500_x254008.721_y3364877.517,0.584841059724,500.000,254008.72102534556,3364877.5166208195
q_007,7,cw_s200_x254533.721_y3364052.517,0.49992815428,200.000,254533.72102534556,3364052.5166208195
q_007,8,cw_s200_x254683.721_y3364502.517,0.452290742476,200.000,254683.72102534556,3364502.5166208195
q_007,9,cw_s200_x254533.721_y3364652.517,0.344350722857,200.000,254533.72102534556,3364652.5166208195
q_007,10,cw_s200_x254383.721_y3365252.517,0.329146783347,200.000,254383.72102534556,3365252.5166208195
q_007,11,cw_s300_x254433.721_y3365227.517,0.238047329881,300.000,254433.72102534556,3365227.5166208195
q_007,12,cw_s200_x254383.721_y3364352.517,0.330077834433,200.000,254383.72102534556,3364352.5166208195
q_007,13,cw_s300_x254658.721_y3364777.517,0.600197475505,300.000,254658.72102534556,3364777.5166208195
q_007,14,cw_s200_x254683.721_y3364352.517,0.319865903044,200.000,254683.72102534556,3364352.5166208195
q_007,15,cw_s200_x254383.721_y3364052.517,0.380519594113,200.000,254383.72102534556,3364052.5166208195
q_007,16,cw_s200_x254533.721_y3364202.517,0.0870799977701,200.000,254533.72102534556,3364202.5166208195
q_007,17,cw_s300_x254883.721_y3364777.517,0.127925668105,300.000,254883.72102534556,3364777.5166208195
q_007,18,cw_s200_x254833.721_y3364802.517,0.295718332087,200.000,254833.72102534556,3364802.5166208195
q_007,19,cw_s300_x254658.721_y3364552.517,0.145063273144,300.000,254658.72102534556,3364552.5166208195
q_007,20,cw_s300_x254433.721_y3364102.517,0.401813350113,300.000,254433.72102534556,3364102.5166208195
q_008,1,cw_s300_x254433.721_y3364777.517,0.567259117359,300.000,254433.72102534556,3364777.5166208195
q_008,2,cw_s200_x254083.721_y3364652.517,0.625221533063,200.000,254083.72102534556,3364652.5166208195
q_008,3,cw_s200_x254233.721_y3364952.517,0.774459820519,200.000,254233.72102534556,3364952.5166208195
q_008,4,cw_s300_x254208.721_y3365002.517,0.925781398379,300.000,254208.72102534556,3365002.5166208195
q_008,5,cw_s200_x254083.721_y3364502.517,0.468189697909,200.000,254083.72102534556,3364502.5166208195
q_008,6,cw_s300_x253983.721_y3364777.517,0.51654130083,300.000,253983.72102534556,3364777.5166208195
q_008,7,cw_s300_x254208.721_y3364777.517,0.717988198434,300.000,254208.72102534556,3364777.5166208195
q_008,8,cw_s500_x254383.721_y3364877.517,0.434678749501,500.000,254383.72102534556,3364877.5166208195
q_008,9,cw_s500_x254008.721_y3364502.517,0.550254390588,500.000,254008.72102534556,3364502.5166208195
q_008,10,cw_s500_x254008.721_y3364877.517,0.580997030833,500.000,254008.72102534556,3364877.5166208195
q_008,11,cw_s700_x254258.721_y3364902.517,0.415565004833,700.000,254258.72102534556,3364902.5166208195
q_008,12,cw_s200_x254683.721_y3364352.517,0.389679594307,200.000,254683.72102534556,3364352.5166208195
q_008,13,cw_s300_x254208.721_y3365227.517,0.43380057469,300.000,254208.72102534556,3365227.5166208195
q_008,14,cw_s200_x254233.721_y3365252.517,0.229505444851,200.000,254233.72102534556,3365252.5166208195
q_008,15,cw_s300_x254658.721_y3364327.517,0.500292918352,300.000,254658.72102534556,3364327.5166208195
q_008,16,cw_s300_x254658.721_y3365227.517,0.182517274779,300.000,254658.72102534556,3365227.5166208195
q_008,17,cw_s500_x254758.721_y3364877.517,0.315091349986,500.000,254758.72102534556,3364877.5166208195
q_008,18,cw_s300_x254658.721_y3364777.517,0.235806946302,300.000,254658.72102534556,3364777.5166208195
q_008,19,cw_s700_x254783.721_y3364902.517,0.148823154244,700.000,254783.72102534556,3364902.5166208195
q_008,20,cw_s300_x254433.721_y3365227.517,0.0934158563943,300.000,254433.72102534556,3365227.5166208195
q_009,1,cw_s200_x254533.721_y3364052.517,0.673484452815,200.000,254533.72102534556,3364052.5166208195
q_009,2,cw_s200_x254833.721_y3364352.517,0.707503561271,200.000,254833.72102534556,3364352.5166208195
q_009,3,cw_s200_x254683.721_y3364202.517,0.835949652474,200.000,254683.72102534556,3364202.5166208195
q_009,4,cw_s300_x254658.721_y3364327.517,0.638528794206,300.000,254658.72102534556,3364327.5166208195
q_009,5,cw_s300_x254658.721_y3364102.517,0.704108195233,300.000,254658.72102534556,3364102.5166208195
q_009,6,cw_s200_x254533.721_y3365252.517,0.178374479651,200.000,254533.72102534556,3365252.5166208195
q_009,7,cw_s200_x254233.721_y3364652.517,0.300330652983,200.000,254233.72102534556,3364652.5166208195
q_009,8,cw_s300_x254883.721_y3365002.517,0.207915238925,300.000,254883.72102534556,3365002.5166208195
q_009,9,cw_s300_x254883.721_y3364552.517,0.441696551468,300.000,254883.72102534556,3364552.5166208195
q_009,10,cw_s200_x254533.721_y3364802.517,0.49204642035,200.000,254533.72102534556,3364802.5166208195
q_009,11,cw_s300_x254658.721_y3365227.517,0.27522055713,300.000,254658.72102534556,3365227.5166208195
q_009,12,cw_s200_x254383.721_y3365252.517,0.166287815625,200.000,254383.72102534556,3365252.5166208195
q_009,13,cw_s300_x254433.721_y3364777.517,0.559591157511,300.000,254433.72102534556,3364777.5166208195
q_009,14,cw_s300_x254433.721_y3365227.517,0.123527911215,300.000,254433.72102534556,3365227.5166208195
q_009,15,cw_s300_x254658.721_y3365002.517,0.0521441559734,300.000,254658.72102534556,3365002.5166208195
q_009,16,cw_s200_x254983.721_y3364652.517,0.451243459086,200.000,254983.72102534556,3364652.5166208195
q_009,17,cw_s200_x254383.721_y3364802.517,0.180493891853,200.000,254383.72102534556,3364802.5166208195
q_009,18,cw_s700_x254783.721_y3364902.517,0.21072832772,700.000,254783.72102534556,3364902.5166208195
q_009,19,cw_s500_x254758.721_y3364877.517,0.238628017364,500.000,254758.72102534556,3364877.5166208195
q_009,20,cw_s500_x254383.721_y3364877.517,0.178076552281,500.000,254383.72102534556,3364877.5166208195
q_010,1,cw_s200_x254383.721_y3364502.517,0.641766290382,200.000,254383.72102534556,3364502.5166208195
q_010,2,cw_s200_x254383.721_y3364202.517,0.576603586682,200.000,254383.72102534556,3364202.5166208195
q_010,3,cw_s200_x254383.721_y3364352.517,0.526243300388,200.000,254383.72102534556,3364352.5166208195
q_010,4,cw_s300_x254433.721_y3364102.517,0.655049483546,300.000,254433.72102534556,3364102.5166208195
q_010,5,cw_s300_x254433.721_y3364327.517,0.867552672172,300.000,254433.72102534556,3364327.5166208195
q_010,6,cw_s300_x254433.721_y3364552.517,0.768566200216,300.000,254433.72102534556,3364552.5166208195
q_010,7,cw_s300_x254658.721_y3364327.517,0.702149358611,300.000,254658.72102534556,3364327.5166208195
q_010,8,cw_s500_x254758.721_y3364502.517,0.578449147963,500.000,254758.72102534556,3364502.5166208195
q_010,9,cw_s500_x254383.721_y3364127.517,0.764856806857,500.000,254383.72102534556,3364127.5166208195
q_010,10,cw_s500_x254383.721_y3364502.517,0.796674816066,500.000,254383.72102534556,3364502.5166208195
q_010,11,cw_s700_x254258.721_y3364377.517,0.454866826726,700.000,254258.72102534556,3364377.5166208195
q_010,12,cw_s300_x254658.721_y3364552.517,0.558248549887,300.000,254658.72102534556,3364552.5166208195
q_010,13,cw_s300_x254883.721_y3364777.517,0.268322409036,300.000,254883.72102534556,3364777.5166208195
q_010,14,cw_s300_x254658.721_y3364777.517,0.161239617953,300.000,254658.72102534556,3364777.5166208195
q_010,15,cw_s300_x254208.721_y3364552.517,0.234444095896,300.000,254208.72102534556,3364552.5166208195
q_010,16,cw_s500_x254758.721_y3364877.517,0.0790800714294,500.000,254758.72102534556,3364877.5166208195
q_010,17,cw_s300_x254208.721_y3364777.517,0.0566515599553,300.000,254208.72102534556,3364777.5166208195
q_010,18,cw_s500_x254383.721_y3364877.517,0.044171571165,500.000,254383.72102534556,3364877.5166208195
q_010,19,cw_s700_x254258.721_y3364902.517,0.0385668604642,700.000,254258.72102534556,3364902.5166208195
q_010,20,cw_s700_x254783.721_y3364902.517,0.0540932902612,700.000,254783.72102534556,3364902.5166208195
q_011,1,cw_s200_x254083.721_y3364802.517,0.623161656692,200.000,254083.72102534556,3364802.5166208195
q_011,2,cw_s200_x254233.721_y3364802.517,0.628531548546,200.000,254233.72102534556,3364802.5166208195
q_011,3,cw_s300_x254208.721_y3365002.517,0.578590506518,300.000,254208.72102534556,3365002.5166208195
q_011,4,cw_s300_x254208.721_y3364777.517,0.875310947291,300.000,254208.72102534556,3364777.5166208195
q_011,5,cw_s700_x254783.721_y3364902.517,0.479719543008,700.000,254783.72102534556,3364902.5166208195
q_011,6,cw_s500_x254008.721_y3364877.517,0.789503286831,500.000,254008.72102534556,3364877.5166208195
q_011,7,cw_s300_x253983.721_y3364777.517,0.608572990511,300.000,253983.72102534556,3364777.5166208195
q_011,8,cw_s500_x254383.721_y3364877.517,0.446651267876,500.000,254383.72102534556,3364877.5166208195
q_011,9,cw_s700_x254258.721_y3364902.517,0.443045183192,700.000,254258.72102534556,3364902.5166208195
q_011,10,cw_s200_x254833.721_y3364802.517,0.228684780127,200.000,254833.72102534556,3364802.5166208195
q_011,11,cw_s300_x254658.721_y3364777.517,0.478902567496,300.000,254658.72102534556,3364777.5166208195
q_011,12,cw_s300_x254433.721_y3364327.517,0.166757601397,300.000,254433.72102534556,3364327.5166208195
q_011,13,cw_s300_x254658.721_y3364552.517,0.266403947925,300.000,254658.72102534556,3364552.5166208195
q_011,14,cw_s500_x254383.721_y3364127.517,0.274387099348,500.000,254383.72102534556,3364127.5166208195
q_011,15,cw_s300_x254433.721_y3365227.517,0.136408976436,300.000,254433.72102534556,3365227.5166208195
q_011,16,cw_s300_x254883.721_y3364777.517,0.285443578349,300.000,254883.72102534556,3364777.5166208195
q_011,17,cw_s200_x254683.721_y3364352.517,0.240249415338,200.000,254683.72102534556,3364352.5166208195
q_011,18,cw_s300_x254433.721_y3364102.517,0.259409849988,300.000,254433.72102534556,3364102.5166208195
q_011,19,cw_s500_x254758.721_y3364877.517,0.255353807535,500.000,254758.72102534556,3364877.5166208195
q_011,20,cw_s300_x254658.721_y3364327.517,0.247246560828,300.000,254658.72102534556,3364327.5166208195
q_012,1,cw_s200_x254233.721_y3364952.517,0.937917393641,200.000,254233.72102534556,3364952.5166208195
q_012,2,cw_s300_x254208.721_y3365002.517,0.96376632611,300.000,254208.72102534556,3365002.5166208195
q_012,3,cw_s300_x254208.721_y3364777.517,0.797032905898,300.000,254208.72102534556,3364777.5166208195
q_012,4,cw_s500_x254383.721_y3364877.517,0.443130666935,500.000,254383.72102534556,3364877.5166208195
q_012,5,cw_s200_x254083.721_y3364802.517,0.438248319257,200.000,254083.72102534556,3364802.5166208195
q_012,6,cw_s200_x254233.721_y3364802.517,0.476062660324,200.000,254233.72102534556,3364802.5166208195
q_012,7,cw_s200_x254233.721_y3365252.517,0.641747236335,200.000,254233.72102534556,3365252.5166208195
q_012,8,cw_s500_x254008.721_y3364877.517,0.701808357186,500.000,254008.72102534556,3364877.5166208195
q_012,9,cw_s300_x253983.721_y3365002.517,0.494061842574,300.000,253983.72102534556,3365002.5166208195
q_012,10,cw_s300_x254208.721_y3365227.517,0.713323941909,300.000,254208.72102534556,3365227.5166208195
q_012,11,cw_s300_x253983.721_y3364777.517,0.512113269952,300.000,253983.72102534556,3364777.5166208195
q_012,12,cw_s300_x254433.721_y3365227.517,0.379267649931,300.000,254433.72102534556,3365227.5166208195
q_012,13,cw_s700_x254258.721_y3364902.517,0.421835625589,700.000,254258.72102534556,3364902.5166208195
q_012,14,cw_s200_x253933.721_y3364802.517,0.356614304001,200.000,253933.72102534556,3364802.5166208195
q_012,15,cw_s200_x254083.721_y3364652.517,0.224411473196,200.000,254083.72102534556,3364652.5166208195
q_012,16,cw_s300_x254658.721_y3364327.517,0.205537946639,300.000,254658.72102534556,3364327.5166208195
q_012,17,cw_s200_x254683.721_y3364352.517,0.0855264662381,200.000,254683.72102534556,3364352.5166208195
q_012,18,cw_s300_x254658.721_y3364777.517,0.127557136673,300.000,254658.72102534556,3364777.5166208195
q_012,19,cw_s500_x254008.721_y3364502.517,0.151594093589,500.000,254008.72102534556,3364502.5166208195
q_012,20,cw_s500_x254758.721_y3364877.517,0.159014990624,500.000,254758.72102534556,3364877.5166208195
q_013,1,cw_s200_x254233.721_y3364802.517,0.659343884306,200.000,254233.72102534556,3364802.5166208195
q_013,2,cw_s300_x254208.721_y3365002.517,0.589154001599,300.000,254208.72102534556,3365002.5166208195
q_013,3,cw_s300_x254433.721_y3364777.517,0.642534697275,300.000,254433.72102534556,3364777.5166208195
q_013,4,cw_s300_x254208.721_y3364777.517,0.86801568629,300.000,254208.72102534556,3364777.5166208195
q_013,5,cw_s500_x254383.721_y3364502.517,0.431501077672,500.000,254383.72102534556,3364502.5166208195
q_013,6,cw_s300_x254208.721_y3364552.517,0.390082878635,300.000,254208.72102534556,3364552.5166208195
q_013,7,cw_s500_x254008.721_y3364877.517,0.779019040269,500.000,254008.72102534556,3364877.5166208195
q_013,8,cw_s300_x253983.721_y3364777.517,0.473770357953,300.000,253983.72102534556,3364777.5166208195
q_013,9,cw_s500_x254383.721_y3364877.517,0.769734375034,500.000,254383.72102534556,3364877.5166208195
q_013,10,cw_s300_x254658.721_y3364777.517,0.513982512054,300.000,254658.72102534556,3364777.5166208195
q_013,11,cw_s700_x254783.721_y3364902.517,0.647586631205,700.000,254783.72102534556,3364902.5166208195
q_013,12,cw_s300_x254433.721_y3365227.517,0.555169307441,300.000,254433.72102534556,3365227.5166208195
q_013,13,cw_s700_x254258.721_y3364902.517,0.691385181379,700.000,254258.72102534556,3364902.5166208195
q_013,14,cw_s500_x254758.721_y3364877.517,0.7010107478,500.000,254758.72102534556,3364877.5166208195
q_013,15,cw_s300_x254658.721_y3364327.517,0.477984606122,300.000,254658.72102534556,3364327.5166208195
q_013,16,cw_s200_x254383.721_y3365252.517,0.28013876925,200.000,254383.72102534556,3365252.5166208195
q_013,17,cw_s200_x254683.721_y3364352.517,0.147834050791,200.000,254683.72102534556,3364352.5166208195
q_013,18,cw_s300_x254433.721_y3364102.517,0.291653391826,300.000,254433.72102534556,3364102.5166208195
q_013,19,cw_s500_x254758.721_y3364502.517,0.104711685667,500.000,254758.72102534556,3364502.5166208195
q_013,20,cw_s500_x254383.721_y3364127.517,0.229991434123,500.000,254383.72102534556,3364127.5166208195
q_014,1,cw_s200_x254533.721_y3364352.517,0.561787740636,200.000,254533.72102534556,3364352.5166208195
q_014,2,cw_s200_x254383.721_y3364352.517,0.501105062272,200.000,254383.72102534556,3364352.5166208195
q_014,3,cw_s200_x254383.721_y3364502.517,0.602768315985,200.000,254383.72102534556,3364502.5166208195
q_014,4,cw_s300_x254208.721_y3364552.517,0.5284667144,300.000,254208.72102534556,3364552.5166208195
q_014,5,cw_s300_x254433.721_y3364327.517,0.848188134684,300.000,254433.72102534556,3364327.5166208195
q_014,6,cw_s300_x254433.721_y3364552.517,0.76219178841,300.000,254433.72102534556,3364552.5166208195
q_014,7,cw_s300_x254658.721_y3364327.517,0.678137172223,300.000,254658.72102534556,3364327.5166208195
q_014,8,cw_s300_x254433.721_y3364102.517,0.518141061497,300.000,254433.72102534556,3364102.5166208195
q_014,9,cw_s700_x254783.721_y3364902.517,0.448196264922,700.000,254783.72102534556,3364902.5166208195
q_014,10,cw_s700_x254258.721_y3364902.517,0.43355533672,700.000,254258.72102534556,3364902.5166208195
q_014,11,cw_s500_x254383.721_y3364502.517,0.831316968671,500.000,254383.72102534556,3364502.5166208195
q_014,12,cw_s200_x254383.721_y3364202.517,0.431275459675,200.000,254383.72102534556,3364202.5166208195
q_014,13,cw_s500_x254758.721_y3364877.517,0.446792570077,500.000,254758.72102534556,3364877.5166208195
q_014,14,cw_s500_x254758.721_y3364502.517,0.558330226112,500.000,254758.72102534556,3364502.5166208195
q_014,15,cw_s300_x254658.721_y3364552.517,0.525057768493,300.000,254658.72102534556,3364552.5166208195
q_014,16,cw_s500_x254383.721_y3364127.517,0.709583704059,500.000,254383.72102534556,3364127.5166208195
q_014,17,cw_s700_x254258.721_y3364377.517,0.534221300828,700.000,254258.72102534556,3364377.5166208195
q_014,18,cw_s500_x254383.721_y3364877.517,0.342745297731,500.000,254383.72102534556,3364877.5166208195
q_014,19,cw_s300_x254883.721_y3364777.517,0.289489945997,300.000,254883.72102534556,3364777.5166208195
q_014,20,cw_s300_x254208.721_y3364777.517,0.153423766101,300.000,254208.72102534556,3364777.5166208195
q_015,1,cw_s200_x254833.721_y3364052.517,0.830621806217,200.000,254833.72102534556,3364052.5166208195
q_015,2,cw_s200_x254833.721_y3363902.517,0.662988483175,200.000,254833.72102534556,3363902.5166208195
q_015,3,cw_s200_x254983.721_y3364052.517,0.658437895459,200.000,254983.72102534556,3364052.5166208195
q_015,4,cw_s300_x255108.721_y3364327.517,0.858975971273,300.000,255108.72102534556,3364327.5166208195
q_015,5,cw_s200_x254683.721_y3363902.517,0.574201316341,200.000,254683.72102534556,3363902.5166208195
q_015,6,cw_s200_x254983.721_y3364202.517,0.68262884952,200.000,254983.72102534556,3364202.5166208195
q_015,7,cw_s200_x254683.721_y3364052.517,0.685999984849,200.000,254683.72102534556,3364052.5166208195
q_015,8,cw_s300_x254883.721_y3364102.517,0.886097531595,300.000,254883.72102534556,3364102.5166208195
q_015,9,cw_s200_x254833.721_y3364352.517,0.577187136623,200.000,254833.72102534556,3364352.5166208195
q_015,10,cw_s300_x254658.721_y3364102.517,0.616287318494,300.000,254658.72102534556,3364102.5166208195
q_015,11,cw_s200_x254983.721_y3364352.517,0.78184587204,200.000,254983.72102534556,3364352.5166208195
q_015,12,cw_s300_x254883.721_y3364327.517,0.829153089127,300.000,254883.72102534556,3364327.5166208195
q_015,13,cw_s200_x254833.721_y3364202.517,0.528893030077,200.000,254833.72102534556,3364202.5166208195
q_015,14,cw_s300_x255108.721_y3364102.517,0.501015197223,300.000,255108.72102534556,3364102.5166208195
q_015,15,cw_s500_x254758.721_y3364127.517,0.665758285551,500.000,254758.72102534556,3364127.5166208195
q_015,16,cw_s200_x254083.721_y3364052.517,0.163870410335,200.000,254083.72102534556,3364052.5166208195
q_015,17,cw_s200_x254233.721_y3364652.517,0.178755306908,200.000,254233.72102534556,3364652.5166208195
q_015,18,cw_s300_x253983.721_y3364327.517,0.0381039076068,300.000,253983.72102534556,3364327.5166208195
q_015,19,cw_s300_x254883.721_y3365002.517,0.143825745899,300.000,254883.72102534556,3365002.5166208195
q_015,20,cw_s500_x254008.721_y3364127.517,0.0156120399985,500.000,254008.72102534556,3364127.5166208195
q_016,1,cw_s200_x254683.721_y3364202.517,0.62186203752,200.000,254683.72102534556,3364202.5166208195
q_016,2,cw_s200_x254683.721_y3364352.517,0.60997262938,200.000,254683.72102534556,3364352.5166208195
q_016,3,cw_s300_x254658.721_y3364327.517,0.914833747415,300.000,254658.72102534556,3364327.5166208195
q_016,4,cw_s300_x254883.721_y3364552.517,0.597016444822,300.000,254883.72102534556,3364552.5166208195
q_016,5,cw_s300_x254433.721_y3364102.517,0.398129642992,300.000,254433.72102534556,3364102.5166208195
q_016,6,cw_s500_x254758.721_y3364502.517,0.69406901489,500.000,254758.72102534556,3364502.5166208195
q_016,7,cw_s500_x254383.721_y3364502.517,0.499800980597,500.000,254383.72102534556,3364502.5166208195
q_016,8,cw_s700_x254258.721_y3364377.517,0.434366801237,700.000,254258.72102534556,3364377.5166208195
q_016,9,cw_s500_x254383.721_y3364127.517,0.65824086652,500.000,254383.72102534556,3364127.5166208195
q_016,10,cw_s300_x254433.721_y3364327.517,0.371924047953,300.000,254433.72102534556,3364327.5166208195
q_016,11,cw_s700_x254783.721_y3364377.517,0.589043477996,700.000,254783.72102534556,3364377.5166208195
q_016,12,cw_s200_x254983.721_y3364652.517,0.272082404956,200.000,254983.72102534556,3364652.5166208195
q_016,13,cw_s500_x254008.721_y3364877.517,0.216418999128,500.000,254008.72102534556,3364877.5166208195
q_016,14,cw_s500_x254383.721_y3364877.517,0.441121037505,500.000,254383.72102534556,3364877.5166208195
q_016,15,cw_s500_x254758.721_y3364877.517,0.343962975309,500.000,254758.72102534556,3364877.5166208195
q_016,16,cw_s300_x254433.721_y3365227.517,0.0628148359713,300.000,254433.72102534556,3365227.5166208195
q_016,17,cw_s300_x254433.721_y3364777.517,0.302576210186,300.000,254433.72102534556,3364777.5166208195
q_016,18,cw_s200_x254383.721_y3364802.517,0.0122598727705,200.000,254383.72102534556,3364802.5166208195
q_016,19,cw_s700_x254783.721_y3364902.517,0.368045910461,700.000,254783.72102534556,3364902.5166208195
q_016,20,cw_s700_x254258.721_y3364902.517,0.247720889101,700.000,254258.72102534556,3364902.5166208195
q_017,1,cw_s200_x254383.721_y3365252.517,0.782889790903,200.000,254383.72102534556,3365252.5166208195
q_017,2,cw_s300_x254208.721_y3365227.517,0.508164119775,300.000,254208.72102534556,3365227.5166208195
q_017,3,cw_s300_x254433.721_y3365227.517,0.806138050672,300.000,254433.72102534556,3365227.5166208195
q_017,4,cw_s300_x254208.721_y3365002.517,0.621865161644,300.000,254208.72102534556,3365002.5166208195
q_017,5,cw_s500_x254008.721_y3364877.517,0.717905485352,500.000,254008.72102534556,3364877.5166208195
q_017,6,cw_s300_x254658.721_y3365227.517,0.398992951391,300.000,254658.72102534556,3365227.5166208195
q_017,7,cw_s700_x254783.721_y3364902.517,0.727024940689,700.000,254783.72102534556,3364902.5166208195
q_017,8,cw_s700_x254258.721_y3364902.517,0.60176405447,700.000,254258.72102534556,3364902.5166208195
q_017,9,cw_s500_x254383.721_y3364877.517,0.590297640723,500.000,254383.72102534556,3364877.5166208195
q_017,10,cw_s300_x254208.721_y3364777.517,0.491120725561,300.000,254208.72102534556,3364777.5166208195
q_017,11,cw_s300_x254658.721_y3365002.517,0.434612359818,300.000,254658.72102534556,3365002.5166208195
q_017,12,cw_s300_x253983.721_y3364777.517,0.238065166702,300.000,253983.72102534556,3364777.5166208195
q_017,13,cw_s500_x254758.721_y3364877.517,0.614020468707,500.000,254758.72102534556,3364877.5166208195
q_017,14,cw_s500_x254383.721_y3364127.517,0.251400116342,500.000,254383.72102534556,3364127.5166208195
q_017,15,cw_s200_x254533.721_y3364052.517,0.183833376469,200.000,254533.72102534556,3364052.5166208195
q_017,16,cw_s300_x254658.721_y3364327.517,0.570660242916,300.000,254658.72102534556,3364327.5166208195
q_017,17,cw_s200_x254683.721_y3364352.517,0.350421252729,200.000,254683.72102534556,3364352.5166208195
q_017,18,cw_s300_x254433.721_y3364777.517,0.124872578263,300.000,254433.72102534556,3364777.5166208195
q_017,19,cw_s300_x254658.721_y3364777.517,0.120729443687,300.000,254658.72102534556,3364777.5166208195
q_017,20,cw_s300_x254433.721_y3364102.517,0.0808404084038,300.000,254433.72102534556,3364102.5166208195
q_018,1,cw_s200_x254383.721_y3364952.517,0.591344689379,200.000,254383.72102534556,3364952.5166208195
q_018,2,cw_s200_x254533.721_y3364952.517,0.87739181343,200.000,254533.72102534556,3364952.5166208195
q_018,3,cw_s200_x254383.721_y3365102.517,0.497066590994,200.000,254383.72102534556,3365102.5166208195
q_018,4,cw_s300_x254433.721_y3364777.517,0.414015486984,300.000,254433.72102534556,3364777.5166208195
q_018,5,cw_s200_x254383.721_y3365252.517,0.502952969092,200.000,254383.72102534556,3365252.5166208195
q_018,6,cw_s300_x254433.721_y3365002.517,0.845076102775,300.000,254433.72102534556,3365002.5166208195
q_018,7,cw_s300_x254208.721_y3364777.517,0.415274990003,300.000,254208.72102534556,3364777.5166208195
q_018,8,cw_s500_x254008.721_y3364877.517,0.427279158588,500.000,254008.72102534556,3364877.5166208195
q_018,9,cw_s200_x254533.721_y3365102.517,0.554393196009,200.000,254533.72102534556,3365102.5166208195
q_018,10,cw_s200_x254683.721_y3365102.517,0.548262053434,200.000,254683.72102534556,3365102.5166208195
q_018,11,cw_s700_x254783.721_y3364902.517,0.411098149093,700.000,254783.72102534556,3364902.5166208195
q_018,12,cw_s300_x254433.721_y3365227.517,0.766962628807,300.000,254433.72102534556,3365227.5166208195
q_018,13,cw_s300_x254658.721_y3365002.517,0.814755351516,300.000,254658.72102534556,3365002.5166208195
q_018,14,cw_s500_x254758.721_y3364877.517,0.590757143718,500.000,254758.72102534556,3364877.5166208195
q_018,15,cw_s500_x254383.721_y3364877.517,0.681712602253,500.000,254383.72102534556,3364877.5166208195
q_018,16,cw_s500_x254383.721_y3364127.517,0.241480670894,500.000,254383.72102534556,3364127.5166208195
q_018,17,cw_s300_x254658.721_y3364327.517,0.20136464218,300.000,254658.72102534556,3364327.5166208195
q_018,18,cw_s300_x254208.721_y3364327.517,0.114465482923,300.000,254208.72102534556,3364327.5166208195
q_018,19,cw_s300_x254208.721_y3364552.517,0.0622620178636,300.000,254208.72102534556,3364552.5166208195
q_018,20,cw_s300_x254433.721_y3364327.517,0.0330498285189,300.000,254433.72102534556,3364327.5166208195
q_019,1,cw_s200_x254533.721_y3364802.517,0.585478113944,200.000,254533.72102534556,3364802.5166208195
q_019,2,cw_s200_x254383.721_y3364802.517,0.556784821665,200.000,254383.72102534556,3364802.5166208195
q_019,3,cw_s200_x254533.721_y3364952.517,0.52697353976,200.000,254533.72102534556,3364952.5166208195
q_019,4,cw_s300_x254208.721_y3364552.517,0.455082913647,300.000,254208.72102534556,3364552.5166208195
q_019,5,cw_s300_x254433.721_y3364777.517,0.859744978301,300.000,254433.72102534556,3364777.5166208195
q_019,6,cw_s300_x254433.721_y3365002.517,0.407207810663,300.000,254433.72102534556,3365002.5166208195
q_019,7,cw_s300_x254658.721_y3364777.517,0.41198674849,300.000,254658.72102534556,3364777.5166208195
q_019,8,cw_s300_x254208.721_y3364777.517,0.462979601783,300.000,254208.72102534556,3364777.5166208195
q_019,9,cw_s500_x254383.721_y3364502.517,0.42069112159,500.000,254383.72102534556,3364502.5166208195
q_019,10,cw_s700_x254783.721_y3364902.517,0.7146633379,700.000,254783.72102534556,3364902.5166208195
q_019,11,cw_s300_x254658.721_y3365002.517,0.481107298312,300.000,254658.72102534556,3365002.5166208195
q_019,12,cw_s500_x254758.721_y3364877.517,0.78799840045,500.000,254758.72102534556,3364877.5166208195
q_019,13,cw_s500_x254758.721_y3364502.517,0.322934310869,500.000,254758.72102534556,3364502.5166208195
q_019,14,cw_s500_x254383.721_y3364877.517,0.802296749127,500.000,254383.72102534556,3364877.5166208195
q_019,15,cw_s300_x254433.721_y3365227.517,0.431193128764,300.000,254433.72102534556,3365227.5166208195
q_019,16,cw_s700_x254258.721_y3364902.517,0.496291129126,700.000,254258.72102534556,3364902.5166208195
q_019,17,cw_s500_x254008.721_y3364877.517,0.35063475665,500.000,254008.72102534556,3364877.5166208195
q_019,18,cw_s300_x254433.721_y3364327.517,0.165845037079,300.000,254433.72102534556,3364327.5166208195
q_019,19,cw_s300_x254658.721_y3364327.517,0.327562068208,300.000,254658.72102534556,3364327.5166208195
q_019,20,cw_s500_x254383.721_y3364127.517,0.179842179143,500.000,254383.72102534556,3364127.5166208195
q_020,1,cw_s200_x254983.721_y3364052.517,0.715044676064,200.000,254983.72102534556,3364052.5166208195
q_020,2,cw_s200_x254983.721_y3364202.517,0.845063122598,200.000,254983.72102534556,3364202.5166208195
q_020,3,cw_s300_x254883.721_y3364327.517,0.883073918262,300.000,254883.72102534556,3364327.5166208195
q_020,4,cw_s200_x254833.721_y3364052.517,0.666667315636,200.000,254833.72102534556,3364052.5166208195
q_020,5,cw_s200_x254833.721_y3363902.517,0.522693008132,200.000,254833.72102534556,3363902.5166208195
q_020,6,cw_s300_x254883.721_y3364102.517,0.888356994549,300.000,254883.72102534556,3364102.5166208195
q_020,7,cw_s200_x254683.721_y3364052.517,0.518899579402,200.000,254683.72102534556,3364052.5166208195
q_020,8,cw_s200_x254683.721_y3364202.517,0.417244599753,200.000,254683.72102534556,3364202.5166208195
q_020,9,cw_s200_x254983.721_y3364352.517,0.752830497181,200.000,254983.72102534556,3364352.5166208195
q_020,10,cw_s200_x254833.721_y3364202.517,0.503228958787,200.000,254833.72102534556,3364202.5166208195
q_020,11,cw_s300_x254658.721_y3364102.517,0.558544194796,300.000,254658.72102534556,3364102.5166208195
q_020,12,cw_s300_x255108.721_y3364102.517,0.618889362632,300.000,255108.72102534556,3364102.5166208195
q_020,13,cw_s300_x255108.721_y3364327.517,0.781614755666,300.000,255108.72102534556,3364327.5166208195
q_020,14,cw_s500_x254758.721_y3364127.517,0.611831737716,500.000,254758.72102534556,3364127.5166208195
q_020,15,cw_s200_x254683.721_y3363902.517,0.372307919515,200.000,254683.72102534556,3363902.5166208195
q_020,16,cw_s200_x254833.721_y3364352.517,0.354572957956,200.000,254833.72102534556,3364352.5166208195
q_020,17,cw_s200_x254233.721_y3364652.517,0.231782925652,200.000,254233.72102534556,3364652.5166208195
q_020,18,cw_s300_x254883.721_y3365002.517,0.18817772834,300.000,254883.72102534556,3365002.5166208195
q_020,19,cw_s300_x254658.721_y3365227.517,0.0132967983471,300.000,254658.72102534556,3365227.5166208195
q_020,20,cw_s500_x254008.721_y3364127.517,0.0559806321182,500.000,254008.72102534556,3364127.5166208195
q_021,1,cw_s200_x254983.721_y3364052.517,0.705116981988,200.000,254983.72102534556,3364052.5166208195
q_021,2,cw_s200_x254983.721_y3364202.517,0.846860958638,200.000,254983.72102534556,3364202.5166208195
q_021,3,cw_s300_x254883.721_y3364327.517,0.91927960444,300.000,254883.72102534556,3364327.5166208195
q_021,4,cw_s200_x254983.721_y3364352.517,0.840227009226,200.000,254983.72102534556,3364352.5166208195
q_021,5,cw_s200_x254833.721_y3364052.517,0.709849197322,200.000,254833.72102534556,3364052.5166208195
q_021,6,cw_s200_x254683.721_y3364052.517,0.557474283529,200.000,254683.72102534556,3364052.5166208195
q_021,7,cw_s200_x254833.721_y3364352.517,0.552067709373,200.000,254833.72102534556,3364352.5166208195
q_021,8,cw_s200_x254833.721_y3363902.517,0.490766128343,200.000,254833.72102534556,3363902.5166208195
q_021,9,cw_s300_x254883.721_y3364102.517,0.879389898296,300.000,254883.72102534556,3364102.5166208195
q_021,10,cw_s200_x254683.721_y3364202.517,0.407420197783,200.000,254683.72102534556,3364202.5166208195
q_021,11,cw_s200_x254833.721_y3364202.517,0.50779225556,200.000,254833.72102534556,3364202.5166208195
q_021,12,cw_s300_x254658.721_y3364102.517,0.550635098355,300.000,254658.72102534556,3364102.5166208195
q_021,13,cw_s300_x255108.721_y3364327.517,0.814790707987,300.000,255108.72102534556,3364327.5166208195
q_021,14,cw_s300_x255108.721_y3364102.517,0.653454943075,300.000,255108.72102534556,3364102.5166208195
q_021,15,cw_s500_x254758.721_y3364127.517,0.707968759111,500.000,254758.72102534556,3364127.5166208195
q_021,16,cw_s200_x254233.721_y3364652.517,0.27844483312,200.000,254233.72102534556,3364652.5166208195
q_021,17,cw_s500_x254008.721_y3364502.517,0.00285709578128,500.000,254008.72102534556,3364502.5166208195
q_021,18,cw_s500_x254008.721_y3364127.517,0.0682468956632,500.000,254008.72102534556,3364127.5166208195
q_021,19,cw_s300_x255108.721_y3365002.517,0.064175165395,300.000,255108.72102534556,3365002.5166208195
q_021,20,cw_s300_x254883.721_y3365002.517,0.188824336577,300.000,254883.72102534556,3365002.5166208195
q_022,1,cw_s200_x254983.721_y3364202.517,0.831041344045,200.000,254983.72102534556,3364202.5166208195
q_022,2,cw_s200_x254983.721_y3364052.517,0.515982590366,200.000,254983.72102534556,3364052.5166208195
q_022,3,cw_s200_x254983.721_y3364352.517,0.856242263954,200.000,254983.72102534556,3364352.5166208195
q_022,4,cw_s300_x254883.721_y3364327.517,0.911704543163,300.000,254883.72102534556,3364327.5166208195
q_022,5,cw_s200_x254833.721_y3363902.517,0.484236741253,200.000,254833.72102534556,3363902.5166208195
q_022,6,cw_s200_x254683.721_y3364052.517,0.53671919612,200.000,254683.72102534556,3364052.5166208195
q_022,7,cw_s200_x254833.721_y3364052.517,0.744980430389,200.000,254833.72102534556,3364052.5166208195
q_022,8,cw_s200_x254833.721_y3364202.517,0.596785408728,200.000,254833.72102534556,3364202.5166208195
q_022,9,cw_s200_x254833.721_y3364352.517,0.542315525852,200.000,254833.72102534556,3364352.5166208195
q_022,10,cw_s200_x254683.721_y3364202.517,0.467164689898,200.000,254683.72102534556,3364202.5166208195
q_022,11,cw_s300_x254883.721_y3364102.517,0.835665573566,300.000,254883.72102534556,3364102.5166208195
q_022,12,cw_s300_x255108.721_y3364102.517,0.646111342238,300.000,255108.72102534556,3364102.5166208195
q_022,13,cw_s300_x254658.721_y3364102.517,0.585614963452,300.000,254658.72102534556,3364102.5166208195
q_022,14,cw_s300_x255108.721_y3364327.517,0.792977623945,300.000,255108.72102534556,3364327.5166208195
q_022,15,cw_s200_x255133.721_y3364202.517,0.347667600895,200.000,255133.72102534556,3364202.5166208195
q_022,16,cw_s500_x254758.721_y3364127.517,0.615294349614,500.000,254758.72102534556,3364127.5166208195
q_022,17,cw_s200_x254233.721_y3364652.517,0.250394132845,200.000,254233.72102534556,3364652.5166208195
q_022,18,cw_s300_x254658.721_y3365227.517,0.205349895463,300.000,254658.72102534556,3365227.5166208195
q_022,19,cw_s500_x254008.721_y3364502.517,0.0690695155011,500.000,254008.72102534556,3364502.5166208195
q_022,20,cw_s300_x254883.721_y3365002.517,0.205958826986,300.000,254883.72102534556,3365002.5166208195
q_023,1,cw_s200_x254983.721_y3364352.517,0.591486339821,200.000,254983.72102534556,3364352.5166208195
q_023,2,cw_s200_x254833.721_y3364352.517,0.873543386094,200.000,254833.72102534556,3364352.5166208195
q_023,3,cw_s300_x254883.721_y3364327.517,0.77440702618,300.000,254883.72102534556,3364327.5166208195
q_023,4,cw_s300_x254883.721_y3364552.517,0.674259456519,300.000,254883.72102534556,3364552.5166208195
q_023,5,cw_s200_x254683.721_y3364202.517,0.782487772332,200.000,254683.72102534556,3364202.5166208195
q_023,6,cw_s200_x254983.721_y3364652.517,0.864976454098,200.000,254983.72102534556,3364652.5166208195
q_023,7,cw_s200_x254833.721_y3364202.517,0.561546149905,200.000,254833.72102534556,3364202.5166208195
q_023,8,cw_s300_x254883.721_y3364102.517,0.432660594981,300.000,254883.72102534556,3364102.5166208195
q_023,9,cw_s300_x254658.721_y3364102.517,0.712435000878,300.000,254658.72102534556,3364102.5166208195
q_023,10,cw_s300_x255108.721_y3364327.517,0.522833112457,300.000,255108.72102534556,3364327.5166208195
q_023,11,cw_s500_x254758.721_y3364127.517,0.559505004513,500.000,254758.72102534556,3364127.5166208195
q_023,12,cw_s700_x254783.721_y3364902.517,0.321115274485,700.000,254783.72102534556,3364902.5166208195
q_023,13,cw_s700_x254783.721_y3364377.517,0.39654581195,700.000,254783.72102534556,3364377.5166208195
q_023,14,cw_s200_x254533.721_y3364802.517,0.2648137144,200.000,254533.72102534556,3364802.5166208195
q_023,15,cw_s300_x254433.721_y3364777.517,0.291069828633,300.000,254433.72102534556,3364777.5166208195
q_023,16,cw_s300_x255108.721_y3364777.517,0.272009501214,300.000,255108.72102534556,3364777.5166208195
q_023,17,cw_s300_x254883.721_y3365002.517,0.0711771831108,300.000,254883.72102534556,3365002.5166208195
q_023,18,cw_s200_x253783.721_y3364502.517,0.0976274176295,200.000,253783.72102534556,3364502.5166208195
q_023,19,cw_s500_x254008.721_y3364502.517,0.0658419137218,500.000,254008.72102534556,3364502.5166208195
q_023,20,cw_s500_x254758.721_y3364877.517,0.0115486309685,500.000,254758.72102534556,3364877.5166208195
q_024,1,cw_s200_x254683.721_y3364652.517,0.71051382329,200.000,254683.72102534556,3364652.5166208195
q_024,2,cw_s200_x254683.721_y3364502.517,0.545781284093,200.000,254683.72102534556,3364502.5166208195
q_024,3,cw_s200_x254833.721_y3364652.517,0.662797370645,200.000,254833.72102534556,3364652.5166208195
q_024,4,cw_s300_x254658.721_y3364777.517,0.745070383964,300.000,254658.72102534556,3364777.5166208195
q_024,5,cw_s200_x254833.721_y3364802.517,0.684267288783,200.000,254833.72102534556,3364802.5166208195
q_024,6,cw_s200_x254533.721_y3364652.517,0.532328987947,200.000,254533.72102534556,3364652.5166208195
q_024,7,cw_s300_x254658.721_y3364552.517,0.853202455814,300.000,254658.72102534556,3364552.5166208195
q_024,8,cw_s200_x254683.721_y3364352.517,0.407301935327,200.000,254683.72102534556,3364352.5166208195
q_024,9,cw_s300_x254658.721_y3364327.517,0.509073287052,300.000,254658.72102534556,3364327.5166208195
q_024,10,cw_s300_x254883.721_y3364777.517,0.813281710308,300.000,254883.72102534556,3364777.5166208195
q_024,11,cw_s500_x254758.721_y3364502.517,0.440470180586,500.000,254758.72102534556,3364502.5166208195
q_024,12,cw_s500_x254383.721_y3364502.517,0.375591648863,500.000,254383.72102534556,3364502.5166208195
q_024,13,cw_s500_x254383.721_y3364127.517,0.45343272946,500.000,254383.72102534556,3364127.5166208195
q_024,14,cw_s200_x254533.721_y3364202.517,0.278658554022,200.000,254533.72102534556,3364202.5166208195
q_024,15,cw_s300_x254433.721_y3364327.517,0.458922418241,300.000,254433.72102534556,3364327.5166208195
q_024,16,cw_s200_x254083.721_y3364802.517,0.30496850217,200.000,254083.72102534556,3364802.5166208195
q_024,17,cw_s200_x254383.721_y3364052.517,0.22538079934,200.000,254383.72102534556,3364052.5166208195
q_024,18,cw_s300_x254433.721_y3364102.517,0.455229123602,300.000,254433.72102534556,3364102.5166208195
q_024,19,cw_s300_x254208.721_y3364777.517,0.144874312785,300.000,254208.72102534556,3364777.5166208195
q_024,20,cw_s200_x254383.721_y3364352.517,0.237820501355,200.000,254383.72102534556,3364352.5166208195
q_025,1,cw_s200_x254533.721_y3365252.517,0.84178554301,200.000,254533.72102534556,3365252.5166208195
q_025,2,cw_s200_x254383.721_y3365252.517,0.772971975554,200.000,254383.72102534556,3365252.5166208195
q_025,3,cw_s300_x254658.721_y3365227.517,0.688239113633,300.000,254658.72102534556,3365227.5166208195
q_025,4,cw_s200_x254683.721_y3365102.517,0.544599676673,200.000,254683.72102534556,3365102.5166208195
q_025,5,cw_s300_x254433.721_y3365227.517,0.841787247865,300.000,254433.72102534556,3365227.5166208195
q_025,6,cw_s700_x254783.721_y3364902.517,0.452679149555,700.000,254783.72102534556,3364902.5166208195
q_025,7,cw_s300_x254658.721_y3365002.517,0.680674540068,300.000,254658.72102534556,3365002.5166208195
q_025,8,cw_s200_x254383.721_y3365102.517,0.369092838571,200.000,254383.72102534556,3365102.5166208195
q_025,9,cw_s200_x254533.721_y3364952.517,0.509465404395,200.000,254533.72102534556,3364952.5166208195
q_025,10,cw_s300_x254433.721_y3365002.517,0.448007458102,300.000,254433.72102534556,3365002.5166208195
q_025,11,cw_s500_x254383.721_y3364877.517,0.338268397181,500.000,254383.72102534556,3364877.5166208195
q_025,12,cw_s500_x254758.721_y3364877.517,0.378161237229,500.000,254758.72102534556,3364877.5166208195
q_025,13,cw_s200_x254533.721_y3364052.517,0.245328483799,200.000,254533.72102534556,3364052.5166208195
q_025,14,cw_s300_x253983.721_y3364777.517,0.154070867836,300.000,253983.72102534556,3364777.5166208195
q_025,15,cw_s300_x254208.721_y3364777.517,0.208477924214,300.000,254208.72102534556,3364777.5166208195
q_025,16,cw_s300_x254658.721_y3364327.517,0.27049296358,300.000,254658.72102534556,3364327.5166208195
q_025,17,cw_s200_x254683.721_y3364952.517,0.198577194851,200.000,254683.72102534556,3364952.5166208195
q_025,18,cw_s200_x254683.721_y3364352.517,0.166056015456,200.000,254683.72102534556,3364352.5166208195
q_025,19,cw_s500_x254008.721_y3364877.517,0.12621584046,500.000,254008.72102534556,3364877.5166208195
q_025,20,cw_s300_x254433.721_y3364777.517,0.118012230673,300.000,254433.72102534556,3364777.5166208195
q_026,1,cw_s200_x254683.721_y3365102.517,0.893163828968,200.000,254683.72102534556,3365102.5166208195
q_026,2,cw_s200_x254533.721_y3365252.517,0.592592045218,200.000,254533.72102534556,3365252.5166208195
q_026,3,cw_s200_x254683.721_y3364952.517,0.612541200945,200.000,254683.72102534556,3364952.5166208195
q_026,4,cw_s200_x254533.721_y3365102.517,0.687931347704,200.000,254533.72102534556,3365102.5166208195
q_026,5,cw_s300_x254433.721_y3364777.517,0.455395058301,300.000,254433.72102534556,3364777.5166208195
q_026,6,cw_s300_x254658.721_y3365002.517,0.89215282337,300.000,254658.72102534556,3365002.5166208195
q_026,7,cw_s300_x254433.721_y3365227.517,0.833322862142,300.000,254433.72102534556,3365227.5166208195
q_026,8,cw_s500_x254758.721_y3364877.517,0.519127124354,500.000,254758.72102534556,3364877.5166208195
q_026,9,cw_s200_x254533.721_y3364952.517,0.776397278728,200.000,254533.72102534556,3364952.5166208195
q_026,10,cw_s300_x254658.721_y3365227.517,0.490015486129,300.000,254658.72102534556,3365227.5166208195
q_026,11,cw_s200_x254383.721_y3365252.517,0.579810161862,200.000,254383.72102534556,3365252.5166208195
q_026,12,cw_s200_x254383.721_y3365102.517,0.458006879163,200.000,254383.72102534556,3365102.5166208195
q_026,13,cw_s500_x254383.721_y3364877.517,0.401641001946,500.000,254383.72102534556,3364877.5166208195
q_026,14,cw_s200_x254383.721_y3364952.517,0.521317358992,200.000,254383.72102534556,3364952.5166208195
q_026,15,cw_s300_x254433.721_y3365002.517,0.753227641084,300.000,254433.72102534556,3365002.5166208195
q_026,16,cw_s300_x254208.721_y3364552.517,0.234558979605,300.000,254208.72102534556,3364552.5166208195
q_026,17,cw_s500_x254008.721_y3364877.517,0.108770648836,500.000,254008.72102534556,3364877.5166208195
q_026,18,cw_s200_x254233.721_y3364352.517,0.0673406661508,200.000,254233.72102534556,3364352.5166208195
q_026,19,cw_s300_x254208.721_y3364327.517,0.0810488590082,300.000,254208.72102534556,3364327.5166208195
q_026,20,cw_s300_x253983.721_y3364777.517,0.0702969561772,300.000,253983.72102534556,3364777.5166208195
q_027,1,cw_s300_x254658.721_y3365227.517,0.808280146967,300.000,254658.72102534556,3365227.5166208195
q_027,2,cw_s200_x254533.721_y3364802.517,0.717152325777,200.000,254533.72102534556,3364802.5166208195
q_027,3,cw_s300_x254658.721_y3365002.517,0.635521157575,300.000,254658.72102534556,3365002.5166208195
q_027,4,cw_s300_x254433.721_y3364777.517,0.859520346508,300.000,254433.72102534556,3364777.5166208195
q_027,5,cw_s300_x254883.721_y3365002.517,0.454584382443,300.000,254883.72102534556,3365002.5166208195
q_027,6,cw_s200_x254383.721_y3364802.517,0.521312614893,200.000,254383.72102534556,3364802.5166208195
q_027,7,cw_s500_x254383.721_y3364877.517,0.695449490567,500.000,254383.72102534556,3364877.5166208195
q_027,8,cw_s500_x254758.721_y3364877.517,0.840094186146,500.000,254758.72102534556,3364877.5166208195
q_027,9,cw_s700_x254258.721_y3364902.517,0.468107514419,700.000,254258.72102534556,3364902.5166208195
q_027,10,cw_s700_x254783.721_y3364902.517,0.657725681649,700.000,254783.72102534556,3364902.5166208195
q_027,11,cw_s300_x255108.721_y3365227.517,0.219055135979,300.000,255108.72102534556,3365227.5166208195
q_027,12,cw_s200_x254233.721_y3364652.517,0.368348978996,200.000,254233.72102534556,3364652.5166208195
q_027,13,cw_s300_x254208.721_y3364102.517,0.336838088402,300.000,254208.72102534556,3364102.5166208195
q_027,14,cw_s300_x254658.721_y3364102.517,0.310819118657,300.000,254658.72102534556,3364102.5166208195
q_027,15,cw_s300_x254208.721_y3365002.517,0.220733528447,300.000,254208.72102534556,3365002.5166208195
q_027,16,cw_s200_x254683.721_y3364202.517,0.363994715794,200.000,254683.72102534556,3364202.5166208195
q_027,17,cw_s300_x254433.721_y3365227.517,0.117413869267,300.000,254433.72102534556,3365227.5166208195
q_027,18,cw_s300_x254658.721_y3364327.517,0.159884713571,300.000,254658.72102534556,3364327.5166208195
q_027,19,cw_s500_x254008.721_y3364877.517,0.0645305635498,500.000,254008.72102534556,3364877.5166208195
q_027,20,cw_s500_x254008.721_y3364502.517,0.247738644465,500.000,254008.72102534556,3364502.5166208195
q_028,1,cw_s200_x254983.721_y3364652.517,0.86482952653,200.000,254983.72102534556,3364652.5166208195
q_028,2,cw_s300_x254883.721_y3364552.517,0.969841265448,300.000,254883.72102534556,3364552.5166208195
q_028,3,cw_s200_x254833.721_y3364502.517,0.607413709096,200.000,254833.72102534556,3364502.5166208195
q_028,4,cw_s300_x254658.721_y3364777.517,0.559245400615,300.000,254658.72102534556,3364777.5166208195
q_028,5,cw_s300_x254658.721_y3364327.517,0.640664418114,300.000,254658.72102534556,3364327.5166208195
q_028,6,cw_s700_x254783.721_y3364902.517,0.717229105731,700.000,254783.72102534556,3364902.5166208195
q_028,7,cw_s500_x254383.721_y3364502.517,0.428652084926,500.000,254383.72102534556,3364502.5166208195
q_028,8,cw_s500_x254758.721_y3364877.517,0.642354110473,500.000,254758.72102534556,3364877.5166208195
q_028,9,cw_s500_x254758.721_y3364502.517,0.690296383356,500.000,254758.72102534556,3364502.5166208195
q_028,10,cw_s700_x254783.721_y3364377.517,0.48298560101,700.000,254783.72102534556,3364377.5166208195
q_028,11,cw_s700_x254258.721_y3364902.517,0.497311566734,700.000,254258.72102534556,3364902.5166208195
q_028,12,cw_s200_x254683.721_y3364202.517,0.41968751395,200.000,254683.72102534556,3364202.5166208195
q_028,13,cw_s500_x254383.721_y3364877.517,0.502284720994,500.000,254383.72102534556,3364877.5166208195
q_028,14,cw_s700_x254258.721_y3364377.517,0.28720304563,700.000,254258.72102534556,3364377.5166208195
q_028,15,cw_s300_x254433.721_y3364777.517,0.517348826005,300.000,254433.72102534556,3364777.5166208195
q_028,16,cw_s200_x254533.721_y3364802.517,0.25425096464,200.000,254533.72102534556,3364802.5166208195
q_028,17,cw_s500_x254008.721_y3364877.517,0.0837194388172,500.000,254008.72102534556,3364877.5166208195
q_028,18,cw_s300_x254208.721_y3364777.517,0.0094723720741,300.000,254208.72102534556,3364777.5166208195
q_028,19,cw_s300_x254433.721_y3364102.517,0.0991946344533,300.000,254433.72102534556,3364102.5166208195
q_028,20,cw_s500_x254383.721_y3364127.517,0.25189480366,500.000,254383.72102534556,3364127.5166208195
q_029,1,cw_s200_x255133.721_y3364202.517,0.6312735459,200.000,255133.72102534556,3364202.5166208195
q_029,2,cw_s300_x254883.721_y3364327.517,0.868471567786,300.000,254883.72102534556,3364327.5166208195
q_029,3,cw_s300_x255108.721_y3364327.517,0.879142902041,300.000,255108.72102534556,3364327.5166208195
q_029,4,cw_s200_x254983.721_y3364352.517,0.565382349354,200.000,254983.72102534556,3364352.5166208195
q_029,5,cw_s300_x254883.721_y3364102.517,0.559396766166,300.000,254883.72102534556,3364102.5166208195
q_029,6,cw_s300_x255108.721_y3364102.517,0.611182549779,300.000,255108.72102534556,3364102.5166208195
q_029,7,cw_s500_x254758.721_y3364127.517,0.517426183655,500.000,254758.72102534556,3364127.5166208195
q_029,8,cw_s200_x254383.721_y3364802.517,0.224044721531,200.000,254383.72102534556,3364802.5166208195
q_029,9,cw_s200_x253933.721_y3364352.517,0.356044823036,200.000,253933.72102534556,3364352.5166208195
q_029,10,cw_s200_x254233.721_y3364652.517,0.489549024808,200.000,254233.72102534556,3364652.5166208195
q_029,11,cw_s300_x254883.721_y3365002.517,0.225286130045,300.000,254883.72102534556,3365002.5166208195
q_029,12,cw_s300_x254883.721_y3365227.517,0.264175374055,300.000,254883.72102534556,3365227.5166208195
q_029,13,cw_s500_x254008.721_y3364502.517,0.489839252415,500.000,254008.72102534556,3364502.5166208195
q_029,14,cw_s500_x254008.721_y3364127.517,0.174623447596,500.000,254008.72102534556,3364127.5166208195
q_029,15,cw_s300_x255108.721_y3365227.517,0.0813787581889,300.000,255108.72102534556,3365227.5166208195
q_029,16,cw_s200_x254683.721_y3364202.517,0.0601707026812,200.000,254683.72102534556,3364202.5166208195
q_029,17,cw_s300_x253983.721_y3364327.517,0.211753915516,300.000,253983.72102534556,3364327.5166208195
q_029,18,cw_s300_x254658.721_y3364102.517,0.247923935115,300.000,254658.72102534556,3364102.5166208195
q_029,19,cw_s300_x254433.721_y3364777.517,0.124066145337,300.000,254433.72102534556,3364777.5166208195
q_029,20,cw_s300_x254658.721_y3365227.517,0.452755032262,300.000,254658.72102534556,3365227.5166208195
q_030,1,cw_s200_x255133.721_y3364352.517,0.657910319329,200.000,255133.72102534556,3364352.5166208195
q_030,2,cw_s200_x254983.721_y3364502.517,0.594091101516,200.000,254983.72102534556,3364502.5166208195
q_030,3,cw_s200_x254983.721_y3364352.517,0.759649588773,200.000,254983.72102534556,3364352.5166208195
q_030,4,cw_s300_x255108.721_y3364327.517,0.896458337341,300.000,255108.72102534556,3364327.5166208195
q_030,5,cw_s300_x254883.721_y3364102.517,0.578613414569,300.000,254883.72102534556,3364102.5166208195
q_030,6,cw_s200_x254833.721_y3364202.517,0.617750380545,200.000,254833.72102534556,3364202.5166208195
q_030,7,cw_s300_x255108.721_y3364552.517,0.420546507103,300.000,255108.72102534556,3364552.5166208195
q_030,8,cw_s300_x254883.721_y3364327.517,0.695988309046,300.000,254883.72102534556,3364327.5166208195
q_030,9,cw_s500_x254758.721_y3364127.517,0.391624006223,500.000,254758.72102534556,3364127.5166208195
q_030,10,cw_s200_x254833.721_y3364352.517,0.578131682231,200.000,254833.72102534556,3364352.5166208195
q_030,11,cw_s200_x254533.721_y3363902.517,0.23194968241,200.000,254533.72102534556,3363902.5166208195
q_030,12,cw_s300_x254658.721_y3364102.517,0.514043469173,300.000,254658.72102534556,3364102.5166208195
q_030,13,cw_s200_x253783.721_y3364502.517,0.317632143021,200.000,253783.72102534556,3364502.5166208195
q_030,14,cw_s300_x255108.721_y3365002.517,0.151299131595,300.000,255108.72102534556,3365002.5166208195
q_030,15,cw_s300_x254883.721_y3365002.517,0.489833854631,300.000,254883.72102534556,3365002.5166208195
q_030,16,cw_s200_x254233.721_y3364652.517,0.132237128327,200.000,254233.72102534556,3364652.5166208195
q_030,17,cw_s200_x254833.721_y3364052.517,0.0855889342803,200.000,254833.72102534556,3364052.5166208195
q_030,18,cw_s200_x254533.721_y3364802.517,0.0509737313029,200.000,254533.72102534556,3364802.5166208195
q_030,19,cw_s200_x254683.721_y3364202.517,0.312911708766,200.000,254683.72102534556,3364202.5166208195
q_030,20,cw_s200_x254983.721_y3364652.517,0.181175442578,200.000,254983.72102534556,3364652.5166208195
q_031,1,cw_s200_x254983.721_y3364502.517,0.792092037023,200.000,254983.72102534556,3364502.5166208195
q_031,2,cw_s200_x254983.721_y3364652.517,0.969509284732,200.000,254983.72102534556,3364652.5166208195
q_031,3,cw_s200_x255133.721_y3364352.517,0.58339466404,200.000,255133.72102534556,3364352.5166208195
q_031,4,cw_s200_x254983.721_y3364352.517,0.605019842333,200.000,254983.72102534556,3364352.5166208195
q_031,5,cw_s300_x254883.721_y3364552.517,0.527252889457,300.000,254883.72102534556,3364552.5166208195
q_031,6,cw_s300_x255108.721_y3364327.517,0.669969262398,300.000,255108.72102534556,3364327.5166208195
q_031,7,cw_s300_x254883.721_y3364102.517,0.444615716381,300.000,254883.72102534556,3364102.5166208195
q_031,8,cw_s300_x255108.721_y3364552.517,0.70579539568,300.000,255108.72102534556,3364552.5166208195
q_031,9,cw_s200_x254833.721_y3364202.517,0.58374048895,200.000,254833.72102534556,3364202.5166208195
q_031,10,cw_s300_x254883.721_y3364327.517,0.599491255486,300.000,254883.72102534556,3364327.5166208195
q_031,11,cw_s200_x254833.721_y3364352.517,0.757965376192,200.000,254833.72102534556,3364352.5166208195
q_031,12,cw_s500_x254758.721_y3364127.517,0.372202823612,500.000,254758.72102534556,3364127.5166208195
q_031,13,cw_s300_x255108.721_y3364777.517,0.555885213634,300.000,255108.72102534556,3364777.5166208195
q_031,14,cw_s200_x254683.721_y3364202.517,0.470514060505,200.000,254683.72102534556,3364202.5166208195
q_031,15,cw_s300_x254658.721_y3364102.517,0.509306446121,300.000,254658.72102534556,3364102.5166208195
q_031,16,cw_s300_x255108.721_y3365002.517,0.183020313824,300.000,255108.72102534556,3365002.5166208195
q_031,17,cw_s200_x253783.721_y3364502.517,0.163684338092,200.000,253783.72102534556,3364502.5166208195
q_031,18,cw_s200_x254533.721_y3363902.517,0.0847008575653,200.000,254533.72102534556,3363902.5166208195
q_031,19,cw_s200_x254533.721_y3364802.517,0.119406281474,200.000,254533.72102534556,3364802.5166208195
q_031,20,cw_s300_x254883.721_y3365002.517,0.175847819596,300.000,254883.72102534556,3365002.5166208195
q_032,1,cw_s200_x254683.721_y3365102.517,0.739218035698,200.000,254683.72102534556,3365102.5166208195
q_032,2,cw_s300_x254658.721_y3365227.517,0.910642093304,300.000,254658.72102534556,3365227.5166208195
q_032,3,cw_s200_x254533.721_y3365252.517,0.50700556086,200.000,254533.72102534556,3365252.5166208195
q_032,4,cw_s300_x255108.721_y3365227.517,0.516865931336,300.000,255108.72102534556,3365227.5166208195
q_032,5,cw_s300_x254433.721_y3364777.517,0.436466398414,300.000,254433.72102534556,3364777.5166208195
q_032,6,cw_s300_x254658.721_y3365002.517,0.632207054888,300.000,254658.72102534556,3365002.5166208195
q_032,7,cw_s300_x254883.721_y3365227.517,0.546468149694,300.000,254883.72102534556,3365227.5166208195
q_032,8,cw_s300_x254433.721_y3365227.517,0.495694493819,300.000,254433.72102534556,3365227.5166208195
q_032,9,cw_s500_x254758.721_y3364877.517,0.665249894253,500.000,254758.72102534556,3364877.5166208195
q_032,10,cw_s200_x254533.721_y3364952.517,0.368043903832,200.000,254533.72102534556,3364952.5166208195
q_032,11,cw_s700_x254783.721_y3364902.517,0.657991161664,700.000,254783.72102534556,3364902.5166208195
q_032,12,cw_s500_x254383.721_y3364877.517,0.34944658929,500.000,254383.72102534556,3364877.5166208195
q_032,13,cw_s300_x253983.721_y3364552.517,0.211193631671,300.000,253983.72102534556,3364552.5166208195
q_032,14,cw_s200_x254233.721_y3364952.517,0.219038116683,200.000,254233.72102534556,3364952.5166208195
q_032,15,cw_s300_x253983.721_y3364327.517,0.208997981808,300.000,253983.72102534556,3364327.5166208195
q_032,16,cw_s200_x254083.721_y3364502.517,0.217271594541,200.000,254083.72102534556,3364502.5166208195
q_032,17,cw_s300_x254208.721_y3365002.517,0.125475500976,300.000,254208.72102534556,3365002.5166208195
q_032,18,cw_s200_x253933.721_y3364352.517,0.0358865420925,200.000,253933.72102534556,3364352.5166208195
q_032,19,cw_s500_x254008.721_y3364877.517,0.162671218604,500.000,254008.72102534556,3364877.5166208195
q_032,20,cw_s500_x254008.721_y3364502.517,0.365605600249,500.000,254008.72102534556,3364502.5166208195
q_033,1,cw_s200_x254833.721_y3365252.517,0.87259007452,200.000,254833.72102534556,3365252.5166208195
q_033,2,cw_s200_x254683.721_y3365252.517,0.871405149162,200.000,254683.72102534556,3365252.5166208195
q_033,3,cw_s200_x254833.721_y3365102.517,0.965634750381,200.000,254833.72102534556,3365102.5166208195
q_033,4,cw_s300_x254658.721_y3365227.517,0.684342298655,300.000,254658.72102534556,3365227.5166208195
q_033,5,cw_s300_x254883.721_y3365227.517,0.785978846344,300.000,254883.72102534556,3365227.5166208195
q_033,6,cw_s200_x254533.721_y3365252.517,0.520908404614,200.000,254533.72102534556,3365252.5166208195
q_033,7,cw_s700_x254783.721_y3364902.517,0.437706639071,700.000,254783.72102534556,3364902.5166208195
q_033,8,cw_s300_x253983.721_y3364552.517,0.35093402966,300.000,253983.72102534556,3364552.5166208195
q_033,9,cw_s300_x254208.721_y3365227.517,0.237481658351,300.000,254208.72102534556,3365227.5166208195
q_033,10,cw_s200_x254233.721_y3364952.517,0.203859930808,200.000,254233.72102534556,3364952.5166208195
q_033,11,cw_s200_x255133.721_y3364202.517,0.243450883339,200.000,255133.72102534556,3364202.5166208195
q_033,12,cw_s300_x253983.721_y3365002.517,0.208514198387,300.000,253983.72102534556,3365002.5166208195
q_033,13,cw_s200_x253933.721_y3364952.517,0.225009596667,200.000,253933.72102534556,3364952.5166208195
q_033,14,cw_s300_x254208.721_y3365002.517,0.224183427262,300.000,254208.72102534556,3365002.5166208195
q_033,15,cw_s300_x253983.721_y3364327.517,0.216113219776,300.000,253983.72102534556,3364327.5166208195
q_033,16,cw_s300_x254208.721_y3364102.517,0.163264357418,300.000,254208.72102534556,3364102.5166208195
q_033,17,cw_s200_x253933.721_y3364352.517,0.270153149944,200.000,253933.72102534556,3364352.5166208195
q_033,18,cw_s300_x255108.721_y3364102.517,0.106929654602,300.000,255108.72102534556,3364102.5166208195
q_033,19,cw_s200_x253933.721_y3364502.517,0.078292121567,200.000,253933.72102534556,3364502.5166208195
q_033,20,cw_s500_x254008.721_y3364502.517,0.175578583619,500.000,254008.72102534556,3364502.5166208195
q_034,1,cw_s300_x254883.721_y3365002.517,1.00514982776,300.000,254883.72102534556,3365002.5166208195
q_034,2,cw_s300_x254658.721_y3365227.517,0.780833271022,300.000,254658.72102534556,3365227.5166208195
q_034,3,cw_s500_x254758.721_y3364877.517,0.548305685439,500.000,254758.72102534556,3364877.5166208195
q_034,4,cw_s300_x254883.721_y3365227.517,0.568002987857,300.000,254883.72102534556,3365227.5166208195
q_034,5,cw_s700_x254783.721_y3364902.517,0.489035860554,700.000,254783.72102534556,3364902.5166208195
q_034,6,cw_s300_x255108.721_y3364327.517,0.374081458642,300.000,255108.72102534556,3364327.5166208195
q_034,7,cw_s200_x254233.721_y3364652.517,0.432834237458,200.000,254233.72102534556,3364652.5166208195
q_034,8,cw_s200_x254533.721_y3364802.517,0.410483116651,200.000,254533.72102534556,3364802.5166208195
q_034,9,cw_s500_x254008.721_y3364502.517,0.32881757525,500.000,254008.72102534556,3364502.5166208195
q_034,10,cw_s300_x254658.721_y3364102.517,0.55747760162,300.000,254658.72102534556,3364102.5166208195
q_034,11,cw_s500_x254008.721_y3364127.517,0.263737740534,500.000,254008.72102534556,3364127.5166208195
q_034,12,cw_s200_x254833.721_y3364202.517,0.302107390181,200.000,254833.72102534556,3364202.5166208195
q_034,13,cw_s200_x254983.721_y3364652.517,0.0977972958644,200.000,254983.72102534556,3364652.5166208195
q_034,14,cw_s200_x253783.721_y3364502.517,0.0856536589112,200.000,253783.72102534556,3364502.5166208195
q_034,15,cw_s200_x254383.721_y3364802.517,0.0763040328909,200.000,254383.72102534556,3364802.5166208195
q_034,16,cw_s200_x254683.721_y3364202.517,0.273951210135,200.000,254683.72102534556,3364202.5166208195
q_034,17,cw_s300_x254883.721_y3364327.517,0.0245758899498,300.000,254883.72102534556,3364327.5166208195
q_034,18,cw_s300_x254433.721_y3364777.517,0.26562227787,300.000,254433.72102534556,3364777.5166208195
q_034,19,cw_s200_x254833.721_y3364352.517,0.15179596292,200.000,254833.72102534556,3364352.5166208195
q_034,20,cw_s300_x254208.721_y3364102.517,0.135344795775,300.000,254208.72102534556,3364102.5166208195
q_035,1,cw_s300_x254883.721_y3365002.517,1.01284333705,300.000,254883.72102534556,3365002.5166208195
q_035,2,cw_s300_x254658.721_y3365227.517,0.695528853605,300.000,254658.72102534556,3365227.5166208195
q_035,3,cw_s500_x254758.721_y3364877.517,0.753753027069,500.000,254758.72102534556,3364877.5166208195
q_035,4,cw_s700_x254783.721_y3364902.517,0.556391370204,700.000,254783.72102534556,3364902.5166208195
q_035,5,cw_s500_x254383.721_y3364877.517,0.316163677047,500.000,254383.72102534556,3364877.5166208195
q_035,6,cw_s300_x254658.721_y3364102.517,0.541539785595,300.000,254658.72102534556,3364102.5166208195
q_035,7,cw_s200_x254983.721_y3364652.517,0.449066918233,200.000,254983.72102534556,3364652.5166208195
q_035,8,cw_s200_x254683.721_y3364202.517,0.560490277177,200.000,254683.72102534556,3364202.5166208195
q_035,9,cw_s300_x254433.721_y3364777.517,0.50726205236,300.000,254433.72102534556,3364777.5166208195
q_035,10,cw_s300_x254883.721_y3364552.517,0.305110866608,300.000,254883.72102534556,3364552.5166208195
q_035,11,cw_s200_x254383.721_y3364802.517,0.198262706665,200.000,254383.72102534556,3364802.5166208195
q_035,12,cw_s300_x255108.721_y3364327.517,0.291041882563,300.000,255108.72102534556,3364327.5166208195
q_035,13,cw_s500_x254008.721_y3364502.517,0.25379451479,500.000,254008.72102534556,3364502.5166208195
q_035,14,cw_s300_x254208.721_y3364102.517,0.265384548227,300.000,254208.72102534556,3364102.5166208195
q_035,15,cw_s200_x254533.721_y3364802.517,0.304652581248,200.000,254533.72102534556,3364802.5166208195
q_035,16,cw_s200_x254833.721_y3364352.517,0.223188932351,200.000,254833.72102534556,3364352.5166208195
q_035,17,cw_s200_x254833.721_y3364202.517,0.140077477203,200.000,254833.72102534556,3364202.5166208195
q_035,18,cw_s300_x254883.721_y3364327.517,0.0649860427315,300.000,254883.72102534556,3364327.5166208195
q_035,19,cw_s200_x254233.721_y3364652.517,0.223283513377,200.000,254233.72102534556,3364652.5166208195
q_035,20,cw_s300_x254208.721_y3365227.517,0.0183274341955,300.000,254208.72102534556,3365227.5166208195
q_036,1,cw_s200_x255133.721_y3364352.517,0.748183836025,200.000,255133.72102534556,3364352.5166208195
q_036,2,cw_s200_x254983.721_y3364352.517,0.753158673105,200.000,254983.72102534556,3364352.5166208195
q_036,3,cw_s300_x255108.721_y3364327.517,0.904635796345,300.000,255108.72102534556,3364327.5166208195
q_036,4,cw_s300_x254883.721_y3364327.517,0.597949718962,300.000,254883.72102534556,3364327.5166208195
q_036,5,cw_s300_x254883.721_y3364102.517,0.520460518707,300.000,254883.72102534556,3364102.5166208195
q_036,6,cw_s200_x254833.721_y3364352.517,0.356185055911,200.000,254833.72102534556,3364352.5166208195
q_036,7,cw_s200_x254233.721_y3364652.517,0.256174197549,200.000,254233.72102534556,3364652.5166208195
q_036,8,cw_s200_x254683.721_y3364052.517,0.219802633498,200.000,254683.72102534556,3364052.5166208195
q_036,9,cw_s200_x253933.721_y3364352.517,0.265904799277,200.000,253933.72102534556,3364352.5166208195
q_036,10,cw_s300_x254658.721_y3365227.517,0.298319446542,300.000,254658.72102534556,3365227.5166208195
q_036,11,cw_s300_x254883.721_y3365002.517,0.412185846185,300.000,254883.72102534556,3365002.5166208195
q_036,12,cw_s300_x255108.721_y3365227.517,0.225013438718,300.000,255108.72102534556,3365227.5166208195
q_036,13,cw_s200_x254533.721_y3364802.517,0.258804011126,200.000,254533.72102534556,3364802.5166208195
q_036,14,cw_s300_x254658.721_y3364102.517,0.482998255573,300.000,254658.72102534556,3364102.5166208195
q_036,15,cw_s200_x254533.721_y3363902.517,0.211867005504,200.000,254533.72102534556,3363902.5166208195
q_036,16,cw_s200_x254833.721_y3364202.517,0.264961508745,200.000,254833.72102534556,3364202.5166208195
q_036,17,cw_s200_x254233.721_y3364052.517,0.0587773004341,200.000,254233.72102534556,3364052.5166208195
q_036,18,cw_s200_x254833.721_y3364052.517,0.135230364567,200.000,254833.72102534556,3364052.5166208195
q_036,19,cw_s200_x254683.721_y3364202.517,0.341310671198,200.000,254683.72102534556,3364202.5166208195
q_036,20,cw_s200_x253783.721_y3364502.517,0.183960963077,200.000,253783.72102534556,3364502.5166208195
q_037,1,cw_s200_x254233.721_y3364652.517,0.491423987867,200.000,254233.72102534556,3364652.5166208195
q_037,2,cw_s200_x254233.721_y3364052.517,0.434539864443,200.000,254233.72102534556,3364052.5166208195
q_037,3,cw_s200_x254683.721_y3365102.517,0.419636940527,200.000,254683.72102534556,3365102.5166208195
q_037,4,cw_s300_x255108.721_y3365227.517,0.753168402919,300.000,255108.72102534556,3365227.5166208195
q_037,5,cw_s300_x254658.721_y3365227.517,0.754649381871,300.000,254658.72102534556,3365227.5166208195
q_037,6,cw_s300_x254433.721_y3364777.517,0.341227698451,300.000,254433.72102534556,3364777.5166208195
q_037,7,cw_s200_x254083.721_y3364502.517,0.512289299415,200.000,254083.72102534556,3364502.5166208195
q_037,8,cw_s300_x253983.721_y3364327.517,0.17234695373,300.000,253983.72102534556,3364327.5166208195
q_037,9,cw_s200_x254683.721_y3364952.517,0.19899252736,200.000,254683.72102534556,3364952.5166208195
q_037,10,cw_s500_x254758.721_y3364877.517,0.157713897258,500.000,254758.72102534556,3364877.5166208195
q_037,11,cw_s200_x253933.721_y3364352.517,0.193993351757,200.000,253933.72102534556,3364352.5166208195
q_037,12,cw_s200_x253783.721_y3364202.517,0.129448302062,200.000,253783.72102534556,3364202.5166208195
q_037,13,cw_s300_x254433.721_y3365002.517,0.161033713346,300.000,254433.72102534556,3365002.5166208195
q_037,14,cw_s200_x255133.721_y3365252.517,0.172311427294,200.000,255133.72102534556,3365252.5166208195
q_037,15,cw_s200_x254383.721_y3364802.517,0.112362865175,200.000,254383.72102534556,3364802.5166208195
q_037,16,cw_s500_x254008.721_y3364502.517,0.160021758626,500.000,254008.72102534556,3364502.5166208195
q_037,17,cw_s300_x254658.721_y3365002.517,0.462343148717,300.000,254658.72102534556,3365002.5166208195
q_037,18,cw_s500_x254008.721_y3364127.517,0.129131154841,500.000,254008.72102534556,3364127.5166208195
q_037,19,cw_s200_x253783.721_y3364352.517,0.191120864437,200.000,253783.72102534556,3364352.5166208195
q_037,20,cw_s300_x254433.721_y3365227.517,0.0541191911601,300.000,254433.72102534556,3365227.5166208195
q_038,1,cw_s200_x255133.721_y3364652.517,0.928221389305,200.000,255133.72102534556,3364652.5166208195
q_038,2,cw_s200_x255133.721_y3364802.517,0.758115340281,200.000,255133.72102534556,3364802.5166208195
q_038,3,cw_s300_x255108.721_y3365002.517,0.678757042052,300.000,255108.72102534556,3365002.5166208195
q_038,4,cw_s300_x254883.721_y3364327.517,0.565903468076,300.000,254883.72102534556,3364327.5166208195
q_038,5,cw_s200_x254983.721_y3364502.517,0.915989192975,200.000,254983.72102534556,3364502.5166208195
q_038,6,cw_s300_x255108.721_y3364327.517,0.517031254436,300.000,255108.72102534556,3364327.5166208195
q_038,7,cw_s200_x254983.721_y3364652.517,0.83306061039,200.000,254983.72102534556,3364652.5166208195
q_038,8,cw_s300_x255108.721_y3364777.517,0.867869085038,300.000,255108.72102534556,3364777.5166208195
q_038,9,cw_s200_x255133.721_y3364352.517,0.422255964037,200.000,255133.72102534556,3364352.5166208195
q_038,10,cw_s300_x254883.721_y3364552.517,0.454991583,300.000,254883.72102534556,3364552.5166208195
q_038,11,cw_s300_x255108.721_y3364552.517,0.677257117415,300.000,255108.72102534556,3364552.5166208195
q_038,12,cw_s200_x254983.721_y3364352.517,0.340353850521,200.000,254983.72102534556,3364352.5166208195
q_038,13,cw_s200_x254833.721_y3364352.517,0.46266346743,200.000,254833.72102534556,3364352.5166208195
q_038,14,cw_s300_x254883.721_y3365002.517,0.266618487294,300.000,254883.72102534556,3365002.5166208195
q_038,15,cw_s200_x253783.721_y3364502.517,0.192202039439,200.000,253783.72102534556,3364502.5166208195
q_038,16,cw_s200_x254683.721_y3364202.517,0.272133509329,200.000,254683.72102534556,3364202.5166208195
q_038,17,cw_s200_x254533.721_y3363902.517,0.161878473597,200.000,254533.72102534556,3363902.5166208195
q_038,18,cw_s200_x254983.721_y3364952.517,0.263702523062,200.000,254983.72102534556,3364952.5166208195
q_038,19,cw_s300_x254658.721_y3364102.517,0.105413518126,300.000,254658.72102534556,3364102.5166208195
q_038,20,cw_s200_x254833.721_y3364202.517,0.206649770772,200.000,254833.72102534556,3364202.5166208195
q_039,1,cw_s200_x254983.721_y3364952.517,0.687649775358,200.000,254983.72102534556,3364952.5166208195
q_039,2,cw_s300_x254883.721_y3365002.517,0.926097361996,300.000,254883.72102534556,3365002.5166208195
q_039,3,cw_s300_x255108.721_y3365002.517,0.514460794133,300.000,255108.72102534556,3365002.5166208195
q_039,4,cw_s300_x254658.721_y3365227.517,0.444293460729,300.000,254658.72102534556,3365227.5166208195
q_039,5,cw_s300_x254883.721_y3364102.517,0.234843268838,300.000,254883.72102534556,3364102.5166208195
q_039,6,cw_s300_x254433.721_y3364777.517,0.218234720338,300.000,254433.72102534556,3364777.5166208195
q_039,7,cw_s200_x254983.721_y3364352.517,0.254393021641,200.000,254983.72102534556,3364352.5166208195
q_039,8,cw_s200_x254833.721_y3364352.517,0.3850340973,200.000,254833.72102534556,3364352.5166208195
q_039,9,cw_s200_x254683.721_y3364202.517,0.384315484371,200.000,254683.72102534556,3364202.5166208195
q_039,10,cw_s200_x254533.721_y3363902.517,0.27300046765,200.000,254533.72102534556,3363902.5166208195
q_039,11,cw_s300_x254658.721_y3364102.517,0.50367694177,300.000,254658.72102534556,3364102.5166208195
q_039,12,cw_s300_x255108.721_y3364327.517,0.283337659924,300.000,255108.72102534556,3364327.5166208195
q_039,13,cw_s200_x254233.721_y3364652.517,0.123170106784,200.000,254233.72102534556,3364652.5166208195
q_039,14,cw_s200_x254533.721_y3364802.517,0.114436930555,200.000,254533.72102534556,3364802.5166208195
q_039,15,cw_s200_x254833.721_y3364202.517,0.215682071458,200.000,254833.72102534556,3364202.5166208195
q_039,16,cw_s500_x254008.721_y3364127.517,0.00993276707654,500.000,254008.72102534556,3364127.5166208195
q_039,17,cw_s200_x254983.721_y3364652.517,0.145248999,200.000,254983.72102534556,3364652.5166208195
q_039,18,cw_s500_x254758.721_y3364127.517,0.0332781522591,500.000,254758.72102534556,3364127.5166208195
q_039,19,cw_s200_x254833.721_y3364052.517,0.0640662531601,200.000,254833.72102534556,3364052.5166208195
q_039,20,cw_s300_x254883.721_y3364327.517,0.0926931154391,300.000,254883.72102534556,3364327.5166208195
q_040,1,cw_s200_x254533.721_y3365252.517,0.650230268846,200.000,254533.72102534556,3365252.5166208195
q_040,2,cw_s200_x254683.721_y3365252.517,0.730982054814,200.000,254683.72102534556,3365252.5166208195
q_040,3,cw_s300_x254883.721_y3365002.517,0.892362067071,300.000,254883.72102534556,3365002.5166208195
q_040,4,cw_s300_x254883.721_y3365227.517,0.938787273977,300.000,254883.72102534556,3365227.5166208195
q_040,5,cw_s300_x254658.721_y3365227.517,0.899036176992,300.000,254658.72102534556,3365227.5166208195
q_040,6,cw_s200_x254983.721_y3364352.517,0.340343295969,200.000,254983.72102534556,3364352.5166208195
q_040,7,cw_s300_x255108.721_y3364102.517,0.241836972892,300.000,255108.72102534556,3364102.5166208195
q_040,8,cw_s300_x253983.721_y3364327.517,0.251029673498,300.000,253983.72102534556,3364327.5166208195
q_040,9,cw_s300_x254883.721_y3364327.517,0.265730194996,300.000,254883.72102534556,3364327.5166208195
q_040,10,cw_s200_x255133.721_y3364202.517,0.283999440802,200.000,255133.72102534556,3364202.5166208195
q_040,11,cw_s200_x254233.721_y3364652.517,0.275452797542,200.000,254233.72102534556,3364652.5166208195
q_040,12,cw_s200_x253933.721_y3364352.517,0.307954897797,200.000,253933.72102534556,3364352.5166208195
q_040,13,cw_s300_x255108.721_y3364327.517,0.535234920318,300.000,255108.72102534556,3364327.5166208195
q_040,14,cw_s200_x254833.721_y3364352.517,0.17738440467,200.000,254833.72102534556,3364352.5166208195
q_040,15,cw_s200_x253933.721_y3364052.517,0.148735317739,200.000,253933.72102534556,3364052.5166208195
q_040,16,cw_s200_x254683.721_y3364052.517,0.04718471479,200.000,254683.72102534556,3364052.5166208195
q_040,17,cw_s500_x254008.721_y3364127.517,0.0727225770685,500.000,254008.72102534556,3364127.5166208195
q_040,18,cw_s300_x254658.721_y3364102.517,0.409532222099,300.000,254658.72102534556,3364102.5166208195
q_040,19,cw_s200_x254683.721_y3364202.517,0.150581228504,200.000,254683.72102534556,3364202.5166208195
q_040,20,cw_s200_x254833.721_y3364202.517,0.137021709788,200.000,254833.72102534556,3364202.5166208195
