query_id,candidate_tile_id,raw_rank,global_score,candidate_scale_level_m,keypoints_query,keypoints_candidate,match_count,inlier_count,inlier_ratio,reproj_error_mean,geom_valid,geom_score,global_score_norm,geom_quality,fused_score,promote_flag,is_intersection_truth_hit
q_031,s200_x254474.835_y3365575.528,1,0.7012434601783752,200.0,256,256,10,4,0.4,0.0,0,-1.0,1.0,0.34500000000000003,0.607,0,0
q_031,s300_x254449.835_y3365625.528,2,0.665481686592102,300.0,256,256,16,4,0.25,0.0,0,-1.0,0.7682296414874515,0.31875000000000003,0.4985418565949806,0,0
q_031,s300_x256033.727_y3365139.824,3,0.6644482612609863,300.0,256,256,14,4,0.2857142857142857,0.0,0,-1.0,0.7615320609295182,0.325,0.4996128243718073,0,0
q_031,s200_x253633.067_y3364528.442,4,0.659386157989502,200.0,256,256,22,5,0.22727272727272727,0.8023189306259155,0,-1.0,0.7287248097111442,0.3200483062044084,0.4835189076071027,0,0
q_031,s300_x254752.800_y3365613.601,5,0.6543818116188049,300.0,256,256,10,4,0.4,0.0,0,-1.0,0.6962918782274937,0.34500000000000003,0.48551675129099753,0,0
q_031,s200_x253783.067_y3364528.442,6,0.6274967789649963,200.0,256,256,16,5,0.3125,0.6681421995162964,0,-1.0,0.5220512566944902,0.34244261903805207,0.4142860741006273,0,0
q_031,s200_x255530.764_y3365401.700,7,0.6252713203430176,200.0,256,256,15,4,0.26666666666666666,0.0,0,-1.0,0.507628164913918,0.32166666666666666,0.39605126596556717,0,0
q_031,s200_x255394.480_y3365710.735,8,0.6205763220787048,200.0,256,256,23,4,0.17391304347826086,0.0,0,-1.0,0.47720010383606265,0.30543478260869567,0.3741409110996424,0,0
q_031,s200_x255530.764_y3365551.700,9,0.6171402931213379,200.0,256,256,19,4,0.21052631578947367,0.0,0,-1.0,0.4549313631264544,0.3118421052631579,0.3690778084084765,0,0
q_031,s300_x253683.067_y3364578.442,10,0.6170181632041931,300.0,256,256,11,4,0.36363636363636365,0.0,0,-1.0,0.454139844925785,0.3386363636363637,0.3848377561521322,0,0
q_031,s500_x254852.800_y3365638.601,11,0.5958443284034729,500.0,256,256,14,4,0.2857142857142857,0.0,0,-1.0,0.31691322580944226,0.325,0.3217652903237769,0,0
q_031,s300_x255505.764_y3365376.700,12,0.5948466062545776,300.0,256,256,15,5,0.3333333333333333,1.1247755289077759,0,-1.0,0.31044703588215844,0.32063390989710966,0.3165591602911292,0,0
q_031,s200_x254675.317_y3364045.530,13,0.5943140983581543,200.0,256,256,13,4,0.3076923076923077,0.0,0,-1.0,0.30699587746108464,0.32884615384615384,0.32010604329212616,0,0
q_031,s200_x255908.727_y3365089.824,14,0.594265878200531,200.0,256,256,23,4,0.17391304347826086,0.0,0,-1.0,0.30668336490650117,0.30543478260869567,0.30593421552781785,0,0
q_031,s300_x255519.480_y3365760.735,15,0.5906379222869873,300.0,256,256,16,4,0.25,0.0,0,-1.0,0.2831707546965731,0.31875000000000003,0.30451830187862927,0,0
q_031,s200_x255544.480_y3365710.735,16,0.5822648406028748,200.0,256,256,20,4,0.2,0.0,0,-1.0,0.2289052094181781,0.31,0.27756208376727126,0,0
q_031,s300_x255267.051_y3364542.665,17,0.5797184705734253,300.0,256,256,14,4,0.2857142857142857,0.0,0,-1.0,0.21240230602589102,0.325,0.2799609224103564,0,1
q_031,s300_x254950.317_y3364170.530,18,0.5777807235717773,300.0,256,256,9,4,0.4444444444444444,0.0,0,-1.0,0.19984385961117104,0.3527777777777778,0.2916042105111351,0,1
q_031,s500_x253783.067_y3364678.442,19,0.5772054195404053,500.0,256,256,20,4,0.2,0.0,0,-1.0,0.19611534146921847,0.31,0.2644461365876874,0,0
q_031,s300_x254725.317_y3364170.530,20,0.5768032670021057,300.0,256,256,21,5,0.23809523809523808,0.9772858619689941,0,-1.0,0.19350900994168493,0.31218889887834117,0.2647169433036787,0,1
q_031,s200_x254702.800_y3365563.601,21,0.5764651298522949,200.0,256,256,8,4,0.5,0.0,0,-1.0,0.19131755911084192,0.3625,0.29402702364433675,0,0
q_031,s700_x254952.800_y3365363.601,22,0.5762823820114136,700.0,256,256,21,5,0.23809523809523808,1.309159517288208,0,-1.0,0.19013317902140692,0.2936889526158253,0.2522666431780579,0,0
q_031,s200_x254989.058_y3364654.565,23,0.5730972290039062,200.0,256,256,24,5,0.20833333333333334,0.9598926305770874,0,-1.0,0.16949035344435964,0.3079501328514946,0.2525662210886406,0,1
q_031,s200_x254611.063_y3364816.491,24,0.5724464058876038,200.0,256,256,11,4,0.36363636363636365,0.0,0,-1.0,0.16527239969467253,0.3386363636363637,0.2692907780596872,0,0
q_031,s300_x255505.764_y3365601.700,25,0.5721390843391418,300.0,256,256,12,5,0.4166666666666667,1.2977051734924316,0,-1.0,0.16328066331465727,0.32557746290821477,0.2606587430707918,0,0
q_031,s200_x254825.317_y3364195.530,26,0.5719937086105347,200.0,256,256,13,4,0.3076923076923077,0.0,0,-1.0,0.16233849011239634,0.32884615384615384,0.26224308835265087,0,1
q_031,s500_x255908.727_y3365239.824,27,0.5713030099868774,500.0,256,256,17,4,0.23529411764705882,0.0,0,-1.0,0.15786210509074838,0.3161764705882353,0.2528507243892405,0,0
q_031,s300_x254964.058_y3364554.565,28,0.5700992345809937,300.0,256,256,19,5,0.2631578947368421,1.3454376459121704,0,-1.0,0.15006049377756214,0.29605263157894735,0.23765577645839325,0,1
q_031,s200_x253091.241_y3363931.380,29,0.5667579770088196,200.0,256,256,12,4,0.3333333333333333,0.0,0,-1.0,0.1284059619205963,0.33333333333333337,0.2513623847682385,0,0
q_031,s200_x254839.058_y3364504.565,30,0.5661231279373169,200.0,256,256,19,5,0.2631578947368421,0.7577934265136719,0,-1.0,0.12429153519764391,0.32881023769231493,0.24700275669444652,0,1
q_031,s200_x254852.800_y3365563.601,31,0.5642319321632385,200.0,256,256,15,4,0.26666666666666666,0.0,0,-1.0,0.11203478508098286,0.32166666666666666,0.23781391403239313,0,0
q_031,s300_x255505.764_y3365151.700,32,0.5605024695396423,300.0,256,256,17,4,0.23529411764705882,0.0,0,-1.0,0.0878643146974384,0.3161764705882353,0.22485160823191652,0,0
q_031,s300_x254449.835_y3365400.528,33,0.5603033304214478,300.0,256,256,20,4,0.2,0.0,0,-1.0,0.08657370351713758,0.31,0.22062948140685504,0,0
q_031,s200_x254624.835_y3365275.528,34,0.5601456165313721,200.0,256,256,13,4,0.3076923076923077,0.0,0,-1.0,0.08555156727557041,0.32884615384615384,0.23152831921792047,0,0
q_031,s300_x253141.241_y3363981.380,35,0.5567402839660645,300.0,256,256,20,5,0.25,0.6320234537124634,0,-1.0,0.06348176842703816,0.3335185203603043,0.22550381958699783,0,0
q_031,s700_x253883.067_y3364778.442,36,0.5556660890579224,700.0,256,256,13,4,0.3076923076923077,0.0,0,-1.0,0.056519962174005754,0.32884615384615384,0.2199156771772946,0,0
q_031,s500_x255367.051_y3364642.665,37,0.5551780462265015,500.0,256,256,14,4,0.2857142857142857,0.0,0,-1.0,0.05335697973033527,0.325,0.21634279189213412,0,1
q_031,s200_x254989.058_y3364804.565,38,0.5547721982002258,200.0,256,256,7,4,0.5714285714285714,0.0,0,-1.0,0.05072669792049742,0.375,0.24529067916819894,0,1
q_031,s200_x254447.293_y3363907.454,39,0.5545082688331604,200.0,256,256,7,4,0.5714285714285714,0.0,0,-1.0,0.04901618421011969,0.375,0.24460647368404786,0,0
q_031,s200_x255530.764_y3365251.700,40,0.5539825558662415,200.0,256,256,16,4,0.25,0.0,0,-1.0,0.04560906340489575,0.31875000000000003,0.2094936253619583,0,0
q_031,s300_x255492.051_y3364767.665,41,0.5538092851638794,300.0,256,256,16,4,0.25,0.0,0,-1.0,0.044486104200725,0.31875000000000003,0.20904444168029002,0,0
q_031,s300_x254422.293_y3363957.454,42,0.5519834756851196,300.0,256,256,12,4,0.3333333333333333,0.0,0,-1.0,0.032653119562899624,0.33333333333333337,0.21306124782515987,0,0
q_031,s200_x254825.317_y3364045.530,43,0.5516218543052673,200.0,256,256,16,4,0.25,0.0,0,-1.0,0.030309468550961564,0.31875000000000003,0.20337378742038464,0,0
q_031,s200_x255367.051_y3364642.665,44,0.5514381527900696,200.0,256,256,10,4,0.4,0.0,0,-1.0,0.029118907743512563,0.34500000000000003,0.21864756309740505,0,1
q_031,s200_x255908.727_y3365389.824,45,0.5505455732345581,200.0,256,256,8,4,0.5,0.0,0,-1.0,0.0233341419772735,0.3625,0.2268336567909094,0,0
q_031,s200_x253377.414_y3363622.341,46,0.5489585399627686,200.0,256,256,20,5,0.25,0.535243034362793,0,-1.0,0.0130486546122063,0.33891344258005845,0.20856752739291756,0,0
q_031,s700_x255480.764_y3365351.700,47,0.5480665564537048,700.0,256,256,24,4,0.16666666666666666,0.0,0,-1.0,0.007267751794725994,0.3041666666666667,0.18540710071789043,0,0
q_031,s300_x254674.835_y3365400.528,48,0.5480189323425293,300.0,256,256,9,4,0.4444444444444444,0.0,0,-1.0,0.006959102188901284,0.3527777777777778,0.2144503075422272,0,0
q_031,s200_x254839.058_y3364954.565,49,0.5471982955932617,200.0,256,256,24,5,0.20833333333333334,0.4438905119895935,0,-1.0,0.0016405943378442274,0.3367141257512357,0.20268471318587913,0,0
q_031,s200_x253077.414_y3363472.341,50,0.5469451546669006,200.0,256,256,16,4,0.25,0.0,0,-1.0,0.0,0.31875000000000003,0.19125,0,0
q_032,s700_x254397.293_y3364157.454,1,0.8830223083496094,700.0,256,256,4,4,1.0,0.0,0,-1.0,1.0,0.45,0.67,0,1
q_032,s500_x254297.293_y3364057.454,2,0.8663166761398315,500.0,256,256,3,0,0.0,,0,-1.0,0.7860044788233201,0.0,0.31440179152932807,0,1
q_032,s500_x254311.063_y3364666.491,3,0.8655242323875427,500.0,256,256,14,4,0.2857142857142857,0.0,0,-1.0,0.7758534464262945,0.325,0.5053413785705179,0,0
q_032,s300_x254422.293_y3364182.454,4,0.8597747087478638,300.0,256,256,11,5,0.45454545454545453,0.9279677271842957,0,-1.0,0.7022032970431062,0.32954545454545453,0.4786085915445152,0,1
q_032,s500_x254297.293_y3364432.454,5,0.8595114946365356,500.0,256,256,10,4,0.4,0.0,0,-1.0,0.698831581430826,0.34500000000000003,0.4865326325723304,0,1
q_032,s700_x254411.063_y3364766.491,6,0.855678915977478,700.0,256,256,13,4,0.3076923076923077,0.0,0,-1.0,0.6497370810074528,0.32884615384615384,0.4572025247106734,0,0
q_032,s500_x253227.414_y3363472.341,7,0.8538296222686768,500.0,256,256,9,4,0.4444444444444444,0.0,0,-1.0,0.6260480301499788,0.3527777777777778,0.4620858787266582,0,0
q_032,s300_x254739.058_y3364554.565,8,0.8507604002952576,300.0,256,256,11,4,0.36363636363636365,0.0,0,-1.0,0.5867319631157523,0.3386363636363637,0.4378746034281191,0,0
q_032,s300_x254449.835_y3365175.528,9,0.8468636274337769,300.0,256,256,8,4,0.5,0.0,0,-1.0,0.5368151488983515,0.3625,0.43222605955934057,0,0
q_032,s200_x254689.058_y3364504.565,10,0.8455938696861267,200.0,256,256,16,4,0.25,0.0,0,-1.0,0.5205498278638395,0.31875000000000003,0.39946993114553586,0,0
q_032,s700_x253327.414_y3363572.341,11,0.8447631597518921,700.0,256,256,14,4,0.2857142857142857,0.0,0,-1.0,0.5099086139851373,0.325,0.39896344559405494,0,0
q_032,s300_x254211.063_y3364566.491,12,0.8443582057952881,300.0,256,256,20,4,0.2,0.0,0,-1.0,0.504721241732005,0.31,0.387888496692802,0,0
q_032,s300_x254436.063_y3364566.491,13,0.840349555015564,300.0,256,256,10,4,0.4,0.0,0,-1.0,0.4533712956748738,0.34500000000000003,0.38834851826994954,0,0
q_032,s300_x254133.067_y3364803.442,14,0.8396457433700562,300.0,256,256,1,0,0.0,,0,-1.0,0.4443556213202985,0.0,0.1777422485281194,0,0
q_032,s200_x254461.063_y3364666.491,15,0.8386155962944031,200.0,256,256,5,4,0.8,0.0,0,-1.0,0.4311596609654437,0.415,0.42146386438617744,0,0
q_032,s500_x254686.063_y3364666.491,16,0.8384252786636353,500.0,256,256,3,0,0.0,,0,-1.0,0.4287217334405319,0.0,0.17148869337621275,0,0
q_032,s500_x254672.293_y3364057.454,17,0.8361908197402954,500.0,256,256,7,4,0.5714285714285714,0.0,0,-1.0,0.40009879981889246,0.375,0.385039519927557,0,1
q_032,s200_x254675.317_y3364345.530,18,0.8349142670631409,200.0,256,256,12,4,0.3333333333333333,0.0,0,-1.0,0.3837464372128678,0.33333333333333337,0.35349857488514713,0,0
q_032,s300_x254422.293_y3363957.454,19,0.8304483890533447,300.0,256,256,6,4,0.6666666666666666,0.0,0,-1.0,0.32653950962000244,0.39166666666666666,0.36561580384800096,0,1
q_032,s300_x254197.293_y3364182.454,20,0.830274224281311,300.0,256,256,10,4,0.4,0.0,0,-1.0,0.3243084967080725,0.34500000000000003,0.336723398683229,0,1
q_032,s300_x254211.063_y3364791.491,21,0.8297398686408997,300.0,256,256,6,4,0.6666666666666666,0.0,0,-1.0,0.317463516983414,0.39166666666666666,0.3619854067933656,0,0
q_032,s500_x254839.058_y3364654.565,22,0.8296696543693542,500.0,256,256,5,4,0.8,0.0,0,-1.0,0.3165640874111164,0.415,0.37562563496444656,0,0
q_032,s300_x254436.063_y3364791.491,23,0.8284145593643188,300.0,256,256,9,4,0.4444444444444444,0.0,0,-1.0,0.3004865929256581,0.3527777777777778,0.3318613038369299,0,0
q_032,s200_x254324.835_y3365125.528,24,0.8283663988113403,200.0,256,256,10,4,0.4,0.0,0,-1.0,0.29986966669949816,0.34500000000000003,0.3269478666797993,0,0
q_032,s500_x254866.545_y3366247.637,25,0.8269634246826172,500.0,256,256,8,4,0.5,0.0,0,-1.0,0.2818978727498036,0.3625,0.33025914909992143,0,0
q_032,s500_x255769.480_y3365860.735,26,0.8268710374832153,500.0,256,256,8,4,0.5,0.0,0,-1.0,0.28071441278625414,0.3625,0.32978576511450164,0,0
q_032,s300_x253127.414_y3363372.341,27,0.8266545534133911,300.0,256,256,7,4,0.5714285714285714,0.0,0,-1.0,0.27794129885876284,0.375,0.33617651954350514,0,0
q_032,s700_x254939.058_y3364754.565,28,0.8257653117179871,700.0,256,256,11,4,0.36363636363636365,0.0,0,-1.0,0.2665503058289603,0.3386363636363637,0.3098019405134023,0,0
q_032,s200_x254297.293_y3364057.454,29,0.8257530927658081,200.0,256,256,8,4,0.5,0.0,0,-1.0,0.26639378370474887,0.3625,0.32405751348189954,0,1
q_032,s300_x254422.293_y3364407.454,30,0.8256947994232178,300.0,256,256,5,4,0.8,0.0,0,-1.0,0.26564705864387705,0.415,0.3552588234575508,0,1
q_032,s200_x254297.293_y3364357.454,31,0.8253924250602722,200.0,256,256,7,4,0.5714285714285714,0.0,0,-1.0,0.2617737087115633,0.375,0.3297094834846253,0,1
q_032,s200_x254474.835_y3365275.528,32,0.825197696685791,200.0,256,256,7,4,0.5714285714285714,0.0,0,-1.0,0.259279280517424,0.375,0.3287117122069696,0,0
q_032,s200_x254311.063_y3364966.491,33,0.8248763680458069,200.0,256,256,22,4,0.18181818181818182,0.0,0,-1.0,0.25516313041194333,0.3068181818181818,0.28615616125568644,0,0
q_032,s300_x254436.063_y3365016.491,34,0.8234277963638306,300.0,256,256,6,4,0.6666666666666666,0.0,0,-1.0,0.23660724170604533,0.39166666666666666,0.32964289668241814,0,0
q_032,s700_x254966.545_y3365972.637,35,0.8231714367866516,700.0,256,256,11,4,0.36363636363636365,0.0,0,-1.0,0.23332333118783494,0.3386363636363637,0.2965111506569522,0,0
q_032,s200_x254161.063_y3364516.491,36,0.8203098177909851,200.0,256,256,2,0,0.0,,0,-1.0,0.19666661322008766,0.0,0.07866664528803508,0,0
q_032,s300_x254739.058_y3364779.565,37,0.8181384205818176,300.0,256,256,9,4,0.4444444444444444,0.0,0,-1.0,0.16885148646389034,0.3527777777777778,0.27920726125222284,0,0
q_032,s500_x254311.063_y3365041.491,38,0.8180716037750244,500.0,256,256,7,4,0.5714285714285714,0.0,0,-1.0,0.1679955776773491,0.375,0.2921982310709396,0,0
q_032,s200_x254297.293_y3364207.454,39,0.817630410194397,200.0,256,256,5,4,0.8,0.0,0,-1.0,0.16234398370948272,0.415,0.3139375934837931,0,1
q_032,s500_x255380.764_y3365251.700,40,0.8162089586257935,500.0,256,256,9,4,0.4444444444444444,0.0,0,-1.0,0.1441354977670783,0.3527777777777778,0.269320865773498,0,0
q_032,s200_x254083.067_y3364828.442,41,0.8131445050239563,200.0,256,256,12,4,0.3333333333333333,0.0,0,-1.0,0.10488051253742214,0.33333333333333337,0.24195220501496886,0,0
q_032,s300_x254766.545_y3365997.637,42,0.8125692009925842,300.0,256,256,8,4,0.5,0.0,0,-1.0,0.09751099281601626,0.3625,0.2565043971264065,0,0
q_032,s200_x253227.414_y3363472.341,43,0.8108818531036377,200.0,256,256,18,5,0.2777777777777778,0.8451341390609741,0,-1.0,0.07589643274626084,0.305305868835175,0.21354209439960936,0,0
q_032,s200_x254597.293_y3364207.454,44,0.8090456128120422,200.0,256,256,5,0,0.0,,0,-1.0,0.05237459332879801,0.0,0.020949837331519203,0,1
q_032,s200_x254474.835_y3365125.528,45,0.8086087703704834,200.0,256,256,14,4,0.2857142857142857,0.0,0,-1.0,0.04677873650760201,0.325,0.2137114946030408,0,0
q_032,s700_x253341.241_y3364181.380,46,0.8082534074783325,700.0,256,256,12,4,0.3333333333333333,0.0,0,-1.0,0.0422266150220009,0.33333333333333337,0.21689064600880037,0,0
q_032,s300_x255202.800_y3365388.601,47,0.8080852031707764,300.0,256,256,5,4,0.8,0.0,0,-1.0,0.040071954365783806,0.415,0.2650287817463135,0,0
q_032,s300_x254991.545_y3365997.637,48,0.8064066171646118,300.0,256,256,5,4,0.8,0.0,0,-1.0,0.018569632111926297,0.415,0.2564278528447705,0,0
q_032,s200_x254839.058_y3364504.565,49,0.8057519197463989,200.0,256,256,12,4,0.3333333333333333,0.0,0,-1.0,0.010183100344425025,0.33333333333333337,0.20407324013777003,0,0
q_032,s200_x255002.800_y3365413.601,50,0.8049569725990295,200.0,256,256,10,4,0.4,0.0,0,-1.0,0.0,0.34500000000000003,0.20700000000000002,0,0
q_033,s200_x254474.835_y3365575.528,1,0.6781100630760193,200.0,256,256,24,4,0.16666666666666666,0.0,0,-1.0,1.0,0.3041666666666667,0.5825,0,0
q_033,s300_x256033.727_y3365139.824,2,0.6490693092346191,300.0,256,256,15,4,0.26666666666666666,0.0,0,-1.0,0.7923413726218094,0.32166666666666666,0.5099365490487238,0,0
q_033,s300_x254752.800_y3365613.601,3,0.6377800703048706,300.0,256,256,12,4,0.3333333333333333,0.0,0,-1.0,0.7116166134403173,0.33333333333333337,0.48464664537612695,0,0
q_033,s200_x253633.067_y3364528.442,4,0.6371936798095703,200.0,256,256,22,5,0.22727272727272727,0.6458034515380859,0,-1.0,0.7074235733413347,0.33317372216009006,0.4828736626325879,0,0
q_033,s300_x254449.835_y3365625.528,5,0.6367155909538269,300.0,256,256,16,4,0.25,0.0,0,-1.0,0.704004954248639,0.31875000000000003,0.47285198169945564,0,0
q_033,s200_x253783.067_y3364528.442,6,0.6238111257553101,200.0,256,256,15,4,0.26666666666666666,0.0,0,-1.0,0.6117303685127323,0.32166666666666666,0.4376921474050929,0,0
q_033,s300_x253683.067_y3364578.442,7,0.6085094213485718,300.0,256,256,18,5,0.2777777777777778,0.7904520630836487,0,-1.0,0.5023140995341966,0.334934484773505,0.4018863306777817,0,0
q_033,s200_x254675.317_y3364045.530,8,0.5986897945404053,200.0,256,256,13,4,0.3076923076923077,0.0,0,-1.0,0.43209793932409285,0.32884615384615384,0.37014686803732944,0,0
q_033,s200_x255394.480_y3365710.735,9,0.596602737903595,200.0,256,256,16,4,0.25,0.0,0,-1.0,0.41717424557883176,0.31875000000000003,0.3581196982315327,0,0
q_033,s200_x255908.727_y3365089.824,10,0.5941247940063477,200.0,256,256,18,4,0.2222222222222222,0.0,0,-1.0,0.39945547590664154,0.3138888888888889,0.34811552369598997,0,0
q_033,s200_x255530.764_y3365551.700,11,0.5931401252746582,200.0,256,256,21,5,0.23809523809523808,0.7589162588119507,0,-1.0,0.3924145100156887,0.32953307952781247,0.35468565172296296,0,0
q_033,s200_x255530.764_y3365401.700,12,0.586072564125061,200.0,256,256,17,5,0.29411764705882354,0.6774324178695679,0,-1.0,0.34187725277877345,0.3433239855270795,0.3427452924277571,0,0
q_033,s500_x254852.800_y3365638.601,13,0.5855594277381897,500.0,256,256,12,4,0.3333333333333333,0.0,0,-1.0,0.33820802303572184,0.33333333333333337,0.3352832092142888,0,0
q_033,s300_x255267.051_y3364542.665,14,0.5835679769515991,300.0,256,256,8,4,0.5,0.0,0,-1.0,0.32396796786728205,0.3625,0.34708718714691283,0,1
q_033,s300_x254950.317_y3364170.530,15,0.5772508978843689,300.0,256,256,11,4,0.36363636363636365,0.0,0,-1.0,0.27879710297497856,0.3386363636363637,0.31470065937180963,0,1
q_033,s300_x254964.058_y3364554.565,16,0.5719630718231201,300.0,256,256,25,5,0.2,0.7755385637283325,0,-1.0,0.2409860079982304,0.3220530875424507,0.2896262557247626,0,1
q_033,s500_x253783.067_y3364678.442,17,0.5715032815933228,500.0,256,256,11,4,0.36363636363636365,0.0,0,-1.0,0.23769823494237022,0.3386363636363637,0.2982611121587663,0,0
q_033,s200_x254989.058_y3364654.565,18,0.5705795288085938,200.0,256,256,10,4,0.4,0.0,0,-1.0,0.231092854229417,0.34500000000000003,0.29943714169176683,0,1
q_033,s300_x254725.317_y3364170.530,19,0.5698490738868713,300.0,256,256,11,4,0.36363636363636365,0.0,0,-1.0,0.2258696679707229,0.3386363636363637,0.2935296853701074,0,0
q_033,s700_x254952.800_y3365363.601,20,0.5697044730186462,700.0,256,256,9,4,0.4444444444444444,0.0,0,-1.0,0.22483568593371006,0.3527777777777778,0.30160094104015067,0,0
q_033,s200_x254611.063_y3364816.491,21,0.5652836561203003,200.0,256,256,12,4,0.3333333333333333,0.0,0,-1.0,0.19322422109314832,0.33333333333333337,0.2772896884372593,0,0
q_033,s300_x255519.480_y3365760.735,22,0.5642567873001099,300.0,256,256,23,5,0.21739130434782608,0.923328697681427,0,-1.0,0.18588149952115465,0.31786523065443134,0.2650717382011207,0,0
q_033,s200_x254825.317_y3364195.530,23,0.5621934533119202,200.0,256,256,16,5,0.3125,1.271870732307434,0,-1.0,0.17112743679433176,0.3174551757888525,0.2589240801910442,0,1
q_033,s200_x254702.800_y3365563.601,24,0.5606070756912231,200.0,256,256,19,4,0.21052631578947367,0.0,0,-1.0,0.15978389519701278,0.3118421052631579,0.25101882123669983,0,0
q_033,s200_x255544.480_y3365710.735,25,0.5571214556694031,200.0,256,256,16,4,0.25,0.0,0,-1.0,0.13485964311850004,0.31875000000000003,0.24519385724740003,0,0
q_033,s300_x255505.764_y3365376.700,26,0.5558502674102783,300.0,256,256,16,4,0.25,0.0,0,-1.0,0.12576989254002843,0.31875000000000003,0.24155795701601138,0,0
q_033,s500_x255367.051_y3364642.665,27,0.5555298328399658,500.0,256,256,10,4,0.4,0.0,0,-1.0,0.1234785951653455,0.34500000000000003,0.25639143806613823,0,1
q_033,s300_x255505.764_y3365151.700,28,0.5540884137153625,300.0,256,256,20,4,0.2,0.0,0,-1.0,0.11317159285657356,0.31,0.23126863714262944,0,0
q_033,s200_x253091.241_y3363931.380,29,0.5533581972122192,200.0,256,256,13,5,0.38461538461538464,1.0692453384399414,0,-1.0,0.10795011143223561,0.33998977911667766,0.24717391204290085,0,0
q_033,s300_x255505.764_y3365601.700,30,0.5530084371566772,300.0,256,256,8,4,0.5,0.0,0,-1.0,0.1054491194317446,0.3625,0.25967964777269786,0,0
q_033,s200_x255367.051_y3364642.665,31,0.5522712469100952,200.0,256,256,15,4,0.26666666666666666,0.0,0,-1.0,0.10017777160248889,0.32166666666666666,0.23307110864099553,0,1
q_033,s300_x255492.051_y3364767.665,32,0.5503309369087219,300.0,256,256,14,4,0.2857142857142857,0.0,0,-1.0,0.08630340340344607,0.325,0.22952136136137843,0,0
q_033,s200_x255217.051_y3364492.665,33,0.5496599078178406,200.0,256,256,6,4,0.6666666666666666,0.0,0,-1.0,0.08150514710802555,0.39166666666666666,0.2676020588432102,0,1
q_033,s300_x253141.241_y3363981.380,34,0.549420952796936,300.0,256,256,16,5,0.3125,0.34715157747268677,0,-1.0,0.07979647687456128,0.36270145812411114,0.2495394656242912,0,0
q_033,s300_x254449.835_y3365400.528,35,0.5490502715110779,300.0,256,256,17,4,0.23529411764705882,1.5328096151351929,0,-1.0,0.07714588565931699,0.2411764705882353,0.17556423661666798,0,0
q_033,s200_x254624.835_y3365275.528,36,0.5489976406097412,200.0,256,256,6,4,0.6666666666666666,0.0,0,-1.0,0.07676954347519402,0.39166666666666666,0.2657078173900776,0,0
q_033,s300_x254725.317_y3363945.530,37,0.5481537580490112,300.0,256,256,22,5,0.22727272727272727,0.33685413002967834,0,-1.0,0.0707352822715554,0.34829053698453705,0.2372684350993444,0,0
q_033,s200_x254825.317_y3364045.530,38,0.5475387573242188,200.0,256,256,15,4,0.26666666666666666,0.0,0,-1.0,0.06633766204983316,0.32166666666666666,0.21953506481993323,0,0
q_033,s200_x254852.800_y3365563.601,39,0.5473331212997437,200.0,256,256,16,4,0.25,0.0,0,-1.0,0.06486724241764265,0.31875000000000003,0.21719689696705707,0,0
q_033,s700_x253883.067_y3364778.442,40,0.5472315549850464,700.0,256,256,15,4,0.26666666666666666,0.0,0,-1.0,0.06414098298191726,0.32166666666666666,0.2186563931927669,0,0
q_033,s500_x255908.727_y3365239.824,41,0.5470424294471741,500.0,256,256,15,4,0.26666666666666666,0.0,0,-1.0,0.06278862312889102,0.32166666666666666,0.2181154492515564,0,0
q_033,s200_x254839.058_y3364954.565,42,0.5454006195068359,200.0,256,256,21,5,0.23809523809523808,0.15123987197875977,0,-1.0,0.051048707543764164,0.3592665366789601,0.23597940502488168,0,0
q_033,s200_x255517.051_y3364642.665,43,0.5429830551147461,200.0,256,256,17,4,0.23529411764705882,0.0,0,-1.0,0.03376168717227223,0.3161764705882353,0.20321055722185005,0,0
q_033,s500_x254825.317_y3364045.530,44,0.5415354371070862,500.0,256,256,17,4,0.23529411764705882,0.0,0,-1.0,0.02341035917024007,0.3161764705882353,0.19907002602103718,0,1
q_033,s200_x254839.058_y3364504.565,45,0.5410383939743042,200.0,256,256,13,4,0.3076923076923077,0.0,0,-1.0,0.019856205746229438,0.32884615384615384,0.20525017460618408,0,1
q_033,s200_x255530.764_y3365251.700,46,0.5407700538635254,200.0,256,256,13,4,0.3076923076923077,0.0,0,-1.0,0.017937414678368083,0.32884615384615384,0.20448265817903952,0,0
q_033,s200_x255380.764_y3365101.700,47,0.5393693447113037,200.0,256,256,15,5,0.3333333333333333,0.9676505327224731,0,-1.0,0.007921512835910971,0.3359864291662529,0.20476046263411612,0,0
q_033,s200_x253377.414_y3363622.341,48,0.5388691425323486,200.0,256,256,9,4,0.4444444444444444,0.0,0,-1.0,0.0043447703566811815,0.3527777777777778,0.21340457480933914,0,0
q_033,s200_x255367.051_y3364492.665,49,0.5385672450065613,200.0,256,256,12,4,0.3333333333333333,0.0,0,-1.0,0.002186023853189894,0.33333333333333337,0.20087440954127597,0,1
q_033,s300_x254674.835_y3365400.528,50,0.5382615327835083,300.0,256,256,6,4,0.6666666666666666,0.0,0,-1.0,0.0,0.39166666666666666,0.235,0,0
q_034,s700_x254397.293_y3364157.454,1,0.8648767471313477,700.0,256,256,19,4,0.21052631578947367,0.0,0,-1.0,1.0,0.3118421052631579,0.5871052631578948,0,1
q_034,s500_x254311.063_y3364666.491,2,0.852588415145874,500.0,256,256,14,4,0.2857142857142857,0.0,0,-1.0,0.8306757152982706,0.325,0.5272702861193083,0,0
q_034,s500_x254297.293_y3364057.454,3,0.8512856960296631,500.0,256,256,6,4,0.6666666666666666,0.0,0,-1.0,0.812725192576355,0.39166666666666666,0.560090077030542,0,1
q_034,s500_x253227.414_y3363472.341,4,0.8461781740188599,500.0,256,256,4,4,1.0,0.0,0,-1.0,0.7423472509566192,0.45,0.5669389003826477,0,0
q_034,s500_x254297.293_y3364432.454,5,0.8455184698104858,500.0,256,256,6,4,0.6666666666666666,0.0,0,-1.0,0.7332570063791046,0.39166666666666666,0.5283028025516419,0,1
q_034,s700_x253327.414_y3363572.341,6,0.8429247140884399,700.0,256,256,6,4,0.6666666666666666,0.0,0,-1.0,0.6975169374384532,0.39166666666666666,0.5140067749753813,0,0
q_034,s700_x254411.063_y3364766.491,7,0.8419581055641174,700.0,256,256,12,4,0.3333333333333333,0.0,0,-1.0,0.6841977744177127,0.33333333333333337,0.4736791097670851,0,0
q_034,s300_x254449.835_y3365175.528,8,0.8380355834960938,300.0,256,256,5,0,0.0,,0,-1.0,0.6301482708577502,0.0,0.2520593083431001,0,0
q_034,s300_x254422.293_y3364182.454,9,0.8359538316726685,300.0,256,256,8,4,0.5,0.0,0,-1.0,0.6014632435615559,0.3625,0.45808529742462234,0,1
q_034,s500_x254686.063_y3364666.491,10,0.8338091969490051,500.0,256,256,6,4,0.6666666666666666,0.0,0,-1.0,0.5719117355977361,0.39166666666666666,0.46376469423909444,0,0
q_034,s300_x254436.063_y3364566.491,11,0.8336102962493896,300.0,256,256,8,4,0.5,0.0,0,-1.0,0.5691710285002328,0.3625,0.4451684114000931,0,0
q_034,s200_x254689.058_y3364504.565,12,0.8300091624259949,200.0,256,256,4,4,1.0,0.0,0,-1.0,0.5195500213950913,0.45,0.4778200085580365,0,0
q_034,s300_x254739.058_y3364554.565,13,0.828336238861084,300.0,256,256,4,4,1.0,0.0,0,-1.0,0.49649835040149676,0.45,0.46859934016059873,0,0
q_034,s300_x254211.063_y3364566.491,14,0.827273428440094,300.0,256,256,18,4,0.2222222222222222,0.0,0,-1.0,0.48185359515559284,0.3138888888888889,0.38107477139557044,0,0
q_034,s200_x254461.063_y3364666.491,15,0.820865273475647,200.0,256,256,10,4,0.4,0.0,0,-1.0,0.3935538766180808,0.34500000000000003,0.36442155064723236,0,0
q_034,s500_x254672.293_y3364057.454,16,0.8197985887527466,500.0,256,256,6,4,0.6666666666666666,0.0,0,-1.0,0.37885573630734687,0.39166666666666666,0.38654229452293876,0,1
q_034,s300_x254133.067_y3364803.442,17,0.8197754621505737,300.0,256,256,1,0,0.0,,0,-1.0,0.3785370685357462,0.0,0.1514148274142985,0,0
q_034,s300_x254436.063_y3364791.491,18,0.8172146081924438,300.0,256,256,9,4,0.4444444444444444,0.0,0,-1.0,0.343250361991805,0.3527777777777778,0.3489668114633887,0,0
q_034,s300_x253127.414_y3363372.341,19,0.8171423673629761,300.0,256,256,4,4,1.0,0.0,0,-1.0,0.34225493585989786,0.45,0.40690197434395914,0,0
q_034,s500_x255769.480_y3365860.735,20,0.810823917388916,500.0,256,256,3,0,0.0,,0,-1.0,0.2551912869003728,0.0,0.10207651476014912,0,0
q_034,s300_x254422.293_y3364407.454,21,0.8106986284255981,300.0,256,256,2,0,0.0,,0,-1.0,0.2534648960346395,0.0,0.10138595841385581,0,1
q_034,s300_x254436.063_y3365016.491,22,0.8106330633163452,300.0,256,256,6,4,0.6666666666666666,0.0,0,-1.0,0.25256145647597794,0.39166666666666666,0.33602458259039114,0,0
q_034,s700_x254939.058_y3364754.565,23,0.8102322816848755,700.0,256,256,15,4,0.26666666666666666,0.0,0,-1.0,0.24703897684648674,0.32166666666666666,0.29181559073859464,0,0
q_034,s300_x254211.063_y3364791.491,24,0.8098567128181458,300.0,256,256,6,4,0.6666666666666666,0.0,0,-1.0,0.24186391079273536,0.39166666666666666,0.3317455643170941,0,0
q_034,s200_x254311.063_y3364966.491,25,0.8094905018806458,200.0,256,256,11,4,0.36363636363636365,0.0,0,-1.0,0.23681779020326568,0.3386363636363637,0.2979089342631245,0,0
q_034,s200_x254324.835_y3365125.528,26,0.8087332844734192,200.0,256,256,10,4,0.4,0.0,0,-1.0,0.22638388460941433,0.34500000000000003,0.29755355384376575,0,0
q_034,s500_x254839.058_y3364654.565,27,0.80652916431427,500.0,256,256,11,4,0.36363636363636365,0.0,0,-1.0,0.19601271057328168,0.3386363636363637,0.2815869024111309,0,0
q_034,s300_x254197.293_y3364182.454,28,0.8063226938247681,300.0,256,256,2,0,0.0,,0,-1.0,0.19316769727218744,0.0,0.07726707890887498,0,1
q_034,s300_x253352.414_y3363372.341,29,0.8056504130363464,300.0,256,256,1,0,0.0,,0,-1.0,0.18390415656114767,0.0,0.07356166262445907,0,0
q_034,s200_x254675.317_y3364345.530,30,0.8053512573242188,200.0,256,256,4,4,1.0,0.0,0,-1.0,0.17978200824758186,0.45,0.3419128032990328,0,0
q_034,s200_x253227.414_y3363472.341,31,0.8050159215927124,200.0,256,256,17,5,0.29411764705882354,0.8997186422348022,0,-1.0,0.1751613255593728,0.3014705882352941,0.2509468831649256,0,0
q_034,s300_x254422.293_y3363957.454,32,0.8031964302062988,300.0,256,256,6,4,0.6666666666666666,0.0,0,-1.0,0.15009005649782475,0.39166666666666666,0.29503602259912987,0,1
q_034,s200_x254474.835_y3365275.528,33,0.8022966384887695,200.0,256,256,4,4,1.0,0.0,0,-1.0,0.13769158051822936,0.45,0.32507663220729177,0,0
q_034,s200_x254297.293_y3364357.454,34,0.8015442490577698,200.0,256,256,13,4,0.3076923076923077,0.0,0,-1.0,0.1273242009282431,0.32884615384615384,0.24823737267898954,0,1
q_034,s700_x254966.545_y3365972.637,35,0.800911009311676,700.0,256,256,10,4,0.4,0.0,0,-1.0,0.11859861740895178,0.34500000000000003,0.25443944696358073,0,0
q_034,s200_x254638.610_y3365884.565,36,0.8001834750175476,200.0,256,256,3,0,0.0,,0,-1.0,0.1085737235425672,0.0,0.04342948941702688,0,0
q_034,s200_x254474.835_y3365125.528,37,0.7980033755302429,200.0,256,256,15,4,0.26666666666666666,0.0,0,-1.0,0.07853353690838055,0.32166666666666666,0.2244134147633522,0,0
q_034,s300_x255202.800_y3365388.601,38,0.7978822588920593,300.0,256,256,3,0,0.0,,0,-1.0,0.07686463765092574,0.0,0.030745855060370298,0,0
q_034,s300_x254991.545_y3365997.637,39,0.7978130578994751,300.0,256,256,6,4,0.6666666666666666,0.0,0,-1.0,0.07591109826219294,0.39166666666666666,0.2653644393048772,0,0
q_034,s300_x254647.293_y3364182.454,40,0.7969857454299927,300.0,256,256,2,0,0.0,,0,-1.0,0.06451133364926341,0.0,0.025804533459705365,0,1
q_034,s200_x254297.293_y3364057.454,41,0.7968876361846924,200.0,256,256,4,4,1.0,0.0,0,-1.0,0.06315945954602983,0.45,0.29526378381841195,0,1
q_034,s700_x253341.241_y3364181.380,42,0.7965865135192871,700.0,256,256,5,0,0.0,,0,-1.0,0.059010208045704185,0.0,0.023604083218281675,0,0
q_034,s500_x254311.063_y3365041.491,43,0.7964447736740112,500.0,256,256,3,0,0.0,,0,-1.0,0.057057135981615825,0.0,0.022822854392646332,0,0
q_034,s200_x254447.293_y3364357.454,44,0.7954869270324707,200.0,256,256,1,0,0.0,,0,-1.0,0.04385870533826009,0.0,0.017543482135304038,0,1
q_034,s500_x254866.545_y3366247.637,45,0.7952234745025635,500.0,256,256,5,0,0.0,,0,-1.0,0.040228520929819996,0.0,0.016091408371928,0,0
q_034,s200_x254624.835_y3365125.528,46,0.7941002249717712,200.0,256,256,3,0,0.0,,0,-1.0,0.024750958672568043,0.0,0.009900383469027219,0,0
q_034,s200_x254447.293_y3364207.454,47,0.7935256361961365,200.0,256,256,4,4,1.0,0.0,0,-1.0,0.016833542903933987,0.45,0.2767334171615736,0,1
q_034,s300_x254688.610_y3366009.565,48,0.7934725880622864,300.0,256,256,4,4,1.0,0.0,0,-1.0,0.016102578170107813,0.45,0.27644103126804315,0,0
q_034,s200_x254597.293_y3364207.454,49,0.7924904227256775,200.0,256,256,3,0,0.0,,0,-1.0,0.002569053581357607,0.0,0.0010276214325430429,0,1
q_034,s500_x254699.835_y3365275.528,50,0.7923039793968201,500.0,256,256,6,4,0.6666666666666666,0.0,0,-1.0,0.0,0.39166666666666666,0.235,0,0
q_035,s200_x254474.835_y3365575.528,1,0.6686162948608398,200.0,256,256,14,5,0.35714285714285715,1.0755209922790527,0,-1.0,1.0,0.3125,0.5875,0,0
q_035,s200_x253633.067_y3364528.442,2,0.6453080177307129,200.0,256,256,28,4,0.14285714285714285,0.0,0,-1.0,0.8073770935933899,0.3,0.5029508374373559,0,0
q_035,s300_x256033.727_y3365139.824,3,0.6415280699729919,300.0,256,256,20,4,0.2,0.0,0,-1.0,0.7761390694746424,0.31,0.49645562778985697,0,0
q_035,s300_x254752.800_y3365613.601,4,0.6387408375740051,300.0,256,256,14,5,0.35714285714285715,0.9330377578735352,0,-1.0,0.7531049858087346,0.32243587541026925,0.4947035195696554,0,0
q_035,s300_x254449.835_y3365625.528,5,0.634864330291748,300.0,256,256,9,4,0.4444444444444444,0.0,0,-1.0,0.7210689800908516,0.3527777777777778,0.5000942587030073,0,0
q_035,s200_x253783.067_y3364528.442,6,0.633368968963623,200.0,256,256,21,5,0.23809523809523808,1.064690351486206,0,-1.0,0.7087111020914014,0.2924219267362468,0.4589375968783087,0,0
q_035,s200_x254675.317_y3364045.530,7,0.625656008720398,200.0,256,256,20,4,0.2,0.0,0,-1.0,0.6449701052449065,0.31,0.4439880420979626,0,0
q_035,s300_x253683.067_y3364578.442,8,0.619011640548706,300.0,256,256,16,5,0.3125,0.5669987201690674,0,-1.0,0.5900601047621769,0.34014861203969265,0.44011320912868634,0,0
q_035,s300_x255267.051_y3364542.665,9,0.6117666363716125,300.0,256,256,8,4,0.5,0.0,0,-1.0,0.5301863631840845,0.3625,0.4295745452736338,0,1
q_035,s200_x255908.727_y3365089.824,10,0.6084467172622681,200.0,256,256,15,4,0.26666666666666666,0.0,0,-1.0,0.502750081029613,0.32166666666666666,0.3941000324118452,0,0
q_035,s300_x254950.317_y3364170.530,11,0.6010082960128784,300.0,256,256,8,4,0.5,0.0,0,-1.0,0.4412779133470796,0.3625,0.39401116533883185,0,0
q_035,s500_x254852.800_y3365638.601,12,0.5928678512573242,500.0,256,256,16,4,0.25,0.0,0,-1.0,0.37400412389009136,0.31875000000000003,0.34085164955603653,0,0
q_035,s300_x254964.058_y3364554.565,13,0.5909002423286438,300.0,256,256,12,4,0.3333333333333333,0.0,0,-1.0,0.357743524773388,0.33333333333333337,0.3430974099093552,0,1
q_035,s200_x255394.480_y3365710.735,14,0.5906291604042053,200.0,256,256,10,4,0.4,0.0,0,-1.0,0.3555032653210004,0.34500000000000003,0.34920130612840017,0,0
q_035,s500_x255367.051_y3364642.665,15,0.5875824689865112,500.0,256,256,22,4,0.18181818181818182,0.0,0,-1.0,0.3303249755433417,0.3068181818181818,0.3162208993082458,0,1
q_035,s300_x254725.317_y3363945.530,16,0.5842390656471252,300.0,256,256,23,5,0.21739130434782608,0.885765552520752,0,-1.0,0.30269461638266076,0.3012758168986449,0.3018433366922513,0,0
q_035,s300_x254725.317_y3364170.530,17,0.5835403800010681,300.0,256,256,11,4,0.36363636363636365,0.0,0,-1.0,0.29692057915731174,0.3386363636363637,0.3219500498447429,0,0
q_035,s200_x254989.058_y3364654.565,18,0.5826783776283264,200.0,256,256,12,4,0.3333333333333333,0.0,0,-1.0,0.289796869350709,0.33333333333333337,0.3159187477402836,0,1
q_035,s300_x255505.764_y3365151.700,19,0.5807313919067383,300.0,256,256,21,4,0.19047619047619047,0.0,0,-1.0,0.27370670334098146,0.30833333333333335,0.2944826813363926,0,0
q_035,s200_x255367.051_y3364642.665,20,0.580575704574585,200.0,256,256,11,4,0.36363636363636365,0.0,0,-1.0,0.2724200811576841,0.3386363636363637,0.31214985064489187,0,1
q_035,s300_x255492.051_y3364767.665,21,0.5777568221092224,300.0,256,256,15,4,0.26666666666666666,0.0,0,-1.0,0.24912443685650418,0.32166666666666666,0.2926497747426017,0,1
q_035,s200_x254825.317_y3364045.530,22,0.576775312423706,200.0,256,256,14,4,0.2857142857142857,0.0,0,-1.0,0.24101310167566284,0.325,0.29140524067026513,0,0
q_035,s200_x254825.317_y3364195.530,23,0.5757880806922913,200.0,256,256,12,4,0.3333333333333333,0.0,0,-1.0,0.2328544786963542,0.33333333333333337,0.2931417914785417,0,0
q_035,s500_x253783.067_y3364678.442,24,0.5750415325164795,500.0,256,256,13,4,0.3076923076923077,0.0,0,-1.0,0.22668489874007572,0.32884615384615384,0.2879816518037226,0,0
q_035,s200_x255530.764_y3365551.700,25,0.5746371746063232,200.0,256,256,14,4,0.2857142857142857,0.0,0,-1.0,0.22334322764838763,0.325,0.28433729105935507,0,0
q_035,s700_x254952.800_y3365363.601,26,0.5729793310165405,700.0,256,256,11,4,0.36363636363636365,0.0,0,-1.0,0.2096425732049601,0.3386363636363637,0.28703884746380226,0,1
q_035,s200_x255217.051_y3364492.665,27,0.5725588202476501,200.0,256,256,13,4,0.3076923076923077,0.0,0,-1.0,0.20616741259884874,0.32884615384615384,0.2797746573472318,0,1
q_035,s300_x255267.051_y3364767.665,28,0.5712206363677979,300.0,256,256,12,4,0.3333333333333333,0.0,0,-1.0,0.19510847131354667,0.33333333333333337,0.27804338852541866,0,1
q_035,s200_x254611.063_y3364816.491,29,0.5688741207122803,200.0,256,256,11,4,0.36363636363636365,0.0,0,-1.0,0.17571653329208786,0.3386363636363637,0.27346843149865335,0,0
q_035,s200_x255380.764_y3365101.700,30,0.5683467388153076,200.0,256,256,19,5,0.2631578947368421,1.052207350730896,0,-1.0,0.17135817453335317,0.29767837680257764,0.24715029589488785,0,0
q_035,s200_x254624.835_y3365275.528,31,0.5649880170822144,200.0,256,256,16,4,0.25,0.0,0,-1.0,0.14360122199552539,0.31875000000000003,0.24869048879821015,0,0
q_035,s200_x254839.058_y3364954.565,32,0.5623472332954407,200.0,256,256,16,4,0.25,0.0,0,-1.0,0.12177741042163968,0.31875000000000003,0.23996096416865587,0,0
q_035,s500_x254825.317_y3364045.530,33,0.5623419880867004,500.0,256,256,14,4,0.2857142857142857,0.0,0,-1.0,0.12173406327304467,0.325,0.24369362530921787,0,0
q_035,s200_x255367.051_y3364492.665,34,0.5607845187187195,200.0,256,256,9,4,0.4444444444444444,0.0,0,-1.0,0.10886291562773075,0.3527777777777778,0.25521183291775895,0,1
q_035,s300_x254449.835_y3365400.528,35,0.5599570274353027,300.0,256,256,20,5,0.25,0.6889359354972839,0,-1.0,0.1020244103556338,0.3207079854477726,0.2332345554109171,0,0
q_035,s300_x253141.241_y3363981.380,36,0.5594226717948914,300.0,256,256,10,4,0.4,0.0,0,-1.0,0.0976084195925171,0.34500000000000003,0.24604336783700687,0,0
q_035,s300_x254674.835_y3365400.528,37,0.5588659644126892,300.0,256,256,12,4,0.3333333333333333,0.0,0,-1.0,0.09300771086663757,0.33333333333333337,0.23720308434665505,0,0
q_035,s200_x254702.800_y3365563.601,38,0.5586373805999756,200.0,256,256,10,4,0.4,0.0,0,-1.0,0.09111866183411638,0.34500000000000003,0.24344746473364656,0,0
q_035,s300_x254752.800_y3365388.601,39,0.557665228843689,300.0,256,256,11,4,0.36363636363636365,0.0,0,-1.0,0.0830846619070184,0.3386363636363637,0.23641568294462556,0,0
q_035,s200_x255530.764_y3365401.700,40,0.5567528605461121,200.0,256,256,17,4,0.23529411764705882,0.0,0,-1.0,0.07554472095765673,0.3161764705882353,0.21992377073600386,0,0
q_035,s200_x254852.800_y3365263.601,41,0.5550452470779419,200.0,256,256,10,4,0.4,0.0,0,-1.0,0.06143276118381063,0.34500000000000003,0.23157310447352428,0,0
q_035,s200_x253091.241_y3363931.380,42,0.5546790957450867,200.0,256,256,10,4,0.4,0.0,0,-1.0,0.05840683466313847,0.34500000000000003,0.2303627338652554,0,0
q_035,s200_x255530.764_y3365101.700,43,0.5542307496070862,200.0,256,256,13,4,0.3076923076923077,0.0,0,-1.0,0.054701638620733135,0.32884615384615384,0.21918834775598556,0,0
q_035,s200_x255517.051_y3364642.665,44,0.5521584749221802,200.0,256,256,12,4,0.3333333333333333,0.0,0,-1.0,0.037576066857065736,0.33333333333333337,0.2150304267428263,0,1
q_035,s300_x254739.058_y3365004.565,45,0.5506183505058289,300.0,256,256,15,5,0.3333333333333333,0.6625730395317078,0,-1.0,0.02484826035085576,0.33712969963244427,0.21221712391980885,0,0
q_035,s700_x253883.067_y3364778.442,46,0.5505136251449585,700.0,256,256,6,4,0.6666666666666666,0.0,0,-1.0,0.023982795122657653,0.39166666666666666,0.24459311804906306,0,0
q_035,s200_x255016.545_y3366022.637,47,0.5499097108840942,200.0,256,256,13,4,0.3076923076923077,0.0,0,-1.0,0.01899196205942303,0.32884615384615384,0.2049044771314615,0,0
q_035,s200_x255367.051_y3364792.665,48,0.5493571162223816,200.0,256,256,9,4,0.4444444444444444,0.0,0,-1.0,0.014425241438691862,0.3527777777777778,0.21743676324214342,0,1
q_035,s200_x254852.800_y3365563.601,49,0.5488693714141846,200.0,256,256,22,4,0.18181818181818182,0.0,0,-1.0,0.010394449200589915,0.3068181818181818,0.18824868877114506,0,0
q_035,s700_x255467.051_y3364742.665,50,0.5476115942001343,700.0,256,256,19,4,0.21052631578947367,0.0,0,-1.0,0.0,0.3118421052631579,0.18710526315789475,0,1
q_036,s300_x256033.727_y3365139.824,1,0.6737492680549622,300.0,256,256,7,4,0.5714285714285714,0.0,0,-1.0,1.0,0.3416666666666667,0.605,0,0
q_036,s200_x254675.317_y3364045.530,2,0.6715422868728638,200.0,256,256,13,4,0.3076923076923077,0.0,0,-1.0,0.9761852848767844,0.2955128205128205,0.567781806258406,0,0
q_036,s200_x255908.727_y3365089.824,3,0.6563894152641296,200.0,256,256,8,4,0.5,0.0,0,-1.0,0.8126762692187716,0.32916666666666666,0.5225705076875087,0,0
q_036,s500_x254852.800_y3365638.601,4,0.6509199142456055,500.0,256,256,15,4,0.26666666666666666,0.0,0,-1.0,0.7536569129692339,0.28833333333333333,0.47446276518769354,0,0
q_036,s200_x253783.067_y3364528.442,5,0.648903489112854,200.0,256,256,12,4,0.3333333333333333,0.0,0,-1.0,0.731898417476259,0.3,0.4727593669905036,0,0
q_036,s300_x254964.058_y3364554.565,6,0.6401873826980591,300.0,256,256,13,4,0.3076923076923077,0.0,0,-1.0,0.6378461469196903,0.2955128205128205,0.4324461510755685,0,1
q_036,s200_x253633.067_y3364528.442,7,0.6393722295761108,200.0,256,256,7,4,0.5714285714285714,0.0,0,-1.0,0.6290501320109725,0.3416666666666667,0.456620052804389,0,0
q_036,s200_x254989.058_y3364654.565,8,0.6374346613883972,200.0,256,256,12,4,0.3333333333333333,0.0,0,-1.0,0.60814255255516,0.3,0.42325702102206403,0,1
q_036,s300_x255267.051_y3364542.665,9,0.6365391612052917,300.0,256,256,9,4,0.4444444444444444,0.0,0,-1.0,0.5984795423190838,0.3194444444444444,0.4310584835943002,0,1
q_036,s200_x255217.051_y3364492.665,10,0.628527045249939,200.0,256,256,7,4,0.5714285714285714,0.0,0,-1.0,0.5120237716226255,0.3416666666666667,0.4098095086490502,0,1
q_036,s300_x254449.835_y3365625.528,11,0.6254997253417969,300.0,256,256,12,4,0.3333333333333333,0.0,0,-1.0,0.4793570856608106,0.3,0.37174283426432425,0,0
q_036,s300_x253683.067_y3364578.442,12,0.6252434849739075,300.0,256,256,12,4,0.3333333333333333,0.0,0,-1.0,0.4765920909187385,0.3,0.3706368363674954,0,0
q_036,s200_x254474.835_y3365575.528,13,0.624773383140564,200.0,256,256,15,4,0.26666666666666666,0.0,0,-1.0,0.4715193964477632,0.28833333333333333,0.36160775857910527,0,0
q_036,s300_x254950.317_y3364170.530,14,0.617371678352356,300.0,256,256,11,4,0.36363636363636365,0.0,0,-1.0,0.3916503461871179,0.3053030303030303,0.33984195665666533,0,1
q_036,s300_x255267.051_y3364767.665,15,0.6156444549560547,300.0,256,256,6,4,0.6666666666666666,0.0,0,-1.0,0.37301251933534646,0.35833333333333334,0.36420500773413855,0,1
q_036,s300_x254725.317_y3363945.530,16,0.6148157715797424,300.0,256,256,11,4,0.36363636363636365,0.0,0,-1.0,0.3640705044716506,0.3053030303030303,0.32881001997047843,0,0
q_036,s200_x254611.063_y3364816.491,17,0.6122824549674988,200.0,256,256,12,4,0.3333333333333333,0.0,0,-1.0,0.3367344247955518,0.3,0.31469376991822073,0,0
q_036,s300_x254725.317_y3364170.530,18,0.6102490425109863,300.0,256,256,9,4,0.4444444444444444,0.0,0,-1.0,0.3147926253943446,0.3194444444444444,0.3175837168244045,0,0
q_036,s700_x254952.800_y3365363.601,19,0.6082941293716431,700.0,256,256,14,4,0.2857142857142857,0.0,0,-1.0,0.2936978830006528,0.29166666666666663,0.2924791532002611,0,0
q_036,s200_x255367.051_y3364642.665,20,0.6078001260757446,200.0,256,256,16,4,0.25,0.0,0,-1.0,0.28836727671493667,0.28541666666666665,0.28659691068597465,0,1
q_036,s300_x254950.317_y3364395.530,21,0.6061230897903442,300.0,256,256,0,0,0.0,,0,-1.0,0.2702710003569602,0.0,0.1081084001427841,0,1
q_036,s300_x254752.800_y3365613.601,22,0.6049571633338928,300.0,256,256,13,4,0.3076923076923077,0.0,0,-1.0,0.25768992053614787,0.2955128205128205,0.28038366052215147,0,0
q_036,s500_x253783.067_y3364678.442,23,0.6026473045349121,500.0,256,256,11,4,0.36363636363636365,0.0,0,-1.0,0.23276509121781327,0.3053030303030303,0.27628785466894346,0,0
q_036,s500_x255367.051_y3364642.665,24,0.6007975935935974,500.0,256,256,8,4,0.5,0.0,0,-1.0,0.21280554671194596,0.32916666666666666,0.2826222186847784,0,1
q_036,s200_x254624.835_y3365275.528,25,0.6004503965377808,200.0,256,256,13,4,0.3076923076923077,0.0,0,-1.0,0.20905907209632138,0.2955128205128205,0.26093132114622086,0,0
q_036,s700_x255467.051_y3364742.665,26,0.5953009128570557,700.0,256,256,7,4,0.5714285714285714,0.0,0,-1.0,0.15349290420923659,0.3416666666666667,0.26639716168369465,0,1
q_036,s200_x254989.058_y3364954.565,27,0.5948225259780884,200.0,256,256,14,4,0.2857142857142857,0.0,0,-1.0,0.1483308088847726,0.29166666666666663,0.234332323553909,0,0
q_036,s300_x254752.800_y3365388.601,28,0.5943089127540588,300.0,256,256,10,4,0.4,0.0,0,-1.0,0.14278859914007955,0.31166666666666665,0.2441154396560318,0,0
q_036,s200_x255380.764_y3365101.700,29,0.5935347080230713,200.0,256,256,12,4,0.3333333333333333,0.0,0,-1.0,0.13443444312594266,0.3,0.23377377725037707,0,0
q_036,s300_x254739.058_y3365004.565,30,0.5934352874755859,300.0,256,256,5,4,0.8,0.0,0,-1.0,0.13336163288407796,0.38166666666666665,0.28234465315363116,0,0
q_036,s300_x253141.241_y3363981.380,31,0.5929583311080933,300.0,256,256,11,4,0.36363636363636365,0.0,0,-1.0,0.12821497367820195,0.3053030303030303,0.23446780765309894,0,0
q_036,s500_x254825.317_y3364420.530,32,0.59295254945755,500.0,256,256,5,4,0.8,0.0,0,-1.0,0.1281525860322422,0.38166666666666665,0.28026103441289685,0,1
q_036,s700_x255453.340_y3364133.631,33,0.5920080542564392,700.0,256,256,5,4,0.8,0.0,0,-1.0,0.1179608887345277,0.38166666666666665,0.27618435549381104,0,1
q_036,s200_x255530.764_y3365551.700,34,0.5918937921524048,200.0,256,256,11,4,0.36363636363636365,0.0,0,-1.0,0.11672792876231272,0.3053030303030303,0.22987298968674325,0,0
q_036,s300_x255492.051_y3364767.665,35,0.5917836427688599,300.0,256,256,10,4,0.4,0.0,0,-1.0,0.11553934763103818,0.31166666666666665,0.23321573905241524,0,1
q_036,s200_x255367.051_y3364492.665,36,0.5917020440101624,200.0,256,256,20,6,0.3,1.5083290338516235,0,-1.0,0.11465884569991543,0.3025,0.22736353827996617,0,1
q_036,s200_x255758.727_y3365239.824,37,0.5916832685470581,200.0,256,256,14,4,0.2857142857142857,0.0,0,-1.0,0.11445624664344817,0.29166666666666663,0.22078249865737923,0,0
q_036,s300_x254674.835_y3365400.528,38,0.5914766788482666,300.0,256,256,5,4,0.8,0.0,0,-1.0,0.11222701385070058,0.38166666666666665,0.2738908055402802,0,0
q_036,s200_x254675.317_y3364195.530,39,0.5912157297134399,200.0,256,256,10,4,0.4,0.0,0,-1.0,0.1094112085516097,0.31166666666666665,0.23076448342064385,0,0
q_036,s200_x254119.759_y3363139.382,40,0.5910604596138,200.0,256,256,13,4,0.3076923076923077,0.0,0,-1.0,0.10773574651320592,0.2955128205128205,0.2204019909129747,0,0
q_036,s200_x255908.727_y3365239.824,41,0.5888566374778748,200.0,256,256,15,4,0.26666666666666666,0.0,0,-1.0,0.08395511948520544,0.28833333333333333,0.20658204779408218,0,0
q_036,s500_x255186.579_y3363436.495,42,0.5867391228675842,500.0,256,256,10,4,0.4,0.0,0,-1.0,0.061105804945346495,0.31166666666666665,0.21144232197813856,0,0
q_036,s200_x254975.317_y3364345.530,43,0.5866886377334595,200.0,256,256,3,0,0.0,,0,-1.0,0.06056103859351233,0.0,0.02422441543740493,0,1
q_036,s300_x255505.764_y3365151.700,44,0.5860506296157837,300.0,256,256,23,4,0.17391304347826086,0.0,0,-1.0,0.05367652970327278,0.2721014492753623,0.18473148144652649,0,0
q_036,s200_x255517.051_y3364642.665,45,0.5816410183906555,200.0,256,256,8,4,0.5,0.0,0,-1.0,0.0060940509842133525,0.32916666666666666,0.19993762039368532,0,1
q_036,s700_x254925.317_y3364145.530,46,0.5813181400299072,700.0,256,256,6,4,0.6666666666666666,0.0,0,-1.0,0.0026099903845844628,0.35833333333333334,0.2160439961538338,0,1
q_036,s300_x255730.764_y3365376.700,47,0.5813111066818237,300.0,256,256,12,4,0.3333333333333333,0.0,0,-1.0,0.002534096134860223,0.3,0.18101363845394408,0,0
q_036,s200_x254433.525_y3363598.418,48,0.5811864137649536,200.0,256,256,10,4,0.4,0.0,0,-1.0,0.0011885811312745411,0.31166666666666665,0.18747543245250978,0,0
q_036,s200_x254989.058_y3364504.565,49,0.5810902714729309,200.0,256,256,12,4,0.3333333333333333,0.0,0,-1.0,0.0001511453278406478,0.3,0.18006045813113625,0,1
q_036,s200_x253091.241_y3363931.380,50,0.5810762643814087,200.0,256,256,8,4,0.5,0.0,0,-1.0,0.0,0.32916666666666666,0.19749999999999998,0,0
q_037,s200_x254447.293_y3364057.454,1,0.7878227233886719,200.0,256,256,16,4,0.25,0.0,0,-1.0,1.0,0.31875000000000003,0.59125,0,1
q_037,s200_x254866.545_y3366022.637,2,0.7574654221534729,200.0,256,256,13,4,0.3076923076923077,0.0,0,-1.0,0.7770244239009945,0.32884615384615384,0.5081174618680901,0,0
q_037,s300_x254739.058_y3364779.565,3,0.7352864146232605,300.0,256,256,11,4,0.36363636363636365,0.0,0,-1.0,0.6141187379495971,0.3386363636363637,0.4488293133616571,0,0
q_037,s300_x254766.545_y3365997.637,4,0.7333859801292419,300.0,256,256,16,4,0.25,0.0,0,-1.0,0.6001599715606114,0.31875000000000003,0.4313139886242446,0,0
q_037,s200_x254675.317_y3364345.530,5,0.7323479652404785,200.0,256,256,18,4,0.2222222222222222,0.0,0,-1.0,0.592535711221125,0.3138888888888889,0.4253476178217833,0,0
q_037,s200_x254297.293_y3364057.454,6,0.7311466932296753,200.0,256,256,9,4,0.4444444444444444,0.0,0,-1.0,0.5837123208747563,0.3527777777777778,0.4451515950165692,0,1
q_037,s300_x254422.293_y3364182.454,7,0.7265188694000244,300.0,256,256,4,4,1.0,0.0,0,-1.0,0.549720772136404,0.45,0.48988830885456164,0,1
q_037,s200_x254161.063_y3364816.491,8,0.7212618589401245,200.0,256,256,7,4,0.5714285714285714,0.0,0,-1.0,0.5111078227581654,0.375,0.4294431291032661,0,0
q_037,s200_x254716.545_y3365722.637,9,0.7202138900756836,200.0,256,256,15,4,0.26666666666666666,0.0,0,-1.0,0.5034104500743382,0.32166666666666666,0.3943641800297353,0,0
q_037,s200_x254689.058_y3364804.565,10,0.718912661075592,200.0,256,256,15,4,0.26666666666666666,0.0,0,-1.0,0.49385287169527825,0.32166666666666666,0.3905411486781113,0,0
q_037,s200_x254338.610_y3366034.565,11,0.7083240747451782,200.0,256,256,21,5,0.23809523809523808,0.575684130191803,0,-1.0,0.41607928705394903,0.3156682408080278,0.3558326593063963,0,0
q_037,s200_x254488.610_y3366034.565,12,0.7060073018074036,200.0,256,256,10,4,0.4,0.0,0,-1.0,0.39906249835825575,0.34500000000000003,0.36662499934330234,0,0
q_037,s500_x254866.545_y3366247.637,13,0.7046107053756714,500.0,256,256,11,4,0.36363636363636365,0.0,0,-1.0,0.3888044424286257,0.3386363636363637,0.35870359515326855,0,0
q_037,s700_x254397.293_y3364157.454,14,0.7036187052726746,700.0,256,256,2,0,0.0,,0,-1.0,0.38151816250728937,0.0,0.15260726500291577,0,1
q_037,s500_x254672.293_y3364057.454,15,0.7020687460899353,500.0,256,256,11,4,0.36363636363636365,0.0,0,-1.0,0.37013365111664875,0.3386363636363637,0.3512352786284777,0,1
q_037,s300_x254422.293_y3363957.454,16,0.7017288208007812,300.0,256,256,7,4,0.5714285714285714,0.0,0,-1.0,0.3676368864473355,0.375,0.3720547545789342,0,1
q_037,s200_x253796.869_y3365287.480,17,0.6982263326644897,200.0,256,256,9,4,0.4444444444444444,0.0,0,-1.0,0.3419109728057103,0.3527777777777778,0.34843105578895084,0,0
q_037,s500_x254297.293_y3364057.454,18,0.6926858425140381,500.0,256,256,14,4,0.2857142857142857,0.0,0,-1.0,0.30121585390840205,0.325,0.31548634156336086,0,1
q_037,s200_x254839.058_y3364504.565,19,0.6923583745956421,200.0,256,256,12,4,0.3333333333333333,0.0,0,-1.0,0.29881058911913194,0.33333333333333337,0.3195242356476528,0,0
q_037,s300_x254739.058_y3364554.565,20,0.690921425819397,300.0,256,256,5,4,0.8,0.0,0,-1.0,0.28825614362591695,0.415,0.36430245745036677,0,0
q_037,s200_x254839.058_y3364804.565,21,0.6903895139694214,200.0,256,256,18,4,0.2222222222222222,0.0,0,-1.0,0.2843492300876122,0.3138888888888889,0.3020730253683782,0,0
q_037,s300_x254463.610_y3366009.565,22,0.6898373365402222,300.0,256,256,12,4,0.3333333333333333,0.0,0,-1.0,0.28029346506981134,0.33333333333333337,0.31211738602792455,0,0
q_037,s200_x254297.293_y3364207.454,23,0.6841216683387756,200.0,256,256,7,4,0.5714285714285714,0.0,0,-1.0,0.23831165647179964,0.375,0.32032466258871983,0,1
q_037,s200_x254689.058_y3364504.565,24,0.680965781211853,200.0,256,256,2,0,0.0,,0,-1.0,0.2151315409280277,0.0,0.08605261637121109,0,0
q_037,s200_x253077.414_y3363472.341,25,0.6771847009658813,200.0,256,256,4,4,1.0,0.0,0,-1.0,0.18735935724179958,0.45,0.34494374289671986,0,0
q_037,s200_x254638.610_y3366034.565,26,0.6760914325714111,200.0,256,256,7,4,0.5714285714285714,0.0,0,-1.0,0.1793292577214516,0.375,0.29673170308858066,0,0
q_037,s500_x254839.058_y3364654.565,27,0.6756971478462219,500.0,256,256,15,4,0.26666666666666666,0.0,0,-1.0,0.17643322084831334,0.32166666666666666,0.2635732883393253,0,0
q_037,s700_x254411.063_y3364766.491,28,0.6721783876419067,700.0,256,256,18,4,0.2222222222222222,0.0,0,-1.0,0.15058778822462213,0.3138888888888889,0.24856844862318217,0,0
q_037,s200_x254324.835_y3365125.528,29,0.6707257032394409,200.0,256,256,14,4,0.2857142857142857,0.0,0,-1.0,0.13991776393556307,0.325,0.25096710557422525,0,0
q_037,s700_x254438.610_y3365984.565,30,0.6663756370544434,700.0,256,256,18,4,0.2222222222222222,0.0,0,-1.0,0.10796635606324612,0.3138888888888889,0.23151987575863178,0,0
q_037,s200_x254161.063_y3364966.491,31,0.6662918329238892,200.0,256,256,23,5,0.21739130434782608,0.8466204404830933,0,-1.0,0.10735081141568265,0.28804347826086957,0.2157664115227948,0,0
q_037,s200_x254083.067_y3364828.442,32,0.665971040725708,200.0,256,256,18,5,0.2777777777777778,0.25087031722068787,0,-1.0,0.10499458005495246,0.35138713340887734,0.2528301120673074,0,0
q_037,s500_x253796.869_y3365287.480,33,0.6659329533576965,500.0,256,256,14,4,0.2857142857142857,0.0,0,-1.0,0.10471482683319353,0.325,0.2368859307332774,0,0
q_037,s300_x255519.480_y3365760.735,34,0.6658076643943787,300.0,256,256,11,4,0.36363636363636365,0.0,0,-1.0,0.10379457445113206,0.3386363636363637,0.24469964796227103,0,0
q_037,s300_x255505.764_y3365376.700,35,0.6649098992347717,300.0,256,256,12,4,0.3333333333333333,0.0,0,-1.0,0.09720045390945277,0.33333333333333337,0.23888018156378113,0,0
q_037,s200_x255544.480_y3365710.735,36,0.663028359413147,200.0,256,256,13,4,0.3076923076923077,0.0,0,-1.0,0.08338046963517377,0.32884615384615384,0.2306598801617618,0,0
q_037,s700_x254939.058_y3364754.565,37,0.6620216369628906,700.0,256,256,15,4,0.26666666666666666,0.0,0,-1.0,0.07598605349196814,0.32166666666666666,0.22339442139678722,0,0
q_037,s200_x254716.545_y3366022.637,38,0.6620199084281921,200.0,256,256,16,4,0.25,0.0,0,-1.0,0.07597335733636407,0.31875000000000003,0.22163934293454562,0,0
q_037,s200_x253227.414_y3363622.341,39,0.6609958410263062,200.0,256,256,14,4,0.2857142857142857,0.0,0,-1.0,0.0684515418386485,0.325,0.22238061673545942,0,0
q_037,s300_x254422.293_y3364407.454,40,0.6600974798202515,300.0,256,256,15,4,0.26666666666666666,0.0,0,-1.0,0.061853043312278144,0.32166666666666666,0.21774121732491125,0,0
q_037,s200_x254597.293_y3364207.454,41,0.6576032638549805,200.0,256,256,8,4,0.5,0.0,0,-1.0,0.043532928574055364,0.3625,0.23491317142962215,0,0
q_037,s200_x254297.293_y3364357.454,42,0.6574195623397827,200.0,256,256,8,4,0.5,0.0,0,-1.0,0.042183633692269705,0.3625,0.23437345347690788,0,0
q_037,s200_x254324.835_y3365575.528,43,0.6572445034980774,200.0,256,256,12,4,0.3333333333333333,0.0,0,-1.0,0.04089781958850446,0.33333333333333337,0.2163591278354018,0,0
q_037,s200_x254474.835_y3365275.528,44,0.6560349464416504,200.0,256,256,21,4,0.19047619047619047,0.0,0,-1.0,0.03201357525493005,0.30833333333333335,0.19780543010197202,0,0
q_037,s300_x254133.067_y3364803.442,45,0.6560066938400269,300.0,256,256,4,4,1.0,0.0,0,-1.0,0.03180605878057366,0.45,0.2827224235122295,0,0
q_037,s200_x254461.063_y3364816.491,46,0.654120683670044,200.0,256,256,17,4,0.23529411764705882,0.0,0,-1.0,0.017953239621111693,0.3161764705882353,0.19688717820138585,0,0
q_037,s200_x254083.067_y3364978.442,47,0.6531716585159302,200.0,256,256,9,4,0.4444444444444444,0.0,0,-1.0,0.010982612396000974,0.3527777777777778,0.21605971162506707,0,0
q_037,s200_x255230.764_y3365401.700,48,0.652763307094574,200.0,256,256,14,4,0.2857142857142857,0.0,0,-1.0,0.007983255084153621,0.325,0.19819330203366145,0,0
q_037,s300_x254197.293_y3364182.454,49,0.6517214775085449,300.0,256,256,9,4,0.4444444444444444,0.0,0,-1.0,0.0003309756426443728,0.3527777777777778,0.21179905692372442,0,1
q_037,s200_x254461.063_y3364666.491,50,0.6516764163970947,200.0,256,256,14,4,0.2857142857142857,0.0,0,-1.0,0.0,0.325,0.195,0,0
q_038,s200_x255530.764_y3365401.700,1,0.7177301049232483,200.0,256,256,14,4,0.2857142857142857,0.0,0,-1.0,1.0,0.325,0.595,0,0
q_038,s300_x254449.835_y3365625.528,2,0.7075467109680176,300.0,256,256,21,5,0.23809523809523808,1.3224527835845947,0,-1.0,0.9078234278231905,0.3306037526930741,0.5614916227451208,0,0
q_038,s300_x255505.764_y3365376.700,3,0.696133017539978,300.0,256,256,11,4,0.36363636363636365,0.0,0,-1.0,0.8045106088652962,0.3386363636363637,0.5249860617279367,0,0
q_038,s200_x253633.067_y3364528.442,4,0.690859317779541,200.0,256,256,11,4,0.36363636363636365,0.0,0,-1.0,0.7567748963176094,0.3386363636363637,0.505891776708862,0,0
q_038,s200_x255544.480_y3365710.735,5,0.6740227341651917,200.0,256,256,21,5,0.23809523809523808,1.0242506265640259,0,-1.0,0.6043759444984265,0.33873564130857764,0.44499176258451717,0,0
q_038,s300_x255519.480_y3365760.735,6,0.6714992523193359,300.0,256,256,16,4,0.25,0.0,0,-1.0,0.5815342565971242,0.31875000000000003,0.4238637026388497,0,0
q_038,s200_x255394.480_y3365710.735,7,0.6685100793838501,200.0,256,256,13,5,0.38461538461538464,2.7503035068511963,0,-1.0,0.5544772934620342,0.3173076923076923,0.4121755327694291,0,0
q_038,s200_x253783.067_y3364528.442,8,0.6629014015197754,200.0,256,256,11,4,0.36363636363636365,0.0,0,-1.0,0.5037094745769753,0.3386363636363637,0.40466560801260837,0,0
q_038,s200_x254474.835_y3365575.528,9,0.6607855558395386,200.0,256,256,19,5,0.2631578947368421,0.7198917269706726,0,-1.0,0.48455756874707645,0.3514213874677782,0.4046758599794975,0,0
q_038,s300_x256033.727_y3365139.824,10,0.6597527265548706,300.0,256,256,22,5,0.22727272727272727,1.24199378490448,0,-1.0,0.47520875404707963,0.33090390747309645,0.3886258461026897,0,0
q_038,s300_x253683.067_y3364578.442,11,0.6562355160713196,300.0,256,256,8,4,0.5,0.0,0,-1.0,0.4433721770253742,0.3625,0.3948488708101497,0,0
q_038,s200_x254839.058_y3364504.565,12,0.6554843783378601,200.0,256,256,14,5,0.35714285714285715,0.046846579760313034,0,-1.0,0.436573137156413,0.3862225069984927,0.4063627590616608,0,1
q_038,s300_x254422.293_y3363957.454,13,0.6540259122848511,300.0,256,256,10,4,0.4,0.0,0,-1.0,0.4233716051334316,0.34500000000000003,0.37634864205337265,0,1
q_038,s200_x255530.764_y3365551.700,14,0.6526303291320801,200.0,256,256,16,4,0.25,0.0,0,-1.0,0.4107392674495831,0.31875000000000003,0.35554570697983323,0,0
q_038,s200_x254675.317_y3364345.530,15,0.6494938135147095,200.0,256,256,13,4,0.3076923076923077,0.0,0,-1.0,0.3823486091426099,0.32884615384615384,0.3502471359647362,0,1
q_038,s200_x254447.293_y3363907.454,16,0.6485307812690735,200.0,256,256,6,4,0.6666666666666666,0.0,0,-1.0,0.37363157318301565,0.39166666666666666,0.3844526292732062,0,1
q_038,s700_x255480.764_y3365351.700,17,0.647835373878479,700.0,256,256,12,4,0.3333333333333333,0.0,0,-1.0,0.36733698516911545,0.33333333333333337,0.34693479406764616,0,0
q_038,s500_x255380.764_y3365251.700,18,0.6454743146896362,500.0,256,256,6,0,0.0,,0,-1.0,0.34596549117694825,0.0,0.1383861964707793,0,0
q_038,s200_x253077.414_y3363472.341,19,0.6451575756072998,200.0,256,256,15,4,0.26666666666666666,0.0,0,-1.0,0.34309847817395983,0.32166666666666666,0.3302393912695839,0,0
q_038,s700_x253896.869_y3365387.480,20,0.6434841752052307,700.0,256,256,14,4,0.2857142857142857,0.0,0,-1.0,0.3279514345046148,0.325,0.32618057380184595,0,0
q_038,s700_x254397.293_y3364157.454,21,0.6394524574279785,700.0,256,256,6,4,0.6666666666666666,0.0,0,-1.0,0.2914577147953301,0.39166666666666666,0.35158308591813203,0,1
q_038,s500_x253796.869_y3365287.480,22,0.6380048990249634,500.0,256,256,12,4,0.3333333333333333,0.0,0,-1.0,0.2783549150605585,0.33333333333333337,0.3113419660242234,0,0
q_038,s200_x254716.545_y3365722.637,23,0.6371220350265503,200.0,256,256,12,4,0.3333333333333333,0.0,0,-1.0,0.27036353444327127,0.33333333333333337,0.30814541377730853,0,0
q_038,s200_x254297.293_y3364057.454,24,0.6364511847496033,200.0,256,256,13,4,0.3076923076923077,0.0,0,-1.0,0.26429122895801826,0.32884615384615384,0.3030241838908996,0,1
q_038,s200_x255908.727_y3365389.824,25,0.633107602596283,200.0,256,256,15,4,0.26666666666666666,0.0,0,-1.0,0.23402627573716062,0.32166666666666666,0.28661051029486423,0,0
q_038,s200_x254989.058_y3364804.565,26,0.6260818839073181,200.0,256,256,18,4,0.2222222222222222,0.0,0,-1.0,0.17043189171603731,0.3138888888888889,0.2565060900197482,0,0
q_038,s300_x255280.764_y3365376.700,27,0.6247149109840393,300.0,256,256,19,4,0.21052631578947367,0.0,0,-1.0,0.1580585239684769,0.3118421052631579,0.2503286727452855,0,0
q_038,s200_x254474.835_y3365275.528,28,0.6226056218147278,200.0,256,256,20,4,0.2,0.0,0,-1.0,0.13896596541564404,0.31,0.2415863861662576,0,0
q_038,s200_x254311.063_y3364816.491,29,0.6216224431991577,200.0,256,256,12,4,0.3333333333333333,0.0,0,-1.0,0.13006657145924702,0.33333333333333337,0.25202662858369884,0,0
q_038,s500_x254866.545_y3366247.637,30,0.6215802431106567,500.0,256,256,12,4,0.3333333333333333,0.0,0,-1.0,0.12968459080322223,0.33333333333333337,0.2518738363212889,0,0
q_038,s200_x255530.764_y3365251.700,31,0.6210008859634399,200.0,256,256,13,4,0.3076923076923077,0.0,0,-1.0,0.12444044959339022,0.32884615384615384,0.2470838721450484,0,0
q_038,s500_x255908.727_y3365239.824,32,0.6207183599472046,500.0,256,256,11,4,0.36363636363636365,0.0,0,-1.0,0.12188312147254622,0.3386363636363637,0.2519350667708367,0,0
q_038,s200_x255544.480_y3366010.735,33,0.6177747249603271,200.0,256,256,20,4,0.2,0.0,0,-1.0,0.09523835215271458,0.31,0.22409534086108585,0,0
q_038,s500_x254297.293_y3364057.454,34,0.6164730787277222,500.0,256,256,4,4,1.0,0.0,0,-1.0,0.08345629909301175,0.45,0.3033825196372047,0,1
q_038,s200_x254825.317_y3364195.530,35,0.6162416934967041,200.0,256,256,5,4,0.8,0.0,0,-1.0,0.08136187973328254,0.415,0.28154475189331296,0,1
q_038,s500_x254672.293_y3364057.454,36,0.6153379678726196,500.0,256,256,8,4,0.5,0.0,0,-1.0,0.07318166687078533,0.3625,0.24677266674831413,0,1
q_038,s200_x254447.293_y3364057.454,37,0.6148324012756348,200.0,256,256,5,4,0.8,0.0,0,-1.0,0.06860545228829612,0.415,0.2764421809153184,0,1
q_038,s200_x253227.414_y3363622.341,38,0.6147148609161377,200.0,256,256,16,4,0.25,0.0,0,-1.0,0.06754151746671293,0.31875000000000003,0.21826660698668518,0,0
q_038,s300_x254752.800_y3365613.601,39,0.6146727800369263,300.0,256,256,13,4,0.3076923076923077,0.0,0,-1.0,0.06716061585208932,0.32884615384615384,0.22417193864852802,0,0
q_038,s700_x254952.800_y3365363.601,40,0.6140258312225342,700.0,256,256,14,4,0.2857142857142857,0.0,0,-1.0,0.06130465816777691,0.325,0.21952186326711076,0,0
q_038,s300_x254449.835_y3365400.528,41,0.6128174662590027,300.0,256,256,14,4,0.2857142857142857,0.0,0,-1.0,0.05036695500451309,0.325,0.21514678200180526,0,0
q_038,s200_x253091.241_y3363931.380,42,0.612704873085022,200.0,256,256,12,4,0.3333333333333333,0.0,0,-1.0,0.04934780040107969,0.33333333333333337,0.2197391201604319,0,0
q_038,s300_x254725.317_y3364170.530,43,0.6126793622970581,300.0,256,256,11,4,0.36363636363636365,0.0,0,-1.0,0.049116885541222885,0.3386363636363637,0.22282857239830736,0,1
q_038,s200_x254461.063_y3364816.491,44,0.6124898195266724,200.0,256,256,16,4,0.25,0.0,0,-1.0,0.047401209713314886,0.31875000000000003,0.21021048388532595,0,0
q_038,s300_x255505.764_y3365601.700,45,0.6121636629104614,300.0,256,256,9,4,0.4444444444444444,0.0,0,-1.0,0.04444895243963168,0.3527777777777778,0.22944624764251934,0,0
q_038,s200_x254866.545_y3366022.637,46,0.6112467050552368,200.0,256,256,8,4,0.5,0.0,0,-1.0,0.036148965981601264,0.3625,0.2319595863926405,0,0
q_038,s200_x255230.764_y3365551.700,47,0.610656201839447,200.0,256,256,15,4,0.26666666666666666,0.0,0,-1.0,0.030803934400757054,0.32166666666666666,0.2053215737603028,0,0
q_038,s200_x254338.610_y3366034.565,48,0.6103629469871521,200.0,256,256,10,4,0.4,0.0,0,-1.0,0.028149492553805052,0.34500000000000003,0.21825979702152204,0,0
q_038,s200_x254311.063_y3364666.491,49,0.6073024868965149,200.0,256,256,17,4,0.23529411764705882,0.0,0,-1.0,0.0004472626607974008,0.3161764705882353,0.18988478741726014,0,0
q_038,s300_x254133.067_y3364803.442,50,0.6072530746459961,300.0,256,256,11,4,0.36363636363636365,0.0,0,-1.0,0.0,0.3386363636363637,0.2031818181818182,0,0
q_039,s700_x254952.800_y3365363.601,1,0.8235872387886047,700.0,256,256,17,4,0.23529411764705882,0.0,0,-1.0,1.0,0.3161764705882353,0.5897058823529412,0,0
q_039,s700_x254925.317_y3364145.530,2,0.8227077722549438,700.0,256,256,17,4,0.23529411764705882,0.0,0,-1.0,0.9846744926639066,0.3161764705882353,0.5835756794185039,0,1
q_039,s300_x254725.317_y3364170.530,3,0.8192110061645508,300.0,256,256,17,4,0.23529411764705882,0.0,0,-1.0,0.9237401508557563,0.3161764705882353,0.5592019426952437,0,1
q_039,s200_x254675.317_y3364045.530,4,0.8168917298316956,200.0,256,256,17,4,0.23529411764705882,0.0,0,-1.0,0.8833246431665167,0.3161764705882353,0.5430357396195479,0,1
q_039,s500_x254825.317_y3364045.530,5,0.806511402130127,500.0,256,256,6,4,0.6666666666666666,0.0,0,-1.0,0.7024379553249257,0.39166666666666666,0.5159751821299703,0,1
q_039,s200_x254675.317_y3364195.530,6,0.8050282001495361,200.0,256,256,9,4,0.4444444444444444,0.0,0,-1.0,0.6765918065922013,0.3527777777777778,0.4823033893035472,0,1
q_039,s500_x254852.800_y3365263.601,7,0.8047354221343994,500.0,256,256,14,4,0.2857142857142857,0.0,0,-1.0,0.6714898823607617,0.325,0.46359595294430467,0,0
q_039,s200_x253091.241_y3363931.380,8,0.804668128490448,200.0,256,256,4,4,1.0,0.0,0,-1.0,0.6703172291732016,0.45,0.5381268916692807,0,0
q_039,s500_x253783.067_y3364678.442,9,0.803136944770813,500.0,256,256,16,4,0.25,0.0,0,-1.0,0.6436349548284437,0.31875000000000003,0.4487039819313775,0,0
q_039,s500_x254699.835_y3365275.528,10,0.8016470670700073,500.0,256,256,9,4,0.4444444444444444,0.0,0,-1.0,0.6176724755757841,0.3527777777777778,0.4587356568969803,0,0
q_039,s500_x254825.317_y3364420.530,11,0.799801230430603,500.0,256,256,7,4,0.5714285714285714,0.0,0,-1.0,0.5855070868137279,0.375,0.45920283472549117,0,1
q_039,s300_x254674.835_y3365175.528,12,0.7977657318115234,300.0,256,256,16,4,0.25,0.0,0,-1.0,0.5500366648870867,0.31875000000000003,0.4112646659548347,0,0
q_039,s200_x254311.063_y3364966.491,13,0.7955319881439209,200.0,256,256,18,5,0.2777777777777778,0.9503644704818726,0,-1.0,0.5111116419845155,0.2986111111111111,0.3836113234604729,0,0
q_039,s700_x255967.683_y3363512.726,14,0.7943735718727112,700.0,256,256,14,4,0.2857142857142857,0.0,0,-1.0,0.4909251807797053,0.325,0.39137007231188214,0,0
q_039,s300_x253141.241_y3363981.380,15,0.7933608889579773,300.0,256,256,11,4,0.36363636363636365,0.0,0,-1.0,0.47327825637169263,0.3386363636363637,0.39249312073049525,0,0
q_039,s500_x254852.800_y3365638.601,16,0.7894124984741211,500.0,256,256,13,4,0.3076923076923077,0.0,0,-1.0,0.4044739471568613,0.32884615384615384,0.3590972711704368,0,0
q_039,s300_x254449.835_y3365400.528,17,0.7888203859329224,300.0,256,256,5,4,0.8,0.0,0,-1.0,0.3941558455047602,0.415,0.40666233820190406,0,0
q_039,s500_x255867.683_y3363412.726,18,0.7884502410888672,500.0,256,256,9,4,0.4444444444444444,0.0,0,-1.0,0.3877057336405013,0.3527777777777778,0.3667489601228672,0,0
q_039,s200_x254311.063_y3364816.491,19,0.7880019545555115,200.0,256,256,12,4,0.3333333333333333,0.0,0,-1.0,0.37989393149378775,0.33333333333333337,0.35195757259751514,0,0
q_039,s300_x254964.058_y3364554.565,20,0.7861783504486084,300.0,256,256,14,4,0.2857142857142857,0.0,0,-1.0,0.34811596490972957,0.325,0.33424638596389183,0,1
q_039,s200_x254311.063_y3364666.491,21,0.7851003408432007,200.0,256,256,10,4,0.4,0.0,0,-1.0,0.3293306632709234,0.34500000000000003,0.3387322653083694,0,0
q_039,s500_x254324.835_y3365275.528,22,0.7848252058029175,500.0,256,256,10,4,0.4,0.0,0,-1.0,0.3245361839850266,0.34500000000000003,0.3368144735940106,0,0
q_039,s700_x255453.340_y3364133.631,23,0.7825196385383606,700.0,256,256,7,4,0.5714285714285714,0.0,0,-1.0,0.28435956932779655,0.375,0.3387438277311186,0,0
q_039,s700_x253883.067_y3364778.442,24,0.7796037197113037,700.0,256,256,8,4,0.5,0.0,0,-1.0,0.233547021419357,0.3625,0.3109188085677428,0,0
q_039,s300_x253127.414_y3363372.341,25,0.7793641090393066,300.0,256,256,13,4,0.3076923076923077,0.0,0,-1.0,0.229371586685972,0.32884615384615384,0.2890563269820811,0,0
q_039,s300_x254436.063_y3364791.491,26,0.7787315845489502,300.0,256,256,7,4,0.5714285714285714,0.0,0,-1.0,0.21834926992212086,0.375,0.31233970796884836,0,0
q_039,s500_x255353.340_y3364033.631,27,0.7756133675575256,500.0,256,256,14,4,0.2857142857142857,0.0,0,-1.0,0.16401149179350502,0.325,0.260604596717402,0,0
q_039,s500_x255227.800_y3365263.601,28,0.7754616737365723,500.0,256,256,11,4,0.36363636363636365,0.0,0,-1.0,0.16136808846105108,0.3386363636363637,0.26772905356623866,0,0
q_039,s500_x255186.579_y3363436.495,29,0.7753900289535522,500.0,256,256,11,4,0.36363636363636365,0.0,0,-1.0,0.16011961270246183,0.3386363636363637,0.26722966326280295,0,0
q_039,s700_x253341.241_y3364181.380,30,0.7746344208717346,700.0,256,256,7,4,0.5714285714285714,0.0,0,-1.0,0.14695245197730725,0.375,0.2837809807909229,0,0
q_039,s700_x254424.835_y3365375.528,31,0.7745789885520935,700.0,256,256,14,4,0.2857142857142857,0.0,0,-1.0,0.14598649319570325,0.325,0.2533945972782813,0,0
q_039,s200_x254839.058_y3364504.565,32,0.7738751173019409,200.0,256,256,14,5,0.35714285714285715,0.5228674411773682,0,-1.0,0.1337208940000457,0.3462368222336647,0.2612304509402171,0,1
q_039,s500_x255394.480_y3366235.735,33,0.7729952335357666,500.0,256,256,17,4,0.23529411764705882,0.0,0,-1.0,0.11838811600645634,0.3161764705882353,0.2370611287555237,0,0
q_039,s200_x254624.835_y3365275.528,34,0.7727093696594238,200.0,256,256,11,4,0.36363636363636365,0.0,0,-1.0,0.11340667695637813,0.3386363636363637,0.24854448896436948,0,0
q_039,s200_x254474.835_y3365425.528,35,0.7726260423660278,200.0,256,256,12,4,0.3333333333333333,0.0,0,-1.0,0.11195462278790246,0.33333333333333337,0.244781849115161,0,0
q_039,s300_x254739.058_y3365004.565,36,0.7722164392471313,300.0,256,256,9,4,0.4444444444444444,0.0,0,-1.0,0.10481691445759857,0.3527777777777778,0.2535934324497061,0,0
q_039,s300_x254752.800_y3365163.601,37,0.7716436386108398,300.0,256,256,8,4,0.5,0.0,0,-1.0,0.094835340381024,0.3625,0.2554341361524096,0,0
q_039,s300_x255267.051_y3364542.665,38,0.7716028094291687,300.0,256,256,8,4,0.5,0.0,0,-1.0,0.09412385461177805,0.3625,0.2551495418447112,0,0
q_039,s500_x253227.414_y3363472.341,39,0.7706053853034973,500.0,256,256,13,4,0.3076923076923077,0.0,0,-1.0,0.0767428285350456,0.32884615384615384,0.22800482372171055,0,0
q_039,s700_x255494.480_y3365960.735,40,0.7704392671585083,700.0,256,256,10,4,0.4,0.0,0,-1.0,0.07384806818630332,0.34500000000000003,0.23653922727452134,0,0
q_039,s300_x254950.317_y3364395.530,41,0.7702542543411255,300.0,256,256,9,4,0.4444444444444444,0.0,0,-1.0,0.07062405091953045,0.3527777777777778,0.23991628703447884,0,1
q_039,s200_x253810.673_y3365746.519,42,0.7695989608764648,200.0,256,256,20,4,0.2,0.0,0,-1.0,0.05920496398947209,0.31,0.20968198559578882,0,0
q_039,s300_x255992.683_y3363537.726,43,0.7689146995544434,300.0,256,256,10,4,0.4,0.0,0,-1.0,0.04728108569612391,0.34500000000000003,0.2259124342784496,0,0
q_039,s300_x254725.317_y3364395.530,44,0.7686923146247864,300.0,256,256,17,4,0.23529411764705882,0.0,0,-1.0,0.04340582525078575,0.3161764705882353,0.20706821245325546,0,1
q_039,s300_x254725.317_y3363945.530,45,0.7678260803222656,300.0,256,256,9,4,0.4444444444444444,0.0,0,-1.0,0.02831090162384942,0.3527777777777778,0.22299102731620643,0,1
q_039,s300_x254449.835_y3365175.528,46,0.76743483543396,300.0,256,256,15,4,0.26666666666666666,0.0,0,-1.0,0.02149310222336706,0.32166666666666666,0.2015972408893468,0,0
q_039,s700_x254397.293_y3364157.454,47,0.7673729062080383,700.0,256,256,8,4,0.5,0.0,0,-1.0,0.02041392891789766,0.3625,0.22566557156715905,0,1
q_039,s200_x254989.058_y3364954.565,48,0.7671334743499756,200.0,256,256,9,4,0.4444444444444444,0.0,0,-1.0,0.016241610180582358,0.3527777777777778,0.2181633107388996,0,0
q_039,s700_x253896.869_y3365387.480,49,0.7668665051460266,700.0,256,256,13,4,0.3076923076923077,0.0,0,-1.0,0.011589428048534755,0.32884615384615384,0.2019434635271062,0,0
q_039,s300_x254752.800_y3365388.601,50,0.7662014365196228,300.0,256,256,7,4,0.5714285714285714,0.0,0,-1.0,0.0,0.375,0.22499999999999998,0,0
q_040,s200_x254675.317_y3364045.530,1,0.8843382596969604,200.0,256,256,12,4,0.3333333333333333,0.0,0,-1.0,1.0,0.33333333333333337,0.6000000000000001,0,0
q_040,s300_x254197.293_y3363957.454,2,0.878700852394104,300.0,256,256,12,4,0.3333333333333333,0.0,0,-1.0,0.9034294886194235,0.33333333333333337,0.5613717954477695,0,1
q_040,s500_x254811.579_y3363436.495,3,0.8775956034660339,500.0,256,256,11,4,0.36363636363636365,0.0,0,-1.0,0.8844962364251961,0.3386363636363637,0.5569803127518967,0,1
q_040,s300_x254711.579_y3363336.495,4,0.8766142129898071,300.0,256,256,13,4,0.3076923076923077,0.0,0,-1.0,0.8676847173949446,0.32884615384615384,0.5443815792656701,0,0
q_040,s500_x254825.317_y3364420.530,5,0.8656426072120667,500.0,256,256,9,4,0.4444444444444444,0.0,0,-1.0,0.6797377545977692,0.3527777777777778,0.48356176850577437,0,0
q_040,s700_x254925.317_y3364145.530,6,0.8650091290473938,700.0,256,256,10,4,0.4,0.0,0,-1.0,0.6688860798784547,0.34500000000000003,0.4745544319513819,0,1
q_040,s300_x255267.051_y3364542.665,7,0.863601803779602,300.0,256,256,10,4,0.4,0.0,0,-1.0,0.6447781675903728,0.34500000000000003,0.46491126703614916,0,0
q_040,s300_x253141.241_y3363981.380,8,0.8631246089935303,300.0,256,256,19,5,0.2631578947368421,0.7439610362052917,0,-1.0,0.6366036749480287,0.3124080219273533,0.4420862831356235,0,0
q_040,s700_x254911.579_y3363536.495,9,0.8629778623580933,700.0,256,256,10,4,0.4,0.0,0,-1.0,0.6340898601984096,0.34500000000000003,0.46063594407936387,0,1
q_040,s200_x254147.293_y3364057.454,10,0.856886625289917,200.0,256,256,17,5,0.29411764705882354,0.2771863341331482,0,-1.0,0.5297451061275,0.35462067463106983,0.4246704472296419,0,1
q_040,s300_x254752.800_y3365388.601,11,0.8559319972991943,300.0,256,256,10,4,0.4,0.0,0,-1.0,0.5133920366596283,0.34500000000000003,0.4123568146638513,0,0
q_040,s500_x255186.579_y3363436.495,12,0.853460431098938,500.0,256,256,10,4,0.4,0.0,0,-1.0,0.4710533516849298,0.34500000000000003,0.39542134067397194,0,0
q_040,s300_x254725.317_y3364170.530,13,0.852969765663147,300.0,256,256,10,4,0.4,0.0,0,-1.0,0.46264810269270196,0.34500000000000003,0.3920592410770808,0,0
q_040,s200_x254675.317_y3364195.530,14,0.8528156280517578,200.0,256,256,13,4,0.3076923076923077,0.0,0,-1.0,0.4600076782643855,0.32884615384615384,0.3813107636134465,0,0
q_040,s200_x254661.579_y3363286.495,15,0.8508381247520447,200.0,256,256,14,5,0.35714285714285715,0.3880048990249634,0,-1.0,0.4261324418922838,0.35691453283321384,0.38460169645684184,0,0
q_040,s200_x253077.414_y3363322.341,16,0.8499256372451782,200.0,256,256,10,4,0.4,0.0,0,-1.0,0.4105012518021458,0.34500000000000003,0.37120050072085836,0,0
q_040,s300_x255795.044_y3364530.791,17,0.8442859649658203,300.0,256,256,12,4,0.3333333333333333,0.0,0,-1.0,0.3138919406813234,0.33333333333333337,0.3255567762725294,0,0
q_040,s200_x254811.579_y3363436.495,18,0.8440026640892029,200.0,256,256,13,4,0.3076923076923077,0.0,0,-1.0,0.3090389100131919,0.32884615384615384,0.32092325631296903,0,0
q_040,s300_x254739.058_y3365004.565,19,0.8438860177993774,300.0,256,256,6,4,0.6666666666666666,0.0,0,-1.0,0.3070407233905255,0.39166666666666666,0.3578162893562102,0,0
q_040,s300_x254950.317_y3364395.530,20,0.8438805341720581,300.0,256,256,5,4,0.8,0.0,0,-1.0,0.30694678717729845,0.415,0.37177871487091935,0,0
q_040,s300_x255781.362_y3364371.758,21,0.8430689573287964,300.0,256,256,12,4,0.3333333333333333,0.0,0,-1.0,0.2930442276196972,0.33333333333333337,0.3172176910478789,0,0
q_040,s300_x254408.525_y3363348.418,22,0.8427385091781616,300.0,256,256,2,0,0.0,,0,-1.0,0.28738354972697233,0.0,0.11495341989078894,0,0
q_040,s300_x254936.579_y3363561.495,23,0.8420621156692505,300.0,256,256,5,0,0.0,,0,-1.0,0.27579672203457667,0.0,0.11031868881383067,0,0
q_040,s300_x255781.362_y3364146.758,24,0.8410953283309937,300.0,256,256,11,4,0.36363636363636365,0.0,0,-1.0,0.25923535922433194,0.3386363636363637,0.306875961871551,0,0
q_040,s200_x253241.241_y3363931.380,25,0.8409354090690613,200.0,256,256,12,4,0.3333333333333333,0.0,0,-1.0,0.2564958933538087,0.33333333333333337,0.3025983573415235,0,0
q_040,s500_x254699.835_y3365275.528,26,0.8402901291847229,500.0,256,256,4,4,1.0,0.0,0,-1.0,0.24544205156689688,0.45,0.36817682062675877,0,0
q_040,s200_x254825.317_y3364345.530,27,0.8402191400527954,200.0,256,256,6,4,0.6666666666666666,0.0,0,-1.0,0.24422598602392515,0.39166666666666666,0.33269039440957004,0,0
q_040,s500_x254825.317_y3364045.530,28,0.8400538563728333,500.0,256,256,8,4,0.5,0.0,0,-1.0,0.24139462603176678,0.3625,0.31405785041270673,0,1
q_040,s300_x254711.579_y3363561.495,29,0.8382486701011658,300.0,256,256,12,4,0.3333333333333333,0.0,0,-1.0,0.21047123305574503,0.33333333333333337,0.284188493222298,0,1
q_040,s500_x255353.340_y3364033.631,30,0.837384819984436,500.0,256,256,15,4,0.26666666666666666,0.0,0,-1.0,0.19567321633509907,0.32166666666666666,0.2712692865340396,0,0
q_040,s500_x254658.525_y3363448.418,31,0.8368551731109619,500.0,256,256,9,4,0.4444444444444444,0.0,0,-1.0,0.18660020339232256,0.3527777777777778,0.2863067480235957,0,1
q_040,s700_x255453.340_y3364133.631,32,0.8345784544944763,700.0,256,256,5,4,0.8,0.0,0,-1.0,0.14759931712457167,0.415,0.3080397268498286,0,0
q_040,s700_x254952.800_y3365363.601,33,0.8335102796554565,700.0,256,256,3,0,0.0,,0,-1.0,0.1293011554154227,0.0,0.05172046216616908,0,0
q_040,s200_x255895.044_y3364480.791,34,0.8334172368049622,200.0,256,256,9,4,0.4444444444444444,0.0,0,-1.0,0.12770730292795093,0.3527777777777778,0.2627495878378471,0,0
q_040,s300_x254964.058_y3364554.565,35,0.8329861164093018,300.0,256,256,6,4,0.6666666666666666,0.0,0,-1.0,0.12032207868587322,0.39166666666666666,0.2831288314743493,0,0
q_040,s200_x255503.340_y3364183.631,36,0.8329118490219116,200.0,256,256,11,5,0.45454545454545453,0.6999247670173645,0,-1.0,0.11904985562412446,0.34937211515044675,0.25724321133991784,0,0
q_040,s500_x255339.632_y3363424.598,37,0.8320051431655884,500.0,256,256,6,4,0.6666666666666666,0.0,0,-1.0,0.1035177069761933,0.39166666666666666,0.2764070827904773,0,0
q_040,s200_x254311.063_y3364666.491,38,0.8319751620292664,200.0,256,256,9,4,0.4444444444444444,0.0,0,-1.0,0.10300412094083244,0.3527777777777778,0.25286831504299967,0,0
q_040,s300_x254725.317_y3363945.530,39,0.8316299915313721,300.0,256,256,6,4,0.6666666666666666,0.0,0,-1.0,0.09709124473650892,0.39166666666666666,0.27383649789460357,0,1
q_040,s200_x254624.835_y3365275.528,40,0.8310802578926086,200.0,256,256,11,4,0.36363636363636365,0.0,0,-1.0,0.0876741393604986,0.3386363636363637,0.23825147392601764,0,0
q_040,s200_x255731.362_y3364171.758,41,0.8309735059738159,200.0,256,256,16,5,0.3125,0.9514442682266235,0,-1.0,0.08584544633995923,0.3046875,0.2171506785359837,0,0
q_040,s200_x254989.058_y3364954.565,42,0.8304564952850342,200.0,256,256,7,4,0.5714285714285714,0.0,0,-1.0,0.07698889510592329,0.375,0.2557955580423693,0,0
q_040,s500_x253741.675_y3363226.329,43,0.8302755951881409,500.0,256,256,15,5,0.3333333333333333,0.38555708527565,0,-1.0,0.07389002111522706,0.35294082127419707,0.24132050121060905,0,0
q_040,s200_x254675.317_y3363895.530,44,0.8302105665206909,200.0,256,256,8,4,0.5,0.0,0,-1.0,0.07277606015184993,0.3625,0.24661042406073996,0,1
q_040,s500_x254852.800_y3365638.601,45,0.8295920491218567,500.0,256,256,18,4,0.2222222222222222,0.0,0,-1.0,0.06218066792731788,0.3138888888888889,0.21320560050426046,0,0
q_040,s200_x254811.579_y3363286.495,46,0.8295528292655945,200.0,256,256,13,4,0.3076923076923077,0.0,0,-1.0,0.061508819793585384,0.32884615384615384,0.22191122022512644,0,0
q_040,s700_x255967.683_y3363512.726,47,0.8284624814987183,700.0,256,256,8,4,0.5,0.0,0,-1.0,0.042830829048344475,0.3625,0.23463233161933778,0,0
q_040,s300_x253127.414_y3363372.341,48,0.8279517889022827,300.0,256,256,6,4,0.6666666666666666,0.0,0,-1.0,0.034082508668678804,0.39166666666666666,0.2486330034674715,0,0
q_040,s200_x254661.579_y3363436.495,49,0.8276312351226807,200.0,256,256,16,4,0.25,0.0,0,-1.0,0.028591324378081005,0.31875000000000003,0.2026865297512324,0,0
q_040,s300_x254725.317_y3364395.530,50,0.8259621858596802,300.0,256,256,11,4,0.36363636363636365,0.0,0,-1.0,0.0,0.3386363636363637,0.2031818181818182,0,0
