query_id,flight_id,k,cumulative_truth_hits,total_truth_count,cumulative_truth_ratio
q_001,DJI_202510311347_009_新建面状航线1,1,1,94,0.010638297872340425
q_001,DJI_202510311347_009_新建面状航线1,2,2,94,0.02127659574468085
q_001,DJI_202510311347_009_新建面状航线1,3,3,94,0.031914893617021274
q_001,DJI_202510311347_009_新建面状航线1,4,4,94,0.0425531914893617
q_001,DJI_202510311347_009_新建面状航线1,5,5,94,0.05319148936170213
q_001,DJI_202510311347_009_新建面状航线1,6,6,94,0.06382978723404255
q_001,DJI_202510311347_009_新建面状航线1,7,6,94,0.06382978723404255
q_001,DJI_202510311347_009_新建面状航线1,8,7,94,0.07446808510638298
q_001,DJI_202510311347_009_新建面状航线1,9,8,94,0.0851063829787234
q_001,DJI_202510311347_009_新建面状航线1,10,8,94,0.0851063829787234
q_001,DJI_202510311347_009_新建面状航线1,11,9,94,0.09574468085106383
q_001,DJI_202510311347_009_新建面状航线1,12,9,94,0.09574468085106383
q_001,DJI_202510311347_009_新建面状航线1,13,10,94,0.10638297872340426
q_001,DJI_202510311347_009_新建面状航线1,14,10,94,0.10638297872340426
q_001,DJI_202510311347_009_新建面状航线1,15,10,94,0.10638297872340426
q_001,DJI_202510311347_009_新建面状航线1,16,10,94,0.10638297872340426
q_001,DJI_202510311347_009_新建面状航线1,17,10,94,0.10638297872340426
q_001,DJI_202510311347_009_新建面状航线1,18,11,94,0.11702127659574468
q_001,DJI_202510311347_009_新建面状航线1,19,11,94,0.11702127659574468
q_001,DJI_202510311347_009_新建面状航线1,20,11,94,0.11702127659574468
q_002,DJI_202510311347_009_新建面状航线1,1,0,45,0.0
q_002,DJI_202510311347_009_新建面状航线1,2,1,45,0.022222222222222223
q_002,DJI_202510311347_009_新建面状航线1,3,2,45,0.044444444444444446
q_002,DJI_202510311347_009_新建面状航线1,4,2,45,0.044444444444444446
q_002,DJI_202510311347_009_新建面状航线1,5,2,45,0.044444444444444446
q_002,DJI_202510311347_009_新建面状航线1,6,3,45,0.06666666666666667
q_002,DJI_202510311347_009_新建面状航线1,7,3,45,0.06666666666666667
q_002,DJI_202510311347_009_新建面状航线1,8,3,45,0.06666666666666667
q_002,DJI_202510311347_009_新建面状航线1,9,4,45,0.08888888888888889
q_002,DJI_202510311347_009_新建面状航线1,10,4,45,0.08888888888888889
q_002,DJI_202510311347_009_新建面状航线1,11,5,45,0.1111111111111111
q_002,DJI_202510311347_009_新建面状航线1,12,5,45,0.1111111111111111
q_002,DJI_202510311347_009_新建面状航线1,13,6,45,0.13333333333333333
q_002,DJI_202510311347_009_新建面状航线1,14,6,45,0.13333333333333333
q_002,DJI_202510311347_009_新建面状航线1,15,7,45,0.15555555555555556
q_002,DJI_202510311347_009_新建面状航线1,16,7,45,0.15555555555555556
q_002,DJI_202510311347_009_新建面状航线1,17,7,45,0.15555555555555556
q_002,DJI_202510311347_009_新建面状航线1,18,8,45,0.17777777777777778
q_002,DJI_202510311347_009_新建面状航线1,19,8,45,0.17777777777777778
q_002,DJI_202510311347_009_新建面状航线1,20,8,45,0.17777777777777778
q_003,DJI_202510311347_009_新建面状航线1,1,0,91,0.0
q_003,DJI_202510311347_009_新建面状航线1,2,0,91,0.0
q_003,DJI_202510311347_009_新建面状航线1,3,0,91,0.0
q_003,DJI_202510311347_009_新建面状航线1,4,0,91,0.0
q_003,DJI_202510311347_009_新建面状航线1,5,0,91,0.0
q_003,DJI_202510311347_009_新建面状航线1,6,0,91,0.0
q_003,DJI_202510311347_009_新建面状航线1,7,0,91,0.0
q_003,DJI_202510311347_009_新建面状航线1,8,0,91,0.0
q_003,DJI_202510311347_009_新建面状航线1,9,0,91,0.0
q_003,DJI_202510311347_009_新建面状航线1,10,0,91,0.0
q_003,DJI_202510311347_009_新建面状航线1,11,0,91,0.0
q_003,DJI_202510311347_009_新建面状航线1,12,0,91,0.0
q_003,DJI_202510311347_009_新建面状航线1,13,0,91,0.0
q_003,DJI_202510311347_009_新建面状航线1,14,0,91,0.0
q_003,DJI_202510311347_009_新建面状航线1,15,0,91,0.0
q_003,DJI_202510311347_009_新建面状航线1,16,0,91,0.0
q_003,DJI_202510311347_009_新建面状航线1,17,0,91,0.0
q_003,DJI_202510311347_009_新建面状航线1,18,0,91,0.0
q_003,DJI_202510311347_009_新建面状航线1,19,0,91,0.0
q_003,DJI_202510311347_009_新建面状航线1,20,0,91,0.0
q_004,DJI_202510311347_009_新建面状航线1,1,0,48,0.0
q_004,DJI_202510311347_009_新建面状航线1,2,1,48,0.020833333333333332
q_004,DJI_202510311347_009_新建面状航线1,3,1,48,0.020833333333333332
q_004,DJI_202510311347_009_新建面状航线1,4,1,48,0.020833333333333332
q_004,DJI_202510311347_009_新建面状航线1,5,1,48,0.020833333333333332
q_004,DJI_202510311347_009_新建面状航线1,6,1,48,0.020833333333333332
q_004,DJI_202510311347_009_新建面状航线1,7,1,48,0.020833333333333332
q_004,DJI_202510311347_009_新建面状航线1,8,1,48,0.020833333333333332
q_004,DJI_202510311347_009_新建面状航线1,9,1,48,0.020833333333333332
q_004,DJI_202510311347_009_新建面状航线1,10,1,48,0.020833333333333332
q_004,DJI_202510311347_009_新建面状航线1,11,1,48,0.020833333333333332
q_004,DJI_202510311347_009_新建面状航线1,12,1,48,0.020833333333333332
q_004,DJI_202510311347_009_新建面状航线1,13,2,48,0.041666666666666664
q_004,DJI_202510311347_009_新建面状航线1,14,2,48,0.041666666666666664
q_004,DJI_202510311347_009_新建面状航线1,15,3,48,0.0625
q_004,DJI_202510311347_009_新建面状航线1,16,4,48,0.08333333333333333
q_004,DJI_202510311347_009_新建面状航线1,17,5,48,0.10416666666666667
q_004,DJI_202510311347_009_新建面状航线1,18,5,48,0.10416666666666667
q_004,DJI_202510311347_009_新建面状航线1,19,5,48,0.10416666666666667
q_004,DJI_202510311347_009_新建面状航线1,20,5,48,0.10416666666666667
q_005,DJI_202510311347_009_新建面状航线1,1,0,94,0.0
q_005,DJI_202510311347_009_新建面状航线1,2,0,94,0.0
q_005,DJI_202510311347_009_新建面状航线1,3,0,94,0.0
q_005,DJI_202510311347_009_新建面状航线1,4,1,94,0.010638297872340425
q_005,DJI_202510311347_009_新建面状航线1,5,2,94,0.02127659574468085
q_005,DJI_202510311347_009_新建面状航线1,6,3,94,0.031914893617021274
q_005,DJI_202510311347_009_新建面状航线1,7,4,94,0.0425531914893617
q_005,DJI_202510311347_009_新建面状航线1,8,4,94,0.0425531914893617
q_005,DJI_202510311347_009_新建面状航线1,9,5,94,0.05319148936170213
q_005,DJI_202510311347_009_新建面状航线1,10,5,94,0.05319148936170213
q_005,DJI_202510311347_009_新建面状航线1,11,6,94,0.06382978723404255
q_005,DJI_202510311347_009_新建面状航线1,12,6,94,0.06382978723404255
q_005,DJI_202510311347_009_新建面状航线1,13,6,94,0.06382978723404255
q_005,DJI_202510311347_009_新建面状航线1,14,7,94,0.07446808510638298
q_005,DJI_202510311347_009_新建面状航线1,15,8,94,0.0851063829787234
q_005,DJI_202510311347_009_新建面状航线1,16,9,94,0.09574468085106383
q_005,DJI_202510311347_009_新建面状航线1,17,9,94,0.09574468085106383
q_005,DJI_202510311347_009_新建面状航线1,18,9,94,0.09574468085106383
q_005,DJI_202510311347_009_新建面状航线1,19,9,94,0.09574468085106383
q_005,DJI_202510311347_009_新建面状航线1,20,9,94,0.09574468085106383
q_006,DJI_202510311347_009_新建面状航线1,1,1,56,0.017857142857142856
q_006,DJI_202510311347_009_新建面状航线1,2,2,56,0.03571428571428571
q_006,DJI_202510311347_009_新建面状航线1,3,2,56,0.03571428571428571
q_006,DJI_202510311347_009_新建面状航线1,4,3,56,0.05357142857142857
q_006,DJI_202510311347_009_新建面状航线1,5,4,56,0.07142857142857142
q_006,DJI_202510311347_009_新建面状航线1,6,5,56,0.08928571428571429
q_006,DJI_202510311347_009_新建面状航线1,7,6,56,0.10714285714285714
q_006,DJI_202510311347_009_新建面状航线1,8,7,56,0.125
q_006,DJI_202510311347_009_新建面状航线1,9,8,56,0.14285714285714285
q_006,DJI_202510311347_009_新建面状航线1,10,9,56,0.16071428571428573
q_006,DJI_202510311347_009_新建面状航线1,11,10,56,0.17857142857142858
q_006,DJI_202510311347_009_新建面状航线1,12,11,56,0.19642857142857142
q_006,DJI_202510311347_009_新建面状航线1,13,11,56,0.19642857142857142
q_006,DJI_202510311347_009_新建面状航线1,14,12,56,0.21428571428571427
q_006,DJI_202510311347_009_新建面状航线1,15,13,56,0.23214285714285715
q_006,DJI_202510311347_009_新建面状航线1,16,14,56,0.25
q_006,DJI_202510311347_009_新建面状航线1,17,14,56,0.25
q_006,DJI_202510311347_009_新建面状航线1,18,15,56,0.26785714285714285
q_006,DJI_202510311347_009_新建面状航线1,19,16,56,0.2857142857142857
q_006,DJI_202510311347_009_新建面状航线1,20,16,56,0.2857142857142857
q_007,DJI_202510311347_009_新建面状航线1,1,1,94,0.010638297872340425
q_007,DJI_202510311347_009_新建面状航线1,2,2,94,0.02127659574468085
q_007,DJI_202510311347_009_新建面状航线1,3,3,94,0.031914893617021274
q_007,DJI_202510311347_009_新建面状航线1,4,4,94,0.0425531914893617
q_007,DJI_202510311347_009_新建面状航线1,5,5,94,0.05319148936170213
q_007,DJI_202510311347_009_新建面状航线1,6,6,94,0.06382978723404255
q_007,DJI_202510311347_009_新建面状航线1,7,7,94,0.07446808510638298
q_007,DJI_202510311347_009_新建面状航线1,8,8,94,0.0851063829787234
q_007,DJI_202510311347_009_新建面状航线1,9,9,94,0.09574468085106383
q_007,DJI_202510311347_009_新建面状航线1,10,9,94,0.09574468085106383
q_007,DJI_202510311347_009_新建面状航线1,11,10,94,0.10638297872340426
q_007,DJI_202510311347_009_新建面状航线1,12,11,94,0.11702127659574468
q_007,DJI_202510311347_009_新建面状航线1,13,12,94,0.1276595744680851
q_007,DJI_202510311347_009_新建面状航线1,14,13,94,0.13829787234042554
q_007,DJI_202510311347_009_新建面状航线1,15,13,94,0.13829787234042554
q_007,DJI_202510311347_009_新建面状航线1,16,14,94,0.14893617021276595
q_007,DJI_202510311347_009_新建面状航线1,17,14,94,0.14893617021276595
q_007,DJI_202510311347_009_新建面状航线1,18,15,94,0.1595744680851064
q_007,DJI_202510311347_009_新建面状航线1,19,16,94,0.1702127659574468
q_007,DJI_202510311347_009_新建面状航线1,20,17,94,0.18085106382978725
q_008,DJI_202510311347_009_新建面状航线1,1,0,99,0.0
q_008,DJI_202510311347_009_新建面状航线1,2,0,99,0.0
q_008,DJI_202510311347_009_新建面状航线1,3,0,99,0.0
q_008,DJI_202510311347_009_新建面状航线1,4,1,99,0.010101010101010102
q_008,DJI_202510311347_009_新建面状航线1,5,2,99,0.020202020202020204
q_008,DJI_202510311347_009_新建面状航线1,6,2,99,0.020202020202020204
q_008,DJI_202510311347_009_新建面状航线1,7,3,99,0.030303030303030304
q_008,DJI_202510311347_009_新建面状航线1,8,4,99,0.04040404040404041
q_008,DJI_202510311347_009_新建面状航线1,9,4,99,0.04040404040404041
q_008,DJI_202510311347_009_新建面状航线1,10,4,99,0.04040404040404041
q_008,DJI_202510311347_009_新建面状航线1,11,4,99,0.04040404040404041
q_008,DJI_202510311347_009_新建面状航线1,12,4,99,0.04040404040404041
q_008,DJI_202510311347_009_新建面状航线1,13,4,99,0.04040404040404041
q_008,DJI_202510311347_009_新建面状航线1,14,5,99,0.050505050505050504
q_008,DJI_202510311347_009_新建面状航线1,15,5,99,0.050505050505050504
q_008,DJI_202510311347_009_新建面状航线1,16,6,99,0.06060606060606061
q_008,DJI_202510311347_009_新建面状航线1,17,6,99,0.06060606060606061
q_008,DJI_202510311347_009_新建面状航线1,18,6,99,0.06060606060606061
q_008,DJI_202510311347_009_新建面状航线1,19,6,99,0.06060606060606061
q_008,DJI_202510311347_009_新建面状航线1,20,7,99,0.0707070707070707
q_009,DJI_202510311347_009_新建面状航线1,1,0,82,0.0
q_009,DJI_202510311347_009_新建面状航线1,2,0,82,0.0
q_009,DJI_202510311347_009_新建面状航线1,3,1,82,0.012195121951219513
q_009,DJI_202510311347_009_新建面状航线1,4,2,82,0.024390243902439025
q_009,DJI_202510311347_009_新建面状航线1,5,2,82,0.024390243902439025
q_009,DJI_202510311347_009_新建面状航线1,6,2,82,0.024390243902439025
q_009,DJI_202510311347_009_新建面状航线1,7,2,82,0.024390243902439025
q_009,DJI_202510311347_009_新建面状航线1,8,3,82,0.036585365853658534
q_009,DJI_202510311347_009_新建面状航线1,9,3,82,0.036585365853658534
q_009,DJI_202510311347_009_新建面状航线1,10,4,82,0.04878048780487805
q_009,DJI_202510311347_009_新建面状航线1,11,5,82,0.06097560975609756
q_009,DJI_202510311347_009_新建面状航线1,12,6,82,0.07317073170731707
q_009,DJI_202510311347_009_新建面状航线1,13,6,82,0.07317073170731707
q_009,DJI_202510311347_009_新建面状航线1,14,7,82,0.08536585365853659
q_009,DJI_202510311347_009_新建面状航线1,15,7,82,0.08536585365853659
q_009,DJI_202510311347_009_新建面状航线1,16,7,82,0.08536585365853659
q_009,DJI_202510311347_009_新建面状航线1,17,7,82,0.08536585365853659
q_009,DJI_202510311347_009_新建面状航线1,18,8,82,0.0975609756097561
q_009,DJI_202510311347_009_新建面状航线1,19,8,82,0.0975609756097561
q_009,DJI_202510311347_009_新建面状航线1,20,9,82,0.10975609756097561
q_010,DJI_202510311347_009_新建面状航线1,1,1,49,0.02040816326530612
q_010,DJI_202510311347_009_新建面状航线1,2,1,49,0.02040816326530612
q_010,DJI_202510311347_009_新建面状航线1,3,2,49,0.04081632653061224
q_010,DJI_202510311347_009_新建面状航线1,4,2,49,0.04081632653061224
q_010,DJI_202510311347_009_新建面状航线1,5,3,49,0.061224489795918366
q_010,DJI_202510311347_009_新建面状航线1,6,3,49,0.061224489795918366
q_010,DJI_202510311347_009_新建面状航线1,7,4,49,0.08163265306122448
q_010,DJI_202510311347_009_新建面状航线1,8,5,49,0.10204081632653061
q_010,DJI_202510311347_009_新建面状航线1,9,5,49,0.10204081632653061
q_010,DJI_202510311347_009_新建面状航线1,10,6,49,0.12244897959183673
q_010,DJI_202510311347_009_新建面状航线1,11,6,49,0.12244897959183673
q_010,DJI_202510311347_009_新建面状航线1,12,6,49,0.12244897959183673
q_010,DJI_202510311347_009_新建面状航线1,13,6,49,0.12244897959183673
q_010,DJI_202510311347_009_新建面状航线1,14,6,49,0.12244897959183673
q_010,DJI_202510311347_009_新建面状航线1,15,6,49,0.12244897959183673
q_010,DJI_202510311347_009_新建面状航线1,16,6,49,0.12244897959183673
q_010,DJI_202510311347_009_新建面状航线1,17,6,49,0.12244897959183673
q_010,DJI_202510311347_009_新建面状航线1,18,6,49,0.12244897959183673
q_010,DJI_202510311347_009_新建面状航线1,19,7,49,0.14285714285714285
q_010,DJI_202510311347_009_新建面状航线1,20,7,49,0.14285714285714285
q_011,DJI_202510311413_010_新建面状航线1,1,1,47,0.02127659574468085
q_011,DJI_202510311413_010_新建面状航线1,2,1,47,0.02127659574468085
q_011,DJI_202510311413_010_新建面状航线1,3,2,47,0.0425531914893617
q_011,DJI_202510311413_010_新建面状航线1,4,2,47,0.0425531914893617
q_011,DJI_202510311413_010_新建面状航线1,5,3,47,0.06382978723404255
q_011,DJI_202510311413_010_新建面状航线1,6,3,47,0.06382978723404255
q_011,DJI_202510311413_010_新建面状航线1,7,4,47,0.0851063829787234
q_011,DJI_202510311413_010_新建面状航线1,8,5,47,0.10638297872340426
q_011,DJI_202510311413_010_新建面状航线1,9,5,47,0.10638297872340426
q_011,DJI_202510311413_010_新建面状航线1,10,6,47,0.1276595744680851
q_011,DJI_202510311413_010_新建面状航线1,11,6,47,0.1276595744680851
q_011,DJI_202510311413_010_新建面状航线1,12,6,47,0.1276595744680851
q_011,DJI_202510311413_010_新建面状航线1,13,6,47,0.1276595744680851
q_011,DJI_202510311413_010_新建面状航线1,14,6,47,0.1276595744680851
q_011,DJI_202510311413_010_新建面状航线1,15,6,47,0.1276595744680851
q_011,DJI_202510311413_010_新建面状航线1,16,6,47,0.1276595744680851
q_011,DJI_202510311413_010_新建面状航线1,17,6,47,0.1276595744680851
q_011,DJI_202510311413_010_新建面状航线1,18,6,47,0.1276595744680851
q_011,DJI_202510311413_010_新建面状航线1,19,6,47,0.1276595744680851
q_011,DJI_202510311413_010_新建面状航线1,20,6,47,0.1276595744680851
q_012,DJI_202510311413_010_新建面状航线1,1,1,89,0.011235955056179775
q_012,DJI_202510311413_010_新建面状航线1,2,1,89,0.011235955056179775
q_012,DJI_202510311413_010_新建面状航线1,3,2,89,0.02247191011235955
q_012,DJI_202510311413_010_新建面状航线1,4,3,89,0.033707865168539325
q_012,DJI_202510311413_010_新建面状航线1,5,4,89,0.0449438202247191
q_012,DJI_202510311413_010_新建面状航线1,6,4,89,0.0449438202247191
q_012,DJI_202510311413_010_新建面状航线1,7,4,89,0.0449438202247191
q_012,DJI_202510311413_010_新建面状航线1,8,5,89,0.056179775280898875
q_012,DJI_202510311413_010_新建面状航线1,9,6,89,0.06741573033707865
q_012,DJI_202510311413_010_新建面状航线1,10,6,89,0.06741573033707865
q_012,DJI_202510311413_010_新建面状航线1,11,6,89,0.06741573033707865
q_012,DJI_202510311413_010_新建面状航线1,12,6,89,0.06741573033707865
q_012,DJI_202510311413_010_新建面状航线1,13,7,89,0.07865168539325842
q_012,DJI_202510311413_010_新建面状航线1,14,8,89,0.0898876404494382
q_012,DJI_202510311413_010_新建面状航线1,15,9,89,0.10112359550561797
q_012,DJI_202510311413_010_新建面状航线1,16,10,89,0.11235955056179775
q_012,DJI_202510311413_010_新建面状航线1,17,11,89,0.12359550561797752
q_012,DJI_202510311413_010_新建面状航线1,18,12,89,0.1348314606741573
q_012,DJI_202510311413_010_新建面状航线1,19,12,89,0.1348314606741573
q_012,DJI_202510311413_010_新建面状航线1,20,13,89,0.14606741573033707
q_013,DJI_202510311413_010_新建面状航线1,1,0,54,0.0
q_013,DJI_202510311413_010_新建面状航线1,2,0,54,0.0
q_013,DJI_202510311413_010_新建面状航线1,3,0,54,0.0
q_013,DJI_202510311413_010_新建面状航线1,4,0,54,0.0
q_013,DJI_202510311413_010_新建面状航线1,5,0,54,0.0
q_013,DJI_202510311413_010_新建面状航线1,6,0,54,0.0
q_013,DJI_202510311413_010_新建面状航线1,7,0,54,0.0
q_013,DJI_202510311413_010_新建面状航线1,8,1,54,0.018518518518518517
q_013,DJI_202510311413_010_新建面状航线1,9,2,54,0.037037037037037035
q_013,DJI_202510311413_010_新建面状航线1,10,3,54,0.05555555555555555
q_013,DJI_202510311413_010_新建面状航线1,11,3,54,0.05555555555555555
q_013,DJI_202510311413_010_新建面状航线1,12,4,54,0.07407407407407407
q_013,DJI_202510311413_010_新建面状航线1,13,4,54,0.07407407407407407
q_013,DJI_202510311413_010_新建面状航线1,14,5,54,0.09259259259259259
q_013,DJI_202510311413_010_新建面状航线1,15,5,54,0.09259259259259259
q_013,DJI_202510311413_010_新建面状航线1,16,5,54,0.09259259259259259
q_013,DJI_202510311413_010_新建面状航线1,17,5,54,0.09259259259259259
q_013,DJI_202510311413_010_新建面状航线1,18,5,54,0.09259259259259259
q_013,DJI_202510311413_010_新建面状航线1,19,5,54,0.09259259259259259
q_013,DJI_202510311413_010_新建面状航线1,20,5,54,0.09259259259259259
q_014,DJI_202510311413_010_新建面状航线1,1,0,97,0.0
q_014,DJI_202510311413_010_新建面状航线1,2,0,97,0.0
q_014,DJI_202510311413_010_新建面状航线1,3,0,97,0.0
q_014,DJI_202510311413_010_新建面状航线1,4,0,97,0.0
q_014,DJI_202510311413_010_新建面状航线1,5,0,97,0.0
q_014,DJI_202510311413_010_新建面状航线1,6,0,97,0.0
q_014,DJI_202510311413_010_新建面状航线1,7,1,97,0.010309278350515464
q_014,DJI_202510311413_010_新建面状航线1,8,2,97,0.020618556701030927
q_014,DJI_202510311413_010_新建面状航线1,9,2,97,0.020618556701030927
q_014,DJI_202510311413_010_新建面状航线1,10,3,97,0.030927835051546393
q_014,DJI_202510311413_010_新建面状航线1,11,3,97,0.030927835051546393
q_014,DJI_202510311413_010_新建面状航线1,12,3,97,0.030927835051546393
q_014,DJI_202510311413_010_新建面状航线1,13,3,97,0.030927835051546393
q_014,DJI_202510311413_010_新建面状航线1,14,3,97,0.030927835051546393
q_014,DJI_202510311413_010_新建面状航线1,15,4,97,0.041237113402061855
q_014,DJI_202510311413_010_新建面状航线1,16,4,97,0.041237113402061855
q_014,DJI_202510311413_010_新建面状航线1,17,4,97,0.041237113402061855
q_014,DJI_202510311413_010_新建面状航线1,18,4,97,0.041237113402061855
q_014,DJI_202510311413_010_新建面状航线1,19,4,97,0.041237113402061855
q_014,DJI_202510311413_010_新建面状航线1,20,4,97,0.041237113402061855
q_015,DJI_202510311413_010_新建面状航线1,1,0,48,0.0
q_015,DJI_202510311413_010_新建面状航线1,2,1,48,0.020833333333333332
q_015,DJI_202510311413_010_新建面状航线1,3,1,48,0.020833333333333332
q_015,DJI_202510311413_010_新建面状航线1,4,1,48,0.020833333333333332
q_015,DJI_202510311413_010_新建面状航线1,5,2,48,0.041666666666666664
q_015,DJI_202510311413_010_新建面状航线1,6,2,48,0.041666666666666664
q_015,DJI_202510311413_010_新建面状航线1,7,2,48,0.041666666666666664
q_015,DJI_202510311413_010_新建面状航线1,8,2,48,0.041666666666666664
q_015,DJI_202510311413_010_新建面状航线1,9,2,48,0.041666666666666664
q_015,DJI_202510311413_010_新建面状航线1,10,2,48,0.041666666666666664
q_015,DJI_202510311413_010_新建面状航线1,11,2,48,0.041666666666666664
q_015,DJI_202510311413_010_新建面状航线1,12,2,48,0.041666666666666664
q_015,DJI_202510311413_010_新建面状航线1,13,2,48,0.041666666666666664
q_015,DJI_202510311413_010_新建面状航线1,14,2,48,0.041666666666666664
q_015,DJI_202510311413_010_新建面状航线1,15,2,48,0.041666666666666664
q_015,DJI_202510311413_010_新建面状航线1,16,3,48,0.0625
q_015,DJI_202510311413_010_新建面状航线1,17,3,48,0.0625
q_015,DJI_202510311413_010_新建面状航线1,18,3,48,0.0625
q_015,DJI_202510311413_010_新建面状航线1,19,3,48,0.0625
q_015,DJI_202510311413_010_新建面状航线1,20,3,48,0.0625
q_016,DJI_202510311413_010_新建面状航线1,1,1,85,0.011764705882352941
q_016,DJI_202510311413_010_新建面状航线1,2,1,85,0.011764705882352941
q_016,DJI_202510311413_010_新建面状航线1,3,1,85,0.011764705882352941
q_016,DJI_202510311413_010_新建面状航线1,4,1,85,0.011764705882352941
q_016,DJI_202510311413_010_新建面状航线1,5,2,85,0.023529411764705882
q_016,DJI_202510311413_010_新建面状航线1,6,2,85,0.023529411764705882
q_016,DJI_202510311413_010_新建面状航线1,7,2,85,0.023529411764705882
q_016,DJI_202510311413_010_新建面状航线1,8,3,85,0.03529411764705882
q_016,DJI_202510311413_010_新建面状航线1,9,4,85,0.047058823529411764
q_016,DJI_202510311413_010_新建面状航线1,10,4,85,0.047058823529411764
q_016,DJI_202510311413_010_新建面状航线1,11,4,85,0.047058823529411764
q_016,DJI_202510311413_010_新建面状航线1,12,4,85,0.047058823529411764
q_016,DJI_202510311413_010_新建面状航线1,13,4,85,0.047058823529411764
q_016,DJI_202510311413_010_新建面状航线1,14,4,85,0.047058823529411764
q_016,DJI_202510311413_010_新建面状航线1,15,4,85,0.047058823529411764
q_016,DJI_202510311413_010_新建面状航线1,16,5,85,0.058823529411764705
q_016,DJI_202510311413_010_新建面状航线1,17,6,85,0.07058823529411765
q_016,DJI_202510311413_010_新建面状航线1,18,6,85,0.07058823529411765
q_016,DJI_202510311413_010_新建面状航线1,19,6,85,0.07058823529411765
q_016,DJI_202510311413_010_新建面状航线1,20,6,85,0.07058823529411765
q_017,DJI_202510311413_010_新建面状航线1,1,1,41,0.024390243902439025
q_017,DJI_202510311413_010_新建面状航线1,2,1,41,0.024390243902439025
q_017,DJI_202510311413_010_新建面状航线1,3,1,41,0.024390243902439025
q_017,DJI_202510311413_010_新建面状航线1,4,1,41,0.024390243902439025
q_017,DJI_202510311413_010_新建面状航线1,5,2,41,0.04878048780487805
q_017,DJI_202510311413_010_新建面状航线1,6,2,41,0.04878048780487805
q_017,DJI_202510311413_010_新建面状航线1,7,2,41,0.04878048780487805
q_017,DJI_202510311413_010_新建面状航线1,8,2,41,0.04878048780487805
q_017,DJI_202510311413_010_新建面状航线1,9,2,41,0.04878048780487805
q_017,DJI_202510311413_010_新建面状航线1,10,2,41,0.04878048780487805
q_017,DJI_202510311413_010_新建面状航线1,11,2,41,0.04878048780487805
q_017,DJI_202510311413_010_新建面状航线1,12,2,41,0.04878048780487805
q_017,DJI_202510311413_010_新建面状航线1,13,2,41,0.04878048780487805
q_017,DJI_202510311413_010_新建面状航线1,14,2,41,0.04878048780487805
q_017,DJI_202510311413_010_新建面状航线1,15,3,41,0.07317073170731707
q_017,DJI_202510311413_010_新建面状航线1,16,3,41,0.07317073170731707
q_017,DJI_202510311413_010_新建面状航线1,17,3,41,0.07317073170731707
q_017,DJI_202510311413_010_新建面状航线1,18,3,41,0.07317073170731707
q_017,DJI_202510311413_010_新建面状航线1,19,3,41,0.07317073170731707
q_017,DJI_202510311413_010_新建面状航线1,20,3,41,0.07317073170731707
q_018,DJI_202510311413_010_新建面状航线1,1,1,94,0.010638297872340425
q_018,DJI_202510311413_010_新建面状航线1,2,2,94,0.02127659574468085
q_018,DJI_202510311413_010_新建面状航线1,3,3,94,0.031914893617021274
q_018,DJI_202510311413_010_新建面状航线1,4,3,94,0.031914893617021274
q_018,DJI_202510311413_010_新建面状航线1,5,3,94,0.031914893617021274
q_018,DJI_202510311413_010_新建面状航线1,6,3,94,0.031914893617021274
q_018,DJI_202510311413_010_新建面状航线1,7,4,94,0.0425531914893617
q_018,DJI_202510311413_010_新建面状航线1,8,5,94,0.05319148936170213
q_018,DJI_202510311413_010_新建面状航线1,9,6,94,0.06382978723404255
q_018,DJI_202510311413_010_新建面状航线1,10,6,94,0.06382978723404255
q_018,DJI_202510311413_010_新建面状航线1,11,6,94,0.06382978723404255
q_018,DJI_202510311413_010_新建面状航线1,12,7,94,0.07446808510638298
q_018,DJI_202510311413_010_新建面状航线1,13,7,94,0.07446808510638298
q_018,DJI_202510311413_010_新建面状航线1,14,7,94,0.07446808510638298
q_018,DJI_202510311413_010_新建面状航线1,15,7,94,0.07446808510638298
q_018,DJI_202510311413_010_新建面状航线1,16,7,94,0.07446808510638298
q_018,DJI_202510311413_010_新建面状航线1,17,7,94,0.07446808510638298
q_018,DJI_202510311413_010_新建面状航线1,18,7,94,0.07446808510638298
q_018,DJI_202510311413_010_新建面状航线1,19,7,94,0.07446808510638298
q_018,DJI_202510311413_010_新建面状航线1,20,7,94,0.07446808510638298
q_019,DJI_202510311413_010_新建面状航线1,1,0,97,0.0
q_019,DJI_202510311413_010_新建面状航线1,2,1,97,0.010309278350515464
q_019,DJI_202510311413_010_新建面状航线1,3,2,97,0.020618556701030927
q_019,DJI_202510311413_010_新建面状航线1,4,2,97,0.020618556701030927
q_019,DJI_202510311413_010_新建面状航线1,5,2,97,0.020618556701030927
q_019,DJI_202510311413_010_新建面状航线1,6,2,97,0.020618556701030927
q_019,DJI_202510311413_010_新建面状航线1,7,2,97,0.020618556701030927
q_019,DJI_202510311413_010_新建面状航线1,8,2,97,0.020618556701030927
q_019,DJI_202510311413_010_新建面状航线1,9,2,97,0.020618556701030927
q_019,DJI_202510311413_010_新建面状航线1,10,2,97,0.020618556701030927
q_019,DJI_202510311413_010_新建面状航线1,11,2,97,0.020618556701030927
q_019,DJI_202510311413_010_新建面状航线1,12,2,97,0.020618556701030927
q_019,DJI_202510311413_010_新建面状航线1,13,2,97,0.020618556701030927
q_019,DJI_202510311413_010_新建面状航线1,14,3,97,0.030927835051546393
q_019,DJI_202510311413_010_新建面状航线1,15,3,97,0.030927835051546393
q_019,DJI_202510311413_010_新建面状航线1,16,3,97,0.030927835051546393
q_019,DJI_202510311413_010_新建面状航线1,17,3,97,0.030927835051546393
q_019,DJI_202510311413_010_新建面状航线1,18,3,97,0.030927835051546393
q_019,DJI_202510311413_010_新建面状航线1,19,3,97,0.030927835051546393
q_019,DJI_202510311413_010_新建面状航线1,20,3,97,0.030927835051546393
q_020,DJI_202510311413_010_新建面状航线1,1,1,85,0.011764705882352941
q_020,DJI_202510311413_010_新建面状航线1,2,2,85,0.023529411764705882
q_020,DJI_202510311413_010_新建面状航线1,3,3,85,0.03529411764705882
q_020,DJI_202510311413_010_新建面状航线1,4,4,85,0.047058823529411764
q_020,DJI_202510311413_010_新建面状航线1,5,4,85,0.047058823529411764
q_020,DJI_202510311413_010_新建面状航线1,6,4,85,0.047058823529411764
q_020,DJI_202510311413_010_新建面状航线1,7,4,85,0.047058823529411764
q_020,DJI_202510311413_010_新建面状航线1,8,5,85,0.058823529411764705
q_020,DJI_202510311413_010_新建面状航线1,9,5,85,0.058823529411764705
q_020,DJI_202510311413_010_新建面状航线1,10,6,85,0.07058823529411765
q_020,DJI_202510311413_010_新建面状航线1,11,7,85,0.08235294117647059
q_020,DJI_202510311413_010_新建面状航线1,12,8,85,0.09411764705882353
q_020,DJI_202510311413_010_新建面状航线1,13,8,85,0.09411764705882353
q_020,DJI_202510311413_010_新建面状航线1,14,8,85,0.09411764705882353
q_020,DJI_202510311413_010_新建面状航线1,15,8,85,0.09411764705882353
q_020,DJI_202510311413_010_新建面状航线1,16,8,85,0.09411764705882353
q_020,DJI_202510311413_010_新建面状航线1,17,8,85,0.09411764705882353
q_020,DJI_202510311413_010_新建面状航线1,18,9,85,0.10588235294117647
q_020,DJI_202510311413_010_新建面状航线1,19,10,85,0.11764705882352941
q_020,DJI_202510311413_010_新建面状航线1,20,10,85,0.11764705882352941
q_021,DJI_202510311435_011_新建面状航线1,1,1,74,0.013513513513513514
q_021,DJI_202510311435_011_新建面状航线1,2,2,74,0.02702702702702703
q_021,DJI_202510311435_011_新建面状航线1,3,3,74,0.04054054054054054
q_021,DJI_202510311435_011_新建面状航线1,4,4,74,0.05405405405405406
q_021,DJI_202510311435_011_新建面状航线1,5,4,74,0.05405405405405406
q_021,DJI_202510311435_011_新建面状航线1,6,5,74,0.06756756756756757
q_021,DJI_202510311435_011_新建面状航线1,7,6,74,0.08108108108108109
q_021,DJI_202510311435_011_新建面状航线1,8,6,74,0.08108108108108109
q_021,DJI_202510311435_011_新建面状航线1,9,7,74,0.0945945945945946
q_021,DJI_202510311435_011_新建面状航线1,10,8,74,0.10810810810810811
q_021,DJI_202510311435_011_新建面状航线1,11,8,74,0.10810810810810811
q_021,DJI_202510311435_011_新建面状航线1,12,9,74,0.12162162162162163
q_021,DJI_202510311435_011_新建面状航线1,13,9,74,0.12162162162162163
q_021,DJI_202510311435_011_新建面状航线1,14,9,74,0.12162162162162163
q_021,DJI_202510311435_011_新建面状航线1,15,10,74,0.13513513513513514
q_021,DJI_202510311435_011_新建面状航线1,16,11,74,0.14864864864864866
q_021,DJI_202510311435_011_新建面状航线1,17,11,74,0.14864864864864866
q_021,DJI_202510311435_011_新建面状航线1,18,11,74,0.14864864864864866
q_021,DJI_202510311435_011_新建面状航线1,19,11,74,0.14864864864864866
q_021,DJI_202510311435_011_新建面状航线1,20,12,74,0.16216216216216217
q_022,DJI_202510311435_011_新建面状航线1,1,1,84,0.011904761904761904
q_022,DJI_202510311435_011_新建面状航线1,2,2,84,0.023809523809523808
q_022,DJI_202510311435_011_新建面状航线1,3,3,84,0.03571428571428571
q_022,DJI_202510311435_011_新建面状航线1,4,4,84,0.047619047619047616
q_022,DJI_202510311435_011_新建面状航线1,5,5,84,0.05952380952380952
q_022,DJI_202510311435_011_新建面状航线1,6,5,84,0.05952380952380952
q_022,DJI_202510311435_011_新建面状航线1,7,6,84,0.07142857142857142
q_022,DJI_202510311435_011_新建面状航线1,8,7,84,0.08333333333333333
q_022,DJI_202510311435_011_新建面状航线1,9,7,84,0.08333333333333333
q_022,DJI_202510311435_011_新建面状航线1,10,8,84,0.09523809523809523
q_022,DJI_202510311435_011_新建面状航线1,11,9,84,0.10714285714285714
q_022,DJI_202510311435_011_新建面状航线1,12,10,84,0.11904761904761904
q_022,DJI_202510311435_011_新建面状航线1,13,11,84,0.13095238095238096
q_022,DJI_202510311435_011_新建面状航线1,14,11,84,0.13095238095238096
q_022,DJI_202510311435_011_新建面状航线1,15,11,84,0.13095238095238096
q_022,DJI_202510311435_011_新建面状航线1,16,11,84,0.13095238095238096
q_022,DJI_202510311435_011_新建面状航线1,17,11,84,0.13095238095238096
q_022,DJI_202510311435_011_新建面状航线1,18,11,84,0.13095238095238096
q_022,DJI_202510311435_011_新建面状航线1,19,11,84,0.13095238095238096
q_022,DJI_202510311435_011_新建面状航线1,20,12,84,0.14285714285714285
q_023,DJI_202510311435_011_新建面状航线1,1,1,94,0.010638297872340425
q_023,DJI_202510311435_011_新建面状航线1,2,2,94,0.02127659574468085
q_023,DJI_202510311435_011_新建面状航线1,3,3,94,0.031914893617021274
q_023,DJI_202510311435_011_新建面状航线1,4,4,94,0.0425531914893617
q_023,DJI_202510311435_011_新建面状航线1,5,5,94,0.05319148936170213
q_023,DJI_202510311435_011_新建面状航线1,6,5,94,0.05319148936170213
q_023,DJI_202510311435_011_新建面状航线1,7,6,94,0.06382978723404255
q_023,DJI_202510311435_011_新建面状航线1,8,6,94,0.06382978723404255
q_023,DJI_202510311435_011_新建面状航线1,9,6,94,0.06382978723404255
q_023,DJI_202510311435_011_新建面状航线1,10,7,94,0.07446808510638298
q_023,DJI_202510311435_011_新建面状航线1,11,8,94,0.0851063829787234
q_023,DJI_202510311435_011_新建面状航线1,12,9,94,0.09574468085106383
q_023,DJI_202510311435_011_新建面状航线1,13,10,94,0.10638297872340426
q_023,DJI_202510311435_011_新建面状航线1,14,10,94,0.10638297872340426
q_023,DJI_202510311435_011_新建面状航线1,15,10,94,0.10638297872340426
q_023,DJI_202510311435_011_新建面状航线1,16,10,94,0.10638297872340426
q_023,DJI_202510311435_011_新建面状航线1,17,11,94,0.11702127659574468
q_023,DJI_202510311435_011_新建面状航线1,18,11,94,0.11702127659574468
q_023,DJI_202510311435_011_新建面状航线1,19,11,94,0.11702127659574468
q_023,DJI_202510311435_011_新建面状航线1,20,11,94,0.11702127659574468
q_024,DJI_202510311435_011_新建面状航线1,1,1,96,0.010416666666666666
q_024,DJI_202510311435_011_新建面状航线1,2,2,96,0.020833333333333332
q_024,DJI_202510311435_011_新建面状航线1,3,3,96,0.03125
q_024,DJI_202510311435_011_新建面状航线1,4,4,96,0.041666666666666664
q_024,DJI_202510311435_011_新建面状航线1,5,5,96,0.052083333333333336
q_024,DJI_202510311435_011_新建面状航线1,6,6,96,0.0625
q_024,DJI_202510311435_011_新建面状航线1,7,7,96,0.07291666666666667
q_024,DJI_202510311435_011_新建面状航线1,8,8,96,0.08333333333333333
q_024,DJI_202510311435_011_新建面状航线1,9,8,96,0.08333333333333333
q_024,DJI_202510311435_011_新建面状航线1,10,9,96,0.09375
q_024,DJI_202510311435_011_新建面状航线1,11,10,96,0.10416666666666667
q_024,DJI_202510311435_011_新建面状航线1,12,11,96,0.11458333333333333
q_024,DJI_202510311435_011_新建面状航线1,13,12,96,0.125
q_024,DJI_202510311435_011_新建面状航线1,14,13,96,0.13541666666666666
q_024,DJI_202510311435_011_新建面状航线1,15,13,96,0.13541666666666666
q_024,DJI_202510311435_011_新建面状航线1,16,13,96,0.13541666666666666
q_024,DJI_202510311435_011_新建面状航线1,17,14,96,0.14583333333333334
q_024,DJI_202510311435_011_新建面状航线1,18,15,96,0.15625
q_024,DJI_202510311435_011_新建面状航线1,19,15,96,0.15625
q_024,DJI_202510311435_011_新建面状航线1,20,15,96,0.15625
q_025,DJI_202510311435_011_新建面状航线1,1,1,90,0.011111111111111112
q_025,DJI_202510311435_011_新建面状航线1,2,2,90,0.022222222222222223
q_025,DJI_202510311435_011_新建面状航线1,3,3,90,0.03333333333333333
q_025,DJI_202510311435_011_新建面状航线1,4,4,90,0.044444444444444446
q_025,DJI_202510311435_011_新建面状航线1,5,4,90,0.044444444444444446
q_025,DJI_202510311435_011_新建面状航线1,6,5,90,0.05555555555555555
q_025,DJI_202510311435_011_新建面状航线1,7,6,90,0.06666666666666667
q_025,DJI_202510311435_011_新建面状航线1,8,6,90,0.06666666666666667
q_025,DJI_202510311435_011_新建面状航线1,9,7,90,0.07777777777777778
q_025,DJI_202510311435_011_新建面状航线1,10,7,90,0.07777777777777778
q_025,DJI_202510311435_011_新建面状航线1,11,7,90,0.07777777777777778
q_025,DJI_202510311435_011_新建面状航线1,12,8,90,0.08888888888888889
q_025,DJI_202510311435_011_新建面状航线1,13,8,90,0.08888888888888889
q_025,DJI_202510311435_011_新建面状航线1,14,9,90,0.1
q_025,DJI_202510311435_011_新建面状航线1,15,9,90,0.1
q_025,DJI_202510311435_011_新建面状航线1,16,10,90,0.1111111111111111
q_025,DJI_202510311435_011_新建面状航线1,17,10,90,0.1111111111111111
q_025,DJI_202510311435_011_新建面状航线1,18,10,90,0.1111111111111111
q_025,DJI_202510311435_011_新建面状航线1,19,11,90,0.12222222222222222
q_025,DJI_202510311435_011_新建面状航线1,20,12,90,0.13333333333333333
q_026,DJI_202510311435_011_新建面状航线1,1,0,92,0.0
q_026,DJI_202510311435_011_新建面状航线1,2,0,92,0.0
q_026,DJI_202510311435_011_新建面状航线1,3,1,92,0.010869565217391304
q_026,DJI_202510311435_011_新建面状航线1,4,1,92,0.010869565217391304
q_026,DJI_202510311435_011_新建面状航线1,5,1,92,0.010869565217391304
q_026,DJI_202510311435_011_新建面状航线1,6,1,92,0.010869565217391304
q_026,DJI_202510311435_011_新建面状航线1,7,1,92,0.010869565217391304
q_026,DJI_202510311435_011_新建面状航线1,8,2,92,0.021739130434782608
q_026,DJI_202510311435_011_新建面状航线1,9,2,92,0.021739130434782608
q_026,DJI_202510311435_011_新建面状航线1,10,2,92,0.021739130434782608
q_026,DJI_202510311435_011_新建面状航线1,11,3,92,0.03260869565217391
q_026,DJI_202510311435_011_新建面状航线1,12,3,92,0.03260869565217391
q_026,DJI_202510311435_011_新建面状航线1,13,3,92,0.03260869565217391
q_026,DJI_202510311435_011_新建面状航线1,14,4,92,0.043478260869565216
q_026,DJI_202510311435_011_新建面状航线1,15,4,92,0.043478260869565216
q_026,DJI_202510311435_011_新建面状航线1,16,4,92,0.043478260869565216
q_026,DJI_202510311435_011_新建面状航线1,17,4,92,0.043478260869565216
q_026,DJI_202510311435_011_新建面状航线1,18,4,92,0.043478260869565216
q_026,DJI_202510311435_011_新建面状航线1,19,4,92,0.043478260869565216
q_026,DJI_202510311435_011_新建面状航线1,20,4,92,0.043478260869565216
q_027,DJI_202510311435_011_新建面状航线1,1,1,100,0.01
q_027,DJI_202510311435_011_新建面状航线1,2,1,100,0.01
q_027,DJI_202510311435_011_新建面状航线1,3,2,100,0.02
q_027,DJI_202510311435_011_新建面状航线1,4,3,100,0.03
q_027,DJI_202510311435_011_新建面状航线1,5,4,100,0.04
q_027,DJI_202510311435_011_新建面状航线1,6,4,100,0.04
q_027,DJI_202510311435_011_新建面状航线1,7,4,100,0.04
q_027,DJI_202510311435_011_新建面状航线1,8,4,100,0.04
q_027,DJI_202510311435_011_新建面状航线1,9,5,100,0.05
q_027,DJI_202510311435_011_新建面状航线1,10,5,100,0.05
q_027,DJI_202510311435_011_新建面状航线1,11,5,100,0.05
q_027,DJI_202510311435_011_新建面状航线1,12,5,100,0.05
q_027,DJI_202510311435_011_新建面状航线1,13,5,100,0.05
q_027,DJI_202510311435_011_新建面状航线1,14,6,100,0.06
q_027,DJI_202510311435_011_新建面状航线1,15,7,100,0.07
q_027,DJI_202510311435_011_新建面状航线1,16,8,100,0.08
q_027,DJI_202510311435_011_新建面状航线1,17,8,100,0.08
q_027,DJI_202510311435_011_新建面状航线1,18,8,100,0.08
q_027,DJI_202510311435_011_新建面状航线1,19,8,100,0.08
q_027,DJI_202510311435_011_新建面状航线1,20,9,100,0.09
q_028,DJI_202510311435_011_新建面状航线1,1,1,98,0.01020408163265306
q_028,DJI_202510311435_011_新建面状航线1,2,2,98,0.02040816326530612
q_028,DJI_202510311435_011_新建面状航线1,3,3,98,0.030612244897959183
q_028,DJI_202510311435_011_新建面状航线1,4,3,98,0.030612244897959183
q_028,DJI_202510311435_011_新建面状航线1,5,4,98,0.04081632653061224
q_028,DJI_202510311435_011_新建面状航线1,6,5,98,0.05102040816326531
q_028,DJI_202510311435_011_新建面状航线1,7,5,98,0.05102040816326531
q_028,DJI_202510311435_011_新建面状航线1,8,5,98,0.05102040816326531
q_028,DJI_202510311435_011_新建面状航线1,9,6,98,0.061224489795918366
q_028,DJI_202510311435_011_新建面状航线1,10,7,98,0.07142857142857142
q_028,DJI_202510311435_011_新建面状航线1,11,8,98,0.08163265306122448
q_028,DJI_202510311435_011_新建面状航线1,12,8,98,0.08163265306122448
q_028,DJI_202510311435_011_新建面状航线1,13,8,98,0.08163265306122448
q_028,DJI_202510311435_011_新建面状航线1,14,9,98,0.09183673469387756
q_028,DJI_202510311435_011_新建面状航线1,15,9,98,0.09183673469387756
q_028,DJI_202510311435_011_新建面状航线1,16,9,98,0.09183673469387756
q_028,DJI_202510311435_011_新建面状航线1,17,10,98,0.10204081632653061
q_028,DJI_202510311435_011_新建面状航线1,18,10,98,0.10204081632653061
q_028,DJI_202510311435_011_新建面状航线1,19,11,98,0.11224489795918367
q_028,DJI_202510311435_011_新建面状航线1,20,12,98,0.12244897959183673
q_029,DJI_202510311435_011_新建面状航线1,1,0,94,0.0
q_029,DJI_202510311435_011_新建面状航线1,2,0,94,0.0
q_029,DJI_202510311435_011_新建面状航线1,3,0,94,0.0
q_029,DJI_202510311435_011_新建面状航线1,4,1,94,0.010638297872340425
q_029,DJI_202510311435_011_新建面状航线1,5,1,94,0.010638297872340425
q_029,DJI_202510311435_011_新建面状航线1,6,1,94,0.010638297872340425
q_029,DJI_202510311435_011_新建面状航线1,7,1,94,0.010638297872340425
q_029,DJI_202510311435_011_新建面状航线1,8,1,94,0.010638297872340425
q_029,DJI_202510311435_011_新建面状航线1,9,1,94,0.010638297872340425
q_029,DJI_202510311435_011_新建面状航线1,10,1,94,0.010638297872340425
q_029,DJI_202510311435_011_新建面状航线1,11,1,94,0.010638297872340425
q_029,DJI_202510311435_011_新建面状航线1,12,2,94,0.02127659574468085
q_029,DJI_202510311435_011_新建面状航线1,13,2,94,0.02127659574468085
q_029,DJI_202510311435_011_新建面状航线1,14,2,94,0.02127659574468085
q_029,DJI_202510311435_011_新建面状航线1,15,2,94,0.02127659574468085
q_029,DJI_202510311435_011_新建面状航线1,16,3,94,0.031914893617021274
q_029,DJI_202510311435_011_新建面状航线1,17,4,94,0.0425531914893617
q_029,DJI_202510311435_011_新建面状航线1,18,5,94,0.05319148936170213
q_029,DJI_202510311435_011_新建面状航线1,19,5,94,0.05319148936170213
q_029,DJI_202510311435_011_新建面状航线1,20,5,94,0.05319148936170213
q_030,DJI_202510311435_011_新建面状航线1,1,1,88,0.011363636363636364
q_030,DJI_202510311435_011_新建面状航线1,2,1,88,0.011363636363636364
q_030,DJI_202510311435_011_新建面状航线1,3,2,88,0.022727272727272728
q_030,DJI_202510311435_011_新建面状航线1,4,2,88,0.022727272727272728
q_030,DJI_202510311435_011_新建面状航线1,5,3,88,0.03409090909090909
q_030,DJI_202510311435_011_新建面状航线1,6,3,88,0.03409090909090909
q_030,DJI_202510311435_011_新建面状航线1,7,3,88,0.03409090909090909
q_030,DJI_202510311435_011_新建面状航线1,8,3,88,0.03409090909090909
q_030,DJI_202510311435_011_新建面状航线1,9,3,88,0.03409090909090909
q_030,DJI_202510311435_011_新建面状航线1,10,3,88,0.03409090909090909
q_030,DJI_202510311435_011_新建面状航线1,11,4,88,0.045454545454545456
q_030,DJI_202510311435_011_新建面状航线1,12,4,88,0.045454545454545456
q_030,DJI_202510311435_011_新建面状航线1,13,4,88,0.045454545454545456
q_030,DJI_202510311435_011_新建面状航线1,14,4,88,0.045454545454545456
q_030,DJI_202510311435_011_新建面状航线1,15,4,88,0.045454545454545456
q_030,DJI_202510311435_011_新建面状航线1,16,4,88,0.045454545454545456
q_030,DJI_202510311435_011_新建面状航线1,17,4,88,0.045454545454545456
q_030,DJI_202510311435_011_新建面状航线1,18,4,88,0.045454545454545456
q_030,DJI_202510311435_011_新建面状航线1,19,4,88,0.045454545454545456
q_030,DJI_202510311435_011_新建面状航线1,20,4,88,0.045454545454545456
q_031,DJI_202510311500_012_新建面状航线1,1,0,98,0.0
q_031,DJI_202510311500_012_新建面状航线1,2,0,98,0.0
q_031,DJI_202510311500_012_新建面状航线1,3,0,98,0.0
q_031,DJI_202510311500_012_新建面状航线1,4,0,98,0.0
q_031,DJI_202510311500_012_新建面状航线1,5,0,98,0.0
q_031,DJI_202510311500_012_新建面状航线1,6,0,98,0.0
q_031,DJI_202510311500_012_新建面状航线1,7,0,98,0.0
q_031,DJI_202510311500_012_新建面状航线1,8,0,98,0.0
q_031,DJI_202510311500_012_新建面状航线1,9,0,98,0.0
q_031,DJI_202510311500_012_新建面状航线1,10,0,98,0.0
q_031,DJI_202510311500_012_新建面状航线1,11,0,98,0.0
q_031,DJI_202510311500_012_新建面状航线1,12,0,98,0.0
q_031,DJI_202510311500_012_新建面状航线1,13,0,98,0.0
q_031,DJI_202510311500_012_新建面状航线1,14,0,98,0.0
q_031,DJI_202510311500_012_新建面状航线1,15,0,98,0.0
q_031,DJI_202510311500_012_新建面状航线1,16,0,98,0.0
q_031,DJI_202510311500_012_新建面状航线1,17,1,98,0.01020408163265306
q_031,DJI_202510311500_012_新建面状航线1,18,2,98,0.02040816326530612
q_031,DJI_202510311500_012_新建面状航线1,19,2,98,0.02040816326530612
q_031,DJI_202510311500_012_新建面状航线1,20,3,98,0.030612244897959183
q_032,DJI_202510311500_012_新建面状航线1,1,1,89,0.011235955056179775
q_032,DJI_202510311500_012_新建面状航线1,2,2,89,0.02247191011235955
q_032,DJI_202510311500_012_新建面状航线1,3,2,89,0.02247191011235955
q_032,DJI_202510311500_012_新建面状航线1,4,3,89,0.033707865168539325
q_032,DJI_202510311500_012_新建面状航线1,5,4,89,0.0449438202247191
q_032,DJI_202510311500_012_新建面状航线1,6,4,89,0.0449438202247191
q_032,DJI_202510311500_012_新建面状航线1,7,4,89,0.0449438202247191
q_032,DJI_202510311500_012_新建面状航线1,8,4,89,0.0449438202247191
q_032,DJI_202510311500_012_新建面状航线1,9,4,89,0.0449438202247191
q_032,DJI_202510311500_012_新建面状航线1,10,4,89,0.0449438202247191
q_032,DJI_202510311500_012_新建面状航线1,11,4,89,0.0449438202247191
q_032,DJI_202510311500_012_新建面状航线1,12,4,89,0.0449438202247191
q_032,DJI_202510311500_012_新建面状航线1,13,4,89,0.0449438202247191
q_032,DJI_202510311500_012_新建面状航线1,14,4,89,0.0449438202247191
q_032,DJI_202510311500_012_新建面状航线1,15,4,89,0.0449438202247191
q_032,DJI_202510311500_012_新建面状航线1,16,4,89,0.0449438202247191
q_032,DJI_202510311500_012_新建面状航线1,17,5,89,0.056179775280898875
q_032,DJI_202510311500_012_新建面状航线1,18,5,89,0.056179775280898875
q_032,DJI_202510311500_012_新建面状航线1,19,6,89,0.06741573033707865
q_032,DJI_202510311500_012_新建面状航线1,20,7,89,0.07865168539325842
q_033,DJI_202510311500_012_新建面状航线1,1,0,95,0.0
q_033,DJI_202510311500_012_新建面状航线1,2,0,95,0.0
q_033,DJI_202510311500_012_新建面状航线1,3,0,95,0.0
q_033,DJI_202510311500_012_新建面状航线1,4,0,95,0.0
q_033,DJI_202510311500_012_新建面状航线1,5,0,95,0.0
q_033,DJI_202510311500_012_新建面状航线1,6,0,95,0.0
q_033,DJI_202510311500_012_新建面状航线1,7,0,95,0.0
q_033,DJI_202510311500_012_新建面状航线1,8,0,95,0.0
q_033,DJI_202510311500_012_新建面状航线1,9,0,95,0.0
q_033,DJI_202510311500_012_新建面状航线1,10,0,95,0.0
q_033,DJI_202510311500_012_新建面状航线1,11,0,95,0.0
q_033,DJI_202510311500_012_新建面状航线1,12,0,95,0.0
q_033,DJI_202510311500_012_新建面状航线1,13,0,95,0.0
q_033,DJI_202510311500_012_新建面状航线1,14,1,95,0.010526315789473684
q_033,DJI_202510311500_012_新建面状航线1,15,2,95,0.021052631578947368
q_033,DJI_202510311500_012_新建面状航线1,16,3,95,0.031578947368421054
q_033,DJI_202510311500_012_新建面状航线1,17,3,95,0.031578947368421054
q_033,DJI_202510311500_012_新建面状航线1,18,4,95,0.042105263157894736
q_033,DJI_202510311500_012_新建面状航线1,19,4,95,0.042105263157894736
q_033,DJI_202510311500_012_新建面状航线1,20,4,95,0.042105263157894736
q_034,DJI_202510311500_012_新建面状航线1,1,1,87,0.011494252873563218
q_034,DJI_202510311500_012_新建面状航线1,2,1,87,0.011494252873563218
q_034,DJI_202510311500_012_新建面状航线1,3,2,87,0.022988505747126436
q_034,DJI_202510311500_012_新建面状航线1,4,2,87,0.022988505747126436
q_034,DJI_202510311500_012_新建面状航线1,5,3,87,0.034482758620689655
q_034,DJI_202510311500_012_新建面状航线1,6,3,87,0.034482758620689655
q_034,DJI_202510311500_012_新建面状航线1,7,3,87,0.034482758620689655
q_034,DJI_202510311500_012_新建面状航线1,8,3,87,0.034482758620689655
q_034,DJI_202510311500_012_新建面状航线1,9,4,87,0.04597701149425287
q_034,DJI_202510311500_012_新建面状航线1,10,4,87,0.04597701149425287
q_034,DJI_202510311500_012_新建面状航线1,11,4,87,0.04597701149425287
q_034,DJI_202510311500_012_新建面状航线1,12,4,87,0.04597701149425287
q_034,DJI_202510311500_012_新建面状航线1,13,4,87,0.04597701149425287
q_034,DJI_202510311500_012_新建面状航线1,14,4,87,0.04597701149425287
q_034,DJI_202510311500_012_新建面状航线1,15,4,87,0.04597701149425287
q_034,DJI_202510311500_012_新建面状航线1,16,5,87,0.05747126436781609
q_034,DJI_202510311500_012_新建面状航线1,17,5,87,0.05747126436781609
q_034,DJI_202510311500_012_新建面状航线1,18,5,87,0.05747126436781609
q_034,DJI_202510311500_012_新建面状航线1,19,5,87,0.05747126436781609
q_034,DJI_202510311500_012_新建面状航线1,20,5,87,0.05747126436781609
q_035,DJI_202510311500_012_新建面状航线1,1,0,96,0.0
q_035,DJI_202510311500_012_新建面状航线1,2,0,96,0.0
q_035,DJI_202510311500_012_新建面状航线1,3,0,96,0.0
q_035,DJI_202510311500_012_新建面状航线1,4,0,96,0.0
q_035,DJI_202510311500_012_新建面状航线1,5,0,96,0.0
q_035,DJI_202510311500_012_新建面状航线1,6,0,96,0.0
q_035,DJI_202510311500_012_新建面状航线1,7,0,96,0.0
q_035,DJI_202510311500_012_新建面状航线1,8,0,96,0.0
q_035,DJI_202510311500_012_新建面状航线1,9,1,96,0.010416666666666666
q_035,DJI_202510311500_012_新建面状航线1,10,1,96,0.010416666666666666
q_035,DJI_202510311500_012_新建面状航线1,11,1,96,0.010416666666666666
q_035,DJI_202510311500_012_新建面状航线1,12,1,96,0.010416666666666666
q_035,DJI_202510311500_012_新建面状航线1,13,2,96,0.020833333333333332
q_035,DJI_202510311500_012_新建面状航线1,14,2,96,0.020833333333333332
q_035,DJI_202510311500_012_新建面状航线1,15,3,96,0.03125
q_035,DJI_202510311500_012_新建面状航线1,16,3,96,0.03125
q_035,DJI_202510311500_012_新建面状航线1,17,3,96,0.03125
q_035,DJI_202510311500_012_新建面状航线1,18,4,96,0.041666666666666664
q_035,DJI_202510311500_012_新建面状航线1,19,4,96,0.041666666666666664
q_035,DJI_202510311500_012_新建面状航线1,20,5,96,0.052083333333333336
q_036,DJI_202510311500_012_新建面状航线1,1,0,87,0.0
q_036,DJI_202510311500_012_新建面状航线1,2,0,87,0.0
q_036,DJI_202510311500_012_新建面状航线1,3,0,87,0.0
q_036,DJI_202510311500_012_新建面状航线1,4,0,87,0.0
q_036,DJI_202510311500_012_新建面状航线1,5,0,87,0.0
q_036,DJI_202510311500_012_新建面状航线1,6,1,87,0.011494252873563218
q_036,DJI_202510311500_012_新建面状航线1,7,1,87,0.011494252873563218
q_036,DJI_202510311500_012_新建面状航线1,8,2,87,0.022988505747126436
q_036,DJI_202510311500_012_新建面状航线1,9,3,87,0.034482758620689655
q_036,DJI_202510311500_012_新建面状航线1,10,4,87,0.04597701149425287
q_036,DJI_202510311500_012_新建面状航线1,11,4,87,0.04597701149425287
q_036,DJI_202510311500_012_新建面状航线1,12,4,87,0.04597701149425287
q_036,DJI_202510311500_012_新建面状航线1,13,4,87,0.04597701149425287
q_036,DJI_202510311500_012_新建面状航线1,14,5,87,0.05747126436781609
q_036,DJI_202510311500_012_新建面状航线1,15,6,87,0.06896551724137931
q_036,DJI_202510311500_012_新建面状航线1,16,6,87,0.06896551724137931
q_036,DJI_202510311500_012_新建面状航线1,17,6,87,0.06896551724137931
q_036,DJI_202510311500_012_新建面状航线1,18,6,87,0.06896551724137931
q_036,DJI_202510311500_012_新建面状航线1,19,6,87,0.06896551724137931
q_036,DJI_202510311500_012_新建面状航线1,20,7,87,0.08045977011494253
q_037,DJI_202510311500_012_新建面状航线1,1,1,82,0.012195121951219513
q_037,DJI_202510311500_012_新建面状航线1,2,1,82,0.012195121951219513
q_037,DJI_202510311500_012_新建面状航线1,3,1,82,0.012195121951219513
q_037,DJI_202510311500_012_新建面状航线1,4,1,82,0.012195121951219513
q_037,DJI_202510311500_012_新建面状航线1,5,1,82,0.012195121951219513
q_037,DJI_202510311500_012_新建面状航线1,6,2,82,0.024390243902439025
q_037,DJI_202510311500_012_新建面状航线1,7,3,82,0.036585365853658534
q_037,DJI_202510311500_012_新建面状航线1,8,3,82,0.036585365853658534
q_037,DJI_202510311500_012_新建面状航线1,9,3,82,0.036585365853658534
q_037,DJI_202510311500_012_新建面状航线1,10,3,82,0.036585365853658534
q_037,DJI_202510311500_012_新建面状航线1,11,3,82,0.036585365853658534
q_037,DJI_202510311500_012_新建面状航线1,12,3,82,0.036585365853658534
q_037,DJI_202510311500_012_新建面状航线1,13,3,82,0.036585365853658534
q_037,DJI_202510311500_012_新建面状航线1,14,4,82,0.04878048780487805
q_037,DJI_202510311500_012_新建面状航线1,15,5,82,0.06097560975609756
q_037,DJI_202510311500_012_新建面状航线1,16,6,82,0.07317073170731707
q_037,DJI_202510311500_012_新建面状航线1,17,6,82,0.07317073170731707
q_037,DJI_202510311500_012_新建面状航线1,18,7,82,0.08536585365853659
q_037,DJI_202510311500_012_新建面状航线1,19,7,82,0.08536585365853659
q_037,DJI_202510311500_012_新建面状航线1,20,7,82,0.08536585365853659
q_038,DJI_202510311500_012_新建面状航线1,1,0,89,0.0
q_038,DJI_202510311500_012_新建面状航线1,2,0,89,0.0
q_038,DJI_202510311500_012_新建面状航线1,3,0,89,0.0
q_038,DJI_202510311500_012_新建面状航线1,4,0,89,0.0
q_038,DJI_202510311500_012_新建面状航线1,5,0,89,0.0
q_038,DJI_202510311500_012_新建面状航线1,6,0,89,0.0
q_038,DJI_202510311500_012_新建面状航线1,7,0,89,0.0
q_038,DJI_202510311500_012_新建面状航线1,8,0,89,0.0
q_038,DJI_202510311500_012_新建面状航线1,9,0,89,0.0
q_038,DJI_202510311500_012_新建面状航线1,10,0,89,0.0
q_038,DJI_202510311500_012_新建面状航线1,11,0,89,0.0
q_038,DJI_202510311500_012_新建面状航线1,12,1,89,0.011235955056179775
q_038,DJI_202510311500_012_新建面状航线1,13,2,89,0.02247191011235955
q_038,DJI_202510311500_012_新建面状航线1,14,2,89,0.02247191011235955
q_038,DJI_202510311500_012_新建面状航线1,15,3,89,0.033707865168539325
q_038,DJI_202510311500_012_新建面状航线1,16,4,89,0.0449438202247191
q_038,DJI_202510311500_012_新建面状航线1,17,4,89,0.0449438202247191
q_038,DJI_202510311500_012_新建面状航线1,18,4,89,0.0449438202247191
q_038,DJI_202510311500_012_新建面状航线1,19,4,89,0.0449438202247191
q_038,DJI_202510311500_012_新建面状航线1,20,4,89,0.0449438202247191
q_039,DJI_202510311500_012_新建面状航线1,1,0,92,0.0
q_039,DJI_202510311500_012_新建面状航线1,2,1,92,0.010869565217391304
q_039,DJI_202510311500_012_新建面状航线1,3,2,92,0.021739130434782608
q_039,DJI_202510311500_012_新建面状航线1,4,3,92,0.03260869565217391
q_039,DJI_202510311500_012_新建面状航线1,5,4,92,0.043478260869565216
q_039,DJI_202510311500_012_新建面状航线1,6,5,92,0.05434782608695652
q_039,DJI_202510311500_012_新建面状航线1,7,5,92,0.05434782608695652
q_039,DJI_202510311500_012_新建面状航线1,8,5,92,0.05434782608695652
q_039,DJI_202510311500_012_新建面状航线1,9,5,92,0.05434782608695652
q_039,DJI_202510311500_012_新建面状航线1,10,5,92,0.05434782608695652
q_039,DJI_202510311500_012_新建面状航线1,11,6,92,0.06521739130434782
q_039,DJI_202510311500_012_新建面状航线1,12,6,92,0.06521739130434782
q_039,DJI_202510311500_012_新建面状航线1,13,6,92,0.06521739130434782
q_039,DJI_202510311500_012_新建面状航线1,14,6,92,0.06521739130434782
q_039,DJI_202510311500_012_新建面状航线1,15,6,92,0.06521739130434782
q_039,DJI_202510311500_012_新建面状航线1,16,6,92,0.06521739130434782
q_039,DJI_202510311500_012_新建面状航线1,17,6,92,0.06521739130434782
q_039,DJI_202510311500_012_新建面状航线1,18,6,92,0.06521739130434782
q_039,DJI_202510311500_012_新建面状航线1,19,6,92,0.06521739130434782
q_039,DJI_202510311500_012_新建面状航线1,20,7,92,0.07608695652173914
q_040,DJI_202510311500_012_新建面状航线1,1,0,97,0.0
q_040,DJI_202510311500_012_新建面状航线1,2,1,97,0.010309278350515464
q_040,DJI_202510311500_012_新建面状航线1,3,2,97,0.020618556701030927
q_040,DJI_202510311500_012_新建面状航线1,4,2,97,0.020618556701030927
q_040,DJI_202510311500_012_新建面状航线1,5,2,97,0.020618556701030927
q_040,DJI_202510311500_012_新建面状航线1,6,3,97,0.030927835051546393
q_040,DJI_202510311500_012_新建面状航线1,7,3,97,0.030927835051546393
q_040,DJI_202510311500_012_新建面状航线1,8,3,97,0.030927835051546393
q_040,DJI_202510311500_012_新建面状航线1,9,4,97,0.041237113402061855
q_040,DJI_202510311500_012_新建面状航线1,10,5,97,0.05154639175257732
q_040,DJI_202510311500_012_新建面状航线1,11,5,97,0.05154639175257732
q_040,DJI_202510311500_012_新建面状航线1,12,5,97,0.05154639175257732
q_040,DJI_202510311500_012_新建面状航线1,13,5,97,0.05154639175257732
q_040,DJI_202510311500_012_新建面状航线1,14,5,97,0.05154639175257732
q_040,DJI_202510311500_012_新建面状航线1,15,5,97,0.05154639175257732
q_040,DJI_202510311500_012_新建面状航线1,16,5,97,0.05154639175257732
q_040,DJI_202510311500_012_新建面状航线1,17,5,97,0.05154639175257732
q_040,DJI_202510311500_012_新建面状航线1,18,5,97,0.05154639175257732
q_040,DJI_202510311500_012_新建面状航线1,19,5,97,0.05154639175257732
q_040,DJI_202510311500_012_新建面状航线1,20,5,97,0.05154639175257732
