query_id,rank,candidate_tile_id,score,candidate_scale_level_m,candidate_center_x,candidate_center_y,is_intersection_truth_hit
q_001,1,cw_s200_x253783.721_y3364952.517,0.9010123014450073,200.000,253783.721025345556,3364952.516620819457,1
q_001,2,cw_s200_x254083.721_y3365102.517,0.895331084728241,200.000,254083.721025345556,3365102.516620819457,0
q_001,3,cw_s300_x254883.721_y3365002.517,0.8898619413375854,300.000,254883.721025345556,3365002.516620819457,0
q_001,4,cw_s300_x255108.721_y3364327.517,0.8891213536262512,300.000,255108.721025345556,3364327.516620819457,0
q_001,5,cw_s200_x254683.721_y3364052.517,0.8843994736671448,200.000,254683.721025345556,3364052.516620819457,0
q_001,6,cw_s300_x254658.721_y3364102.517,0.8805323839187622,300.000,254658.721025345556,3364102.516620819457,0
q_001,7,cw_s200_x254983.721_y3364352.517,0.8773161172866821,200.000,254983.721025345556,3364352.516620819457,0
q_001,8,cw_s200_x254233.721_y3364052.517,0.8738009929656982,200.000,254233.721025345556,3364052.516620819457,0
q_001,9,cw_s200_x254983.721_y3365252.517,0.870688796043396,200.000,254983.721025345556,3365252.516620819457,0
q_001,10,cw_s200_x254083.721_y3364052.517,0.8667851686477661,200.000,254083.721025345556,3364052.516620819457,0
q_001,11,cw_s200_x255133.721_y3364202.517,0.8637987375259399,200.000,255133.721025345556,3364202.516620819457,0
q_001,12,cw_s300_x254208.721_y3364102.517,0.8620576858520508,300.000,254208.721025345556,3364102.516620819457,0
q_001,13,cw_s200_x254833.721_y3364952.517,0.8618755340576172,200.000,254833.721025345556,3364952.516620819457,0
q_001,14,cw_s300_x255108.721_y3364102.517,0.860761821269989,300.000,255108.721025345556,3364102.516620819457,0
q_001,15,cw_s200_x255133.721_y3364052.517,0.8591166138648987,200.000,255133.721025345556,3364052.516620819457,0
q_001,16,cw_s200_x254833.721_y3364202.517,0.8582134246826172,200.000,254833.721025345556,3364202.516620819457,0
q_001,17,cw_s200_x254833.721_y3364052.517,0.8572829961776733,200.000,254833.721025345556,3364052.516620819457,0
q_001,18,cw_s300_x255108.721_y3365002.517,0.8545000553131104,300.000,255108.721025345556,3365002.516620819457,0
q_001,19,cw_s300_x254883.721_y3364102.517,0.8504859209060669,300.000,254883.721025345556,3364102.516620819457,0
q_001,20,cw_s300_x254883.721_y3364327.517,0.8485617637634277,300.000,254883.721025345556,3364327.516620819457,0
q_002,1,cw_s200_x253933.721_y3364802.517,0.8710770606994629,200.000,253933.721025345556,3364802.516620819457,0
q_002,2,cw_s200_x254233.721_y3364052.517,0.840092658996582,200.000,254233.721025345556,3364052.516620819457,0
q_002,3,cw_s300_x253983.721_y3365002.517,0.8338513374328613,300.000,253983.721025345556,3365002.516620819457,0
q_002,4,cw_s500_x254008.721_y3364502.517,0.8323476314544678,500.000,254008.721025345556,3364502.516620819457,0
q_002,5,cw_s300_x254658.721_y3365227.517,0.8230016231536865,300.000,254658.721025345556,3365227.516620819457,0
q_002,6,cw_s200_x253933.721_y3364352.517,0.8195639252662659,200.000,253933.721025345556,3364352.516620819457,0
q_002,7,cw_s500_x254008.721_y3364877.517,0.8177593946456909,500.000,254008.721025345556,3364877.516620819457,1
q_002,8,cw_s300_x254208.721_y3365002.517,0.8169944286346436,300.000,254208.721025345556,3365002.516620819457,0
q_002,9,cw_s300_x255108.721_y3365227.517,0.8119282722473145,300.000,255108.721025345556,3365227.516620819457,0
q_002,10,cw_s200_x254683.721_y3364202.517,0.8094611763954163,200.000,254683.721025345556,3364202.516620819457,0
q_002,11,cw_s200_x253933.721_y3364952.517,0.8091605305671692,200.000,253933.721025345556,3364952.516620819457,0
q_002,12,cw_s200_x254233.721_y3364952.517,0.8091474175453186,200.000,254233.721025345556,3364952.516620819457,0
q_002,13,cw_s300_x253983.721_y3364777.517,0.8060752749443054,300.000,253983.721025345556,3364777.516620819457,1
q_002,14,cw_s200_x254683.721_y3364952.517,0.8057803511619568,200.000,254683.721025345556,3364952.516620819457,0
q_002,15,cw_s200_x253783.721_y3364652.517,0.8049814105033875,200.000,253783.721025345556,3364652.516620819457,0
q_002,16,cw_s300_x254658.721_y3365002.517,0.8039826154708862,300.000,254658.721025345556,3365002.516620819457,0
q_002,17,cw_s500_x254758.721_y3364877.517,0.8039703369140625,500.000,254758.721025345556,3364877.516620819457,0
q_002,18,cw_s200_x253783.721_y3364802.517,0.80202716588974,200.000,253783.721025345556,3364802.516620819457,1
q_002,19,cw_s300_x253983.721_y3364552.517,0.7973161339759827,300.000,253983.721025345556,3364552.516620819457,0
q_002,20,cw_s300_x254208.721_y3365227.517,0.7945547699928284,300.000,254208.721025345556,3365227.516620819457,0
q_003,1,cw_s300_x253983.721_y3364552.517,0.7595951557159424,300.000,253983.721025345556,3364552.516620819457,1
q_003,2,cw_s500_x254008.721_y3364502.517,0.7007284164428711,500.000,254008.721025345556,3364502.516620819457,1
q_003,3,cw_s200_x254833.721_y3365102.517,0.6878648996353149,200.000,254833.721025345556,3365102.516620819457,0
q_003,4,cw_s200_x254833.721_y3365252.517,0.6771586537361145,200.000,254833.721025345556,3365252.516620819457,0
q_003,5,cw_s200_x253933.721_y3364502.517,0.661889374256134,200.000,253933.721025345556,3364502.516620819457,0
q_003,6,cw_s200_x254083.721_y3364652.517,0.6573575735092163,200.000,254083.721025345556,3364652.516620819457,0
q_003,7,cw_s300_x254883.721_y3365227.517,0.6557661294937134,300.000,254883.721025345556,3365227.516620819457,0
q_003,8,cw_s300_x254208.721_y3365002.517,0.6535319685935974,300.000,254208.721025345556,3365002.516620819457,0
q_003,9,cw_s200_x254233.721_y3364952.517,0.6524078249931335,200.000,254233.721025345556,3364952.516620819457,0
q_003,10,cw_s300_x254208.721_y3365227.517,0.6496472358703613,300.000,254208.721025345556,3365227.516620819457,0
q_003,11,cw_s200_x254233.721_y3365252.517,0.6493993401527405,200.000,254233.721025345556,3365252.516620819457,0
q_003,12,cw_s200_x254683.721_y3365252.517,0.6474965810775757,200.000,254683.721025345556,3365252.516620819457,0
q_003,13,cw_s200_x253933.721_y3364802.517,0.6352934837341309,200.000,253933.721025345556,3364802.516620819457,0
q_003,14,cw_s300_x253983.721_y3364327.517,0.6341443657875061,300.000,253983.721025345556,3364327.516620819457,0
q_003,15,cw_s200_x254233.721_y3365102.517,0.6341098546981812,200.000,254233.721025345556,3365102.516620819457,0
q_003,16,cw_s200_x253933.721_y3364952.517,0.6312426924705505,200.000,253933.721025345556,3364952.516620819457,0
q_003,17,cw_s200_x253933.721_y3364352.517,0.6309974193572998,200.000,253933.721025345556,3364352.516620819457,0
q_003,18,cw_s300_x254658.721_y3365227.517,0.6265140175819397,300.000,254658.721025345556,3365227.516620819457,0
q_003,19,cw_s200_x253933.721_y3364652.517,0.6233454942703247,200.000,253933.721025345556,3364652.516620819457,1
q_003,20,cw_s200_x254683.721_y3364202.517,0.6157320141792297,200.000,254683.721025345556,3364202.516620819457,0
q_004,1,cw_s300_x254433.721_y3364102.517,0.9290717244148254,300.000,254433.721025345556,3364102.516620819457,1
q_004,2,cw_s300_x254658.721_y3364777.517,0.9028946757316589,300.000,254658.721025345556,3364777.516620819457,0
q_004,3,cw_s200_x254383.721_y3364052.517,0.8969640731811523,200.000,254383.721025345556,3364052.516620819457,1
q_004,4,cw_s500_x254383.721_y3364127.517,0.8962241411209106,500.000,254383.721025345556,3364127.516620819457,1
q_004,5,cw_s300_x254658.721_y3364327.517,0.895013689994812,300.000,254658.721025345556,3364327.516620819457,0
q_004,6,cw_s300_x254208.721_y3364777.517,0.8828660249710083,300.000,254208.721025345556,3364777.516620819457,0
q_004,7,cw_s200_x254683.721_y3364352.517,0.8813570737838745,200.000,254683.721025345556,3364352.516620819457,0
q_004,8,cw_s500_x254008.721_y3364877.517,0.8781024217605591,500.000,254008.721025345556,3364877.516620819457,0
q_004,9,cw_s200_x254533.721_y3364052.517,0.8779610991477966,200.000,254533.721025345556,3364052.516620819457,0
q_004,10,cw_s200_x254383.721_y3364352.517,0.8713787794113159,200.000,254383.721025345556,3364352.516620819457,0
q_004,11,cw_s200_x254083.721_y3364802.517,0.8704807758331299,200.000,254083.721025345556,3364802.516620819457,0
q_004,12,cw_s200_x254533.721_y3364202.517,0.8704427480697632,200.000,254533.721025345556,3364202.516620819457,0
q_004,13,cw_s200_x254833.721_y3364802.517,0.8671169877052307,200.000,254833.721025345556,3364802.516620819457,0
q_004,14,cw_s200_x254383.721_y3365252.517,0.8653068542480469,200.000,254383.721025345556,3365252.516620819457,0
q_004,15,cw_s300_x254433.721_y3365227.517,0.8641718626022339,300.000,254433.721025345556,3365227.516620819457,0
q_004,16,cw_s500_x254758.721_y3364877.517,0.8617035746574402,500.000,254758.721025345556,3364877.516620819457,0
q_004,17,cw_s300_x254658.721_y3364552.517,0.8607120513916016,300.000,254658.721025345556,3364552.516620819457,0
q_004,18,cw_s300_x253983.721_y3364777.517,0.8601706027984619,300.000,253983.721025345556,3364777.516620819457,0
q_004,19,cw_s300_x254883.721_y3364777.517,0.8587962985038757,300.000,254883.721025345556,3364777.516620819457,0
q_004,20,cw_s300_x254433.721_y3364327.517,0.8583475351333618,300.000,254433.721025345556,3364327.516620819457,0
q_005,1,cw_s500_x254383.721_y3364127.517,0.9300125241279602,500.000,254383.721025345556,3364127.516620819457,1
q_005,2,cw_s500_x254383.721_y3364502.517,0.9166722893714905,500.000,254383.721025345556,3364502.516620819457,0
q_005,3,cw_s300_x254433.721_y3364102.517,0.9108384251594543,300.000,254433.721025345556,3364102.516620819457,1
q_005,4,cw_s300_x254658.721_y3364327.517,0.9039026498794556,300.000,254658.721025345556,3364327.516620819457,0
q_005,5,cw_s300_x254433.721_y3364327.517,0.9004241824150085,300.000,254433.721025345556,3364327.516620819457,0
q_005,6,cw_s300_x254433.721_y3364552.517,0.8969086408615112,300.000,254433.721025345556,3364552.516620819457,0
q_005,7,cw_s700_x254258.721_y3364377.517,0.8929120898246765,700.000,254258.721025345556,3364377.516620819457,1
q_005,8,cw_s300_x254658.721_y3364552.517,0.8862080574035645,300.000,254658.721025345556,3364552.516620819457,0
q_005,9,cw_s300_x254658.721_y3364777.517,0.8832685351371765,300.000,254658.721025345556,3364777.516620819457,0
q_005,10,cw_s300_x254208.721_y3364777.517,0.8764025568962097,300.000,254208.721025345556,3364777.516620819457,0
q_005,11,cw_s500_x254008.721_y3364877.517,0.8760488033294678,500.000,254008.721025345556,3364877.516620819457,0
q_005,12,cw_s300_x254208.721_y3364552.517,0.874184787273407,300.000,254208.721025345556,3364552.516620819457,0
q_005,13,cw_s200_x254383.721_y3364202.517,0.8733806014060974,200.000,254383.721025345556,3364202.516620819457,0
q_005,14,cw_s500_x254758.721_y3364502.517,0.873051643371582,500.000,254758.721025345556,3364502.516620819457,0
q_005,15,cw_s200_x254383.721_y3364352.517,0.8719831109046936,200.000,254383.721025345556,3364352.516620819457,0
q_005,16,cw_s300_x254883.721_y3364777.517,0.8714267611503601,300.000,254883.721025345556,3364777.516620819457,0
q_005,17,cw_s500_x254758.721_y3364877.517,0.8692352771759033,500.000,254758.721025345556,3364877.516620819457,0
q_005,18,cw_s200_x254683.721_y3364352.517,0.8663962483406067,200.000,254683.721025345556,3364352.516620819457,0
q_005,19,cw_s700_x254783.721_y3364902.517,0.8654457926750183,700.000,254783.721025345556,3364902.516620819457,0
q_005,20,cw_s200_x254383.721_y3364052.517,0.8647251129150391,200.000,254383.721025345556,3364052.516620819457,0
q_006,1,cw_s300_x253983.721_y3365002.517,0.9023755788803101,300.000,253983.721025345556,3365002.516620819457,1
q_006,2,cw_s200_x253933.721_y3364952.517,0.8655141592025757,200.000,253933.721025345556,3364952.516620819457,1
q_006,3,cw_s200_x253933.721_y3364802.517,0.8587643504142761,200.000,253933.721025345556,3364802.516620819457,0
q_006,4,cw_s200_x254233.721_y3364052.517,0.8165550231933594,200.000,254233.721025345556,3364052.516620819457,0
q_006,5,cw_s300_x254208.721_y3365002.517,0.8152294158935547,300.000,254208.721025345556,3365002.516620819457,0
q_006,6,cw_s500_x254008.721_y3364877.517,0.8140202760696411,500.000,254008.721025345556,3364877.516620819457,1
q_006,7,cw_s300_x254658.721_y3365227.517,0.8088212013244629,300.000,254658.721025345556,3365227.516620819457,0
q_006,8,cw_s200_x254683.721_y3365252.517,0.8013713955879211,200.000,254683.721025345556,3365252.516620819457,0
q_006,9,cw_s300_x253983.721_y3364777.517,0.7959386110305786,300.000,253983.721025345556,3364777.516620819457,0
q_006,10,cw_s200_x254233.721_y3364952.517,0.7953132390975952,200.000,254233.721025345556,3364952.516620819457,0
q_006,11,cw_s200_x254383.721_y3365252.517,0.7941429615020752,200.000,254383.721025345556,3365252.516620819457,0
q_006,12,cw_s300_x255108.721_y3365227.517,0.7915425300598145,300.000,255108.721025345556,3365227.516620819457,0
q_006,13,cw_s300_x254208.721_y3365227.517,0.7887667417526245,300.000,254208.721025345556,3365227.516620819457,0
q_006,14,cw_s300_x254433.721_y3365227.517,0.7843773365020752,300.000,254433.721025345556,3365227.516620819457,0
q_006,15,cw_s200_x254683.721_y3364202.517,0.784187912940979,200.000,254683.721025345556,3364202.516620819457,0
q_006,16,cw_s300_x254208.721_y3364102.517,0.7815617322921753,300.000,254208.721025345556,3364102.516620819457,0
q_006,17,cw_s200_x254083.721_y3365102.517,0.7777459621429443,200.000,254083.721025345556,3365102.516620819457,0
q_006,18,cw_s300_x254883.721_y3365227.517,0.773427426815033,300.000,254883.721025345556,3365227.516620819457,0
q_006,19,cw_s200_x254083.721_y3364952.517,0.7731631994247437,200.000,254083.721025345556,3364952.516620819457,0
q_006,20,cw_s200_x254683.721_y3364952.517,0.7698774337768555,200.000,254683.721025345556,3364952.516620819457,0
q_007,1,cw_s200_x254083.721_y3364802.517,0.9125213623046875,200.000,254083.721025345556,3364802.516620819457,1
q_007,2,cw_s200_x254383.721_y3364052.517,0.9009115695953369,200.000,254383.721025345556,3364052.516620819457,0
q_007,3,cw_s200_x254083.721_y3364952.517,0.8914667367935181,200.000,254083.721025345556,3364952.516620819457,0
q_007,4,cw_s300_x254658.721_y3364777.517,0.8888107538223267,300.000,254658.721025345556,3364777.516620819457,0
q_007,5,cw_s200_x254833.721_y3364802.517,0.8868556022644043,200.000,254833.721025345556,3364802.516620819457,0
q_007,6,cw_s300_x253983.721_y3364777.517,0.8857870101928711,300.000,253983.721025345556,3364777.516620819457,1
q_007,7,cw_s300_x254433.721_y3364102.517,0.8854572176933289,300.000,254433.721025345556,3364102.516620819457,0
q_007,8,cw_s200_x254683.721_y3364502.517,0.8799101710319519,200.000,254683.721025345556,3364502.516620819457,0
q_007,9,cw_s200_x254533.721_y3364052.517,0.8785871267318726,200.000,254533.721025345556,3364052.516620819457,0
q_007,10,cw_s200_x254683.721_y3364352.517,0.877395510673523,200.000,254683.721025345556,3364352.516620819457,0
q_007,11,cw_s300_x254208.721_y3364777.517,0.8701626658439636,300.000,254208.721025345556,3364777.516620819457,0
q_007,12,cw_s200_x254533.721_y3364652.517,0.8678956031799316,200.000,254533.721025345556,3364652.516620819457,0
q_007,13,cw_s500_x254008.721_y3364877.517,0.8660253882408142,500.000,254008.721025345556,3364877.516620819457,1
q_007,14,cw_s200_x254233.721_y3364802.517,0.865280032157898,200.000,254233.721025345556,3364802.516620819457,0
q_007,15,cw_s200_x254683.721_y3364802.517,0.8557307720184326,200.000,254683.721025345556,3364802.516620819457,0
q_007,16,cw_s200_x254383.721_y3364352.517,0.8545880913734436,200.000,254383.721025345556,3364352.516620819457,0
q_007,17,cw_s300_x254883.721_y3364777.517,0.8526554107666016,300.000,254883.721025345556,3364777.516620819457,0
q_007,18,cw_s200_x254983.721_y3364802.517,0.8509311079978943,200.000,254983.721025345556,3364802.516620819457,0
q_007,19,cw_s200_x254383.721_y3365252.517,0.8508205413818359,200.000,254383.721025345556,3365252.516620819457,0
q_007,20,cw_s200_x254533.721_y3364202.517,0.8495302200317383,200.000,254533.721025345556,3364202.516620819457,0
q_008,1,cw_s300_x254208.721_y3365002.517,0.8860828280448914,300.000,254208.721025345556,3365002.516620819457,0
q_008,2,cw_s200_x254233.721_y3364952.517,0.8687452077865601,200.000,254233.721025345556,3364952.516620819457,0
q_008,3,cw_s200_x254683.721_y3364352.517,0.8660598397254944,200.000,254683.721025345556,3364352.516620819457,0
q_008,4,cw_s300_x254658.721_y3364327.517,0.8604657053947449,300.000,254658.721025345556,3364327.516620819457,0
q_008,5,cw_s300_x254208.721_y3364777.517,0.8592813611030579,300.000,254208.721025345556,3364777.516620819457,1
q_008,6,cw_s500_x254758.721_y3364877.517,0.8567031621932983,500.000,254758.721025345556,3364877.516620819457,0
q_008,7,cw_s300_x254208.721_y3365227.517,0.8566799759864807,300.000,254208.721025345556,3365227.516620819457,0
q_008,8,cw_s200_x254233.721_y3365252.517,0.8493778705596924,200.000,254233.721025345556,3365252.516620819457,0
q_008,9,cw_s300_x254658.721_y3364777.517,0.849313497543335,300.000,254658.721025345556,3364777.516620819457,0
q_008,10,cw_s500_x254008.721_y3364877.517,0.845158576965332,500.000,254008.721025345556,3364877.516620819457,1
q_008,11,cw_s500_x254008.721_y3364502.517,0.8388925194740295,500.000,254008.721025345556,3364502.516620819457,1
q_008,12,cw_s200_x254083.721_y3364652.517,0.8379498720169067,200.000,254083.721025345556,3364652.516620819457,1
q_008,13,cw_s300_x253983.721_y3364777.517,0.8280805945396423,300.000,253983.721025345556,3364777.516620819457,1
q_008,14,cw_s200_x254083.721_y3364502.517,0.823795735836029,200.000,254083.721025345556,3364502.516620819457,0
q_008,15,cw_s700_x254783.721_y3364902.517,0.8235570192337036,700.000,254783.721025345556,3364902.516620819457,0
q_008,16,cw_s300_x254433.721_y3365227.517,0.8216450214385986,300.000,254433.721025345556,3365227.516620819457,0
q_008,17,cw_s200_x254383.721_y3365252.517,0.8195222020149231,200.000,254383.721025345556,3365252.516620819457,0
q_008,18,cw_s200_x254533.721_y3364052.517,0.8189602494239807,200.000,254533.721025345556,3364052.516620819457,0
q_008,19,cw_s200_x254683.721_y3365102.517,0.8168784379959106,200.000,254683.721025345556,3365102.516620819457,0
q_008,20,cw_s700_x254258.721_y3364902.517,0.8152454495429993,700.000,254258.721025345556,3364902.516620819457,1
q_009,1,cw_s200_x254683.721_y3364202.517,0.8715346455574036,200.000,254683.721025345556,3364202.516620819457,0
q_009,2,cw_s200_x254983.721_y3364652.517,0.8574281930923462,200.000,254983.721025345556,3364652.516620819457,0
q_009,3,cw_s200_x254533.721_y3364802.517,0.8569508194923401,200.000,254533.721025345556,3364802.516620819457,0
q_009,4,cw_s300_x254433.721_y3364777.517,0.8476294875144958,300.000,254433.721025345556,3364777.516620819457,0
q_009,5,cw_s300_x254658.721_y3364102.517,0.8436940908432007,300.000,254658.721025345556,3364102.516620819457,1
q_009,6,cw_s200_x254833.721_y3364352.517,0.8292452692985535,200.000,254833.721025345556,3364352.516620819457,0
q_009,7,cw_s300_x254658.721_y3364327.517,0.8287255764007568,300.000,254658.721025345556,3364327.516620819457,0
q_009,8,cw_s200_x254533.721_y3364052.517,0.8260830044746399,200.000,254533.721025345556,3364052.516620819457,1
q_009,9,cw_s200_x254383.721_y3364802.517,0.8236843347549438,200.000,254383.721025345556,3364802.516620819457,0
q_009,10,cw_s300_x254883.721_y3364552.517,0.8227584362030029,300.000,254883.721025345556,3364552.516620819457,0
q_009,11,cw_s500_x254758.721_y3364877.517,0.8200380802154541,500.000,254758.721025345556,3364877.516620819457,0
q_009,12,cw_s200_x254233.721_y3364652.517,0.8184121251106262,200.000,254233.721025345556,3364652.516620819457,0
q_009,13,cw_s200_x254833.721_y3364502.517,0.8181591629981995,200.000,254833.721025345556,3364502.516620819457,0
q_009,14,cw_s700_x254783.721_y3364902.517,0.8177047371864319,700.000,254783.721025345556,3364902.516620819457,0
q_009,15,cw_s300_x254658.721_y3365227.517,0.815990149974823,300.000,254658.721025345556,3365227.516620819457,0
q_009,16,cw_s200_x254683.721_y3364352.517,0.815620481967926,200.000,254683.721025345556,3364352.516620819457,0
q_009,17,cw_s300_x254433.721_y3365227.517,0.8070720434188843,300.000,254433.721025345556,3365227.516620819457,0
q_009,18,cw_s200_x254383.721_y3365252.517,0.8065919876098633,200.000,254383.721025345556,3365252.516620819457,0
q_009,19,cw_s500_x254383.721_y3364877.517,0.8006552457809448,500.000,254383.721025345556,3364877.516620819457,0
q_009,20,cw_s200_x254533.721_y3365252.517,0.7989546060562134,200.000,254533.721025345556,3365252.516620819457,0
q_010,1,cw_s300_x254433.721_y3364327.517,0.9465186595916748,300.000,254433.721025345556,3364327.516620819457,1
q_010,2,cw_s500_x254383.721_y3364502.517,0.941490650177002,500.000,254383.721025345556,3364502.516620819457,1
q_010,3,cw_s500_x254383.721_y3364127.517,0.9322854280471802,500.000,254383.721025345556,3364127.516620819457,1
q_010,4,cw_s300_x254433.721_y3364552.517,0.9265027046203613,300.000,254433.721025345556,3364552.516620819457,0
q_010,5,cw_s300_x254658.721_y3364327.517,0.922576904296875,300.000,254658.721025345556,3364327.516620819457,0
q_010,6,cw_s300_x254658.721_y3364552.517,0.9175215363502502,300.000,254658.721025345556,3364552.516620819457,0
q_010,7,cw_s300_x254433.721_y3364102.517,0.9120898842811584,300.000,254433.721025345556,3364102.516620819457,1
q_010,8,cw_s500_x254758.721_y3364502.517,0.9002691507339478,500.000,254758.721025345556,3364502.516620819457,0
q_010,9,cw_s200_x254383.721_y3364352.517,0.8961211442947388,200.000,254383.721025345556,3364352.516620819457,0
q_010,10,cw_s200_x254383.721_y3364202.517,0.8944619297981262,200.000,254383.721025345556,3364202.516620819457,1
q_010,11,cw_s200_x254383.721_y3364502.517,0.8938108682632446,200.000,254383.721025345556,3364502.516620819457,0
q_010,12,cw_s300_x254883.721_y3364777.517,0.8878036141395569,300.000,254883.721025345556,3364777.516620819457,0
q_010,13,cw_s700_x254258.721_y3364377.517,0.8818401098251343,700.000,254258.721025345556,3364377.516620819457,1
q_010,14,cw_s500_x254758.721_y3364877.517,0.8755302429199219,500.000,254758.721025345556,3364877.516620819457,0
q_010,15,cw_s300_x254658.721_y3364777.517,0.874752402305603,300.000,254658.721025345556,3364777.516620819457,0
q_010,16,cw_s300_x254208.721_y3364777.517,0.8696359395980835,300.000,254208.721025345556,3364777.516620819457,0
q_010,17,cw_s200_x254683.721_y3364502.517,0.8682041168212891,200.000,254683.721025345556,3364502.516620819457,0
q_010,18,cw_s300_x254208.721_y3364552.517,0.8652697205543518,300.000,254208.721025345556,3364552.516620819457,0
q_010,19,cw_s200_x254683.721_y3364352.517,0.8646317720413208,200.000,254683.721025345556,3364352.516620819457,0
q_010,20,cw_s700_x254783.721_y3364902.517,0.864212155342102,700.000,254783.721025345556,3364902.516620819457,0
q_011,1,cw_s300_x254208.721_y3364777.517,0.9367326498031616,300.000,254208.721025345556,3364777.516620819457,1
q_011,2,cw_s500_x254008.721_y3364877.517,0.9170854091644287,500.000,254008.721025345556,3364877.516620819457,1
q_011,3,cw_s300_x254658.721_y3364777.517,0.9064244031906128,300.000,254658.721025345556,3364777.516620819457,0
q_011,4,cw_s300_x254433.721_y3364102.517,0.8994383215904236,300.000,254433.721025345556,3364102.516620819457,0
q_011,5,cw_s300_x253983.721_y3364777.517,0.8977595567703247,300.000,253983.721025345556,3364777.516620819457,0
q_011,6,cw_s300_x254883.721_y3364777.517,0.8941425085067749,300.000,254883.721025345556,3364777.516620819457,0
q_011,7,cw_s500_x254758.721_y3364877.517,0.89385986328125,500.000,254758.721025345556,3364877.516620819457,0
q_011,8,cw_s200_x254833.721_y3364802.517,0.8924983739852905,200.000,254833.721025345556,3364802.516620819457,0
q_011,9,cw_s300_x254658.721_y3364327.517,0.8915451765060425,300.000,254658.721025345556,3364327.516620819457,0
q_011,10,cw_s300_x254208.721_y3365002.517,0.8852500915527344,300.000,254208.721025345556,3365002.516620819457,0
q_011,11,cw_s200_x254233.721_y3364802.517,0.8843891620635986,200.000,254233.721025345556,3364802.516620819457,1
q_011,12,cw_s200_x254083.721_y3364802.517,0.8840715885162354,200.000,254083.721025345556,3364802.516620819457,0
q_011,13,cw_s200_x254683.721_y3364352.517,0.8817539215087891,200.000,254683.721025345556,3364352.516620819457,0
q_011,14,cw_s300_x254658.721_y3364552.517,0.8779768347740173,300.000,254658.721025345556,3364552.516620819457,0
q_011,15,cw_s700_x254258.721_y3364902.517,0.8738135099411011,700.000,254258.721025345556,3364902.516620819457,1
q_011,16,cw_s200_x254383.721_y3364052.517,0.8677968382835388,200.000,254383.721025345556,3364052.516620819457,0
q_011,17,cw_s500_x254383.721_y3364127.517,0.8663444519042969,500.000,254383.721025345556,3364127.516620819457,0
q_011,18,cw_s700_x254783.721_y3364902.517,0.8648345470428467,700.000,254783.721025345556,3364902.516620819457,0
q_011,19,cw_s200_x254383.721_y3364352.517,0.863950252532959,200.000,254383.721025345556,3364352.516620819457,0
q_011,20,cw_s200_x254833.721_y3364652.517,0.8625292778015137,200.000,254833.721025345556,3364652.516620819457,0
q_012,1,cw_s300_x254208.721_y3365002.517,0.9137108325958252,300.000,254208.721025345556,3365002.516620819457,1
q_012,2,cw_s200_x254233.721_y3364952.517,0.9035075306892395,200.000,254233.721025345556,3364952.516620819457,0
q_012,3,cw_s300_x254208.721_y3365227.517,0.8759338855743408,300.000,254208.721025345556,3365227.516620819457,0
q_012,4,cw_s200_x254233.721_y3365252.517,0.872212827205658,200.000,254233.721025345556,3365252.516620819457,0
q_012,5,cw_s300_x254208.721_y3364777.517,0.871140718460083,300.000,254208.721025345556,3364777.516620819457,0
q_012,6,cw_s500_x254008.721_y3364877.517,0.8617116212844849,500.000,254008.721025345556,3364877.516620819457,1
q_012,7,cw_s500_x254758.721_y3364877.517,0.8323394060134888,500.000,254758.721025345556,3364877.516620819457,0
q_012,8,cw_s500_x254008.721_y3364502.517,0.8283058404922485,500.000,254008.721025345556,3364502.516620819457,0
q_012,9,cw_s300_x253983.721_y3364777.517,0.8282102346420288,300.000,253983.721025345556,3364777.516620819457,0
q_012,10,cw_s300_x253983.721_y3365002.517,0.8207762241363525,300.000,253983.721025345556,3365002.516620819457,1
q_012,11,cw_s300_x254658.721_y3364777.517,0.8183183073997498,300.000,254658.721025345556,3364777.516620819457,0
q_012,12,cw_s300_x254658.721_y3364327.517,0.815941572189331,300.000,254658.721025345556,3364327.516620819457,0
q_012,13,cw_s200_x254083.721_y3364652.517,0.8144265413284302,200.000,254083.721025345556,3364652.516620819457,0
q_012,14,cw_s200_x254683.721_y3364352.517,0.8124703168869019,200.000,254683.721025345556,3364352.516620819457,0
q_012,15,cw_s200_x254233.721_y3364802.517,0.8120124936103821,200.000,254233.721025345556,3364802.516620819457,0
q_012,16,cw_s200_x254083.721_y3364802.517,0.8087102770805359,200.000,254083.721025345556,3364802.516620819457,0
q_012,17,cw_s700_x254258.721_y3364902.517,0.808029294013977,700.000,254258.721025345556,3364902.516620819457,1
q_012,18,cw_s200_x254833.721_y3364802.517,0.8061736822128296,200.000,254833.721025345556,3364802.516620819457,0
q_012,19,cw_s200_x254383.721_y3365252.517,0.8047353029251099,200.000,254383.721025345556,3365252.516620819457,0
q_012,20,cw_s300_x254433.721_y3365227.517,0.8022763133049011,300.000,254433.721025345556,3365227.516620819457,0
q_013,1,cw_s300_x254208.721_y3364777.517,0.9430546760559082,300.000,254208.721025345556,3364777.516620819457,1
q_013,2,cw_s500_x254758.721_y3364877.517,0.9292622804641724,500.000,254758.721025345556,3364877.516620819457,0
q_013,3,cw_s500_x254008.721_y3364877.517,0.9285327196121216,500.000,254008.721025345556,3364877.516620819457,1
q_013,4,cw_s500_x254383.721_y3364877.517,0.9258549213409424,500.000,254383.721025345556,3364877.516620819457,1
q_013,5,cw_s700_x254258.721_y3364902.517,0.9202426671981812,700.000,254258.721025345556,3364902.516620819457,1
q_013,6,cw_s700_x254783.721_y3364902.517,0.9177662134170532,700.000,254783.721025345556,3364902.516620819457,0
q_013,7,cw_s300_x254658.721_y3364327.517,0.9158355593681335,300.000,254658.721025345556,3364327.516620819457,0
q_013,8,cw_s300_x254433.721_y3365227.517,0.9092743396759033,300.000,254433.721025345556,3365227.516620819457,0
q_013,9,cw_s300_x254433.721_y3364777.517,0.9044137597084045,300.000,254433.721025345556,3364777.516620819457,0
q_013,10,cw_s300_x254658.721_y3364777.517,0.8992958068847656,300.000,254658.721025345556,3364777.516620819457,0
q_013,11,cw_s200_x254233.721_y3364802.517,0.8959705829620361,200.000,254233.721025345556,3364802.516620819457,1
q_013,12,cw_s500_x254383.721_y3364127.517,0.8955463767051697,500.000,254383.721025345556,3364127.516620819457,0
q_013,13,cw_s200_x254383.721_y3365252.517,0.8920198678970337,200.000,254383.721025345556,3365252.516620819457,0
q_013,14,cw_s300_x254208.721_y3365002.517,0.8878216743469238,300.000,254208.721025345556,3365002.516620819457,0
q_013,15,cw_s200_x254683.721_y3364352.517,0.8851138353347778,200.000,254683.721025345556,3364352.516620819457,0
q_013,16,cw_s300_x254433.721_y3364102.517,0.8842604756355286,300.000,254433.721025345556,3364102.516620819457,0
q_013,17,cw_s300_x253983.721_y3364777.517,0.88270103931427,300.000,253983.721025345556,3364777.516620819457,0
q_013,18,cw_s500_x254758.721_y3364502.517,0.8732765316963196,500.000,254758.721025345556,3364502.516620819457,0
q_013,19,cw_s300_x254883.721_y3364777.517,0.869705080986023,300.000,254883.721025345556,3364777.516620819457,0
q_013,20,cw_s300_x254208.721_y3364552.517,0.8688278794288635,300.000,254208.721025345556,3364552.516620819457,0
q_014,1,cw_s500_x254383.721_y3364502.517,0.9494858384132385,500.000,254383.721025345556,3364502.516620819457,1
q_014,2,cw_s300_x254433.721_y3364327.517,0.9423701763153076,300.000,254433.721025345556,3364327.516620819457,1
q_014,3,cw_s500_x254383.721_y3364127.517,0.9218961596488953,500.000,254383.721025345556,3364127.516620819457,1
q_014,4,cw_s300_x254433.721_y3364552.517,0.9170498847961426,300.000,254433.721025345556,3364552.516620819457,0
q_014,5,cw_s300_x254658.721_y3364327.517,0.8977780938148499,300.000,254658.721025345556,3364327.516620819457,1
q_014,6,cw_s700_x254258.721_y3364377.517,0.8894773125648499,700.000,254258.721025345556,3364377.516620819457,1
q_014,7,cw_s500_x254758.721_y3364502.517,0.8876532912254333,500.000,254758.721025345556,3364502.516620819457,1
q_014,8,cw_s300_x254658.721_y3364552.517,0.885433554649353,300.000,254658.721025345556,3364552.516620819457,0
q_014,9,cw_s200_x254383.721_y3364502.517,0.8793191909790039,200.000,254383.721025345556,3364502.516620819457,0
q_014,10,cw_s200_x254383.721_y3364202.517,0.8730182647705078,200.000,254383.721025345556,3364202.516620819457,0
q_014,11,cw_s300_x254433.721_y3364102.517,0.867906928062439,300.000,254433.721025345556,3364102.516620819457,0
q_014,12,cw_s200_x254383.721_y3364352.517,0.8619968891143799,200.000,254383.721025345556,3364352.516620819457,0
q_014,13,cw_s300_x254208.721_y3364552.517,0.8602451682090759,300.000,254208.721025345556,3364552.516620819457,0
q_014,14,cw_s500_x254758.721_y3364877.517,0.8582245707511902,500.000,254758.721025345556,3364877.516620819457,0
q_014,15,cw_s200_x254533.721_y3364352.517,0.8579245805740356,200.000,254533.721025345556,3364352.516620819457,1
q_014,16,cw_s200_x254383.721_y3364652.517,0.8570237755775452,200.000,254383.721025345556,3364652.516620819457,0
q_014,17,cw_s300_x254883.721_y3364777.517,0.8545106053352356,300.000,254883.721025345556,3364777.516620819457,0
q_014,18,cw_s200_x254533.721_y3364502.517,0.8537681698799133,200.000,254533.721025345556,3364502.516620819457,0
q_014,19,cw_s500_x254383.721_y3364877.517,0.8531976938247681,500.000,254383.721025345556,3364877.516620819457,0
q_014,20,cw_s700_x254783.721_y3364902.517,0.845486044883728,700.000,254783.721025345556,3364902.516620819457,0
q_015,1,cw_s300_x254883.721_y3364102.517,0.9299031496047974,300.000,254883.721025345556,3364102.516620819457,1
q_015,2,cw_s300_x254883.721_y3364327.517,0.9245764017105103,300.000,254883.721025345556,3364327.516620819457,0
q_015,3,cw_s200_x254983.721_y3364352.517,0.9191581010818481,200.000,254983.721025345556,3364352.516620819457,0
q_015,4,cw_s300_x255108.721_y3364327.517,0.9177383184432983,300.000,255108.721025345556,3364327.516620819457,0
q_015,5,cw_s200_x254833.721_y3364052.517,0.8993319272994995,200.000,254833.721025345556,3364052.516620819457,1
q_015,6,cw_s200_x254833.721_y3364202.517,0.8942322134971619,200.000,254833.721025345556,3364202.516620819457,0
q_015,7,cw_s200_x254983.721_y3364202.517,0.893417239189148,200.000,254983.721025345556,3364202.516620819457,0
q_015,8,cw_s500_x254758.721_y3364127.517,0.8924721479415894,500.000,254758.721025345556,3364127.516620819457,1
q_015,9,cw_s200_x254683.721_y3364052.517,0.8887091279029846,200.000,254683.721025345556,3364052.516620819457,0
q_015,10,cw_s200_x254683.721_y3363902.517,0.8869543075561523,200.000,254683.721025345556,3363902.516620819457,0
q_015,11,cw_s300_x254658.721_y3364102.517,0.8817219138145447,300.000,254658.721025345556,3364102.516620819457,0
q_015,12,cw_s200_x254833.721_y3364352.517,0.8808297514915466,200.000,254833.721025345556,3364352.516620819457,0
q_015,13,cw_s200_x254983.721_y3364052.517,0.8682827949523926,200.000,254983.721025345556,3364052.516620819457,0
q_015,14,cw_s200_x254833.721_y3363902.517,0.8672661781311035,200.000,254833.721025345556,3363902.516620819457,0
q_015,15,cw_s300_x255108.721_y3364102.517,0.8626217246055603,300.000,255108.721025345556,3364102.516620819457,0
q_015,16,cw_s300_x254883.721_y3365002.517,0.8602346181869507,300.000,254883.721025345556,3365002.516620819457,0
q_015,17,cw_s200_x254083.721_y3364052.517,0.8576995730400085,200.000,254083.721025345556,3364052.516620819457,0
q_015,18,cw_s500_x254008.721_y3364127.517,0.8380872011184692,500.000,254008.721025345556,3364127.516620819457,0
q_015,19,cw_s300_x255108.721_y3365002.517,0.8367347717285156,300.000,255108.721025345556,3365002.516620819457,0
q_015,20,cw_s200_x254383.721_y3364802.517,0.8343697786331177,200.000,254383.721025345556,3364802.516620819457,0
q_016,1,cw_s300_x254658.721_y3364327.517,0.9225641489028931,300.000,254658.721025345556,3364327.516620819457,1
q_016,2,cw_s700_x254783.721_y3364902.517,0.8902872800827026,700.000,254783.721025345556,3364902.516620819457,0
q_016,3,cw_s500_x254758.721_y3364877.517,0.8885632157325745,500.000,254758.721025345556,3364877.516620819457,0
q_016,4,cw_s500_x254383.721_y3364127.517,0.8804126977920532,500.000,254383.721025345556,3364127.516620819457,0
q_016,5,cw_s300_x254433.721_y3364777.517,0.876723051071167,300.000,254433.721025345556,3364777.516620819457,0
q_016,6,cw_s500_x254758.721_y3364502.517,0.8763706684112549,500.000,254758.721025345556,3364502.516620819457,1
q_016,7,cw_s500_x254383.721_y3364877.517,0.8755061626434326,500.000,254383.721025345556,3364877.516620819457,0
q_016,8,cw_s700_x254783.721_y3364377.517,0.8751121759414673,700.000,254783.721025345556,3364377.516620819457,1
q_016,9,cw_s300_x254883.721_y3364552.517,0.8598604202270508,300.000,254883.721025345556,3364552.516620819457,0
q_016,10,cw_s700_x254258.721_y3364902.517,0.8584442138671875,700.000,254258.721025345556,3364902.516620819457,0
q_016,11,cw_s200_x254683.721_y3364352.517,0.8530969023704529,200.000,254683.721025345556,3364352.516620819457,1
q_016,12,cw_s200_x254983.721_y3364652.517,0.8518486022949219,200.000,254983.721025345556,3364652.516620819457,0
q_016,13,cw_s200_x254683.721_y3364202.517,0.8475337028503418,200.000,254683.721025345556,3364202.516620819457,1
q_016,14,cw_s500_x254383.721_y3364502.517,0.8460581302642822,500.000,254383.721025345556,3364502.516620819457,0
q_016,15,cw_s200_x254833.721_y3364502.517,0.8404786586761475,200.000,254833.721025345556,3364502.516620819457,0
q_016,16,cw_s200_x254533.721_y3364802.517,0.8361483812332153,200.000,254533.721025345556,3364802.516620819457,0
q_016,17,cw_s700_x254258.721_y3364377.517,0.8356431126594543,700.000,254258.721025345556,3364377.516620819457,0
q_016,18,cw_s300_x254433.721_y3364102.517,0.8221514225006104,300.000,254433.721025345556,3364102.516620819457,0
q_016,19,cw_s200_x254383.721_y3364802.517,0.8221434950828552,200.000,254383.721025345556,3364802.516620819457,0
q_016,20,cw_s300_x254433.721_y3364327.517,0.8221305012702942,300.000,254433.721025345556,3364327.516620819457,0
q_017,1,cw_s300_x254658.721_y3364327.517,0.9009312987327576,300.000,254658.721025345556,3364327.516620819457,0
q_017,2,cw_s300_x254433.721_y3365227.517,0.8951512575149536,300.000,254433.721025345556,3365227.516620819457,1
q_017,3,cw_s500_x254758.721_y3364877.517,0.8934118151664734,500.000,254758.721025345556,3364877.516620819457,0
q_017,4,cw_s200_x254683.721_y3364352.517,0.8895532488822937,200.000,254683.721025345556,3364352.516620819457,0
q_017,5,cw_s700_x254783.721_y3364902.517,0.8881468772888184,700.000,254783.721025345556,3364902.516620819457,0
q_017,6,cw_s200_x254383.721_y3365252.517,0.8878147602081299,200.000,254383.721025345556,3365252.516620819457,0
q_017,7,cw_s500_x254008.721_y3364877.517,0.881657600402832,500.000,254008.721025345556,3364877.516620819457,0
q_017,8,cw_s300_x254208.721_y3365002.517,0.8784831762313843,300.000,254208.721025345556,3365002.516620819457,0
q_017,9,cw_s700_x254258.721_y3364902.517,0.877265214920044,700.000,254258.721025345556,3364902.516620819457,1
q_017,10,cw_s500_x254383.721_y3364877.517,0.8769491910934448,500.000,254383.721025345556,3364877.516620819457,0
q_017,11,cw_s300_x254208.721_y3364777.517,0.8712453842163086,300.000,254208.721025345556,3364777.516620819457,0
q_017,12,cw_s300_x254208.721_y3365227.517,0.8663240671157837,300.000,254208.721025345556,3365227.516620819457,1
q_017,13,cw_s300_x254658.721_y3364777.517,0.865304708480835,300.000,254658.721025345556,3364777.516620819457,0
q_017,14,cw_s300_x254658.721_y3365002.517,0.864666223526001,300.000,254658.721025345556,3365002.516620819457,0
q_017,15,cw_s200_x254533.721_y3364052.517,0.8601145148277283,200.000,254533.721025345556,3364052.516620819457,0
q_017,16,cw_s200_x254833.721_y3364502.517,0.8579373359680176,200.000,254833.721025345556,3364502.516620819457,0
q_017,17,cw_s500_x254383.721_y3364127.517,0.8569415807723999,500.000,254383.721025345556,3364127.516620819457,0
q_017,18,cw_s300_x254433.721_y3364777.517,0.8563985228538513,300.000,254433.721025345556,3364777.516620819457,0
q_017,19,cw_s200_x254383.721_y3365102.517,0.8545872569084167,200.000,254383.721025345556,3365102.516620819457,0
q_017,20,cw_s300_x254433.721_y3364102.517,0.8531030416488647,300.000,254433.721025345556,3364102.516620819457,0
q_018,1,cw_s300_x254433.721_y3365002.517,0.9315999746322632,300.000,254433.721025345556,3365002.516620819457,1
q_018,2,cw_s300_x254658.721_y3365002.517,0.9303872585296631,300.000,254658.721025345556,3365002.516620819457,0
q_018,3,cw_s300_x254433.721_y3365227.517,0.9200158715248108,300.000,254433.721025345556,3365227.516620819457,0
q_018,4,cw_s200_x254533.721_y3364952.517,0.9188705682754517,200.000,254533.721025345556,3364952.516620819457,0
q_018,5,cw_s500_x254383.721_y3364877.517,0.9041372537612915,500.000,254383.721025345556,3364877.516620819457,1
q_018,6,cw_s500_x254758.721_y3364877.517,0.8992282748222351,500.000,254758.721025345556,3364877.516620819457,0
q_018,7,cw_s200_x254533.721_y3365102.517,0.8976298570632935,200.000,254533.721025345556,3365102.516620819457,0
q_018,8,cw_s200_x254383.721_y3365252.517,0.8908265829086304,200.000,254383.721025345556,3365252.516620819457,0
q_018,9,cw_s200_x254383.721_y3365102.517,0.8905132412910461,200.000,254383.721025345556,3365102.516620819457,0
q_018,10,cw_s300_x254658.721_y3364327.517,0.8897998332977295,300.000,254658.721025345556,3364327.516620819457,0
q_018,11,cw_s200_x254683.721_y3365102.517,0.8864411115646362,200.000,254683.721025345556,3365102.516620819457,0
q_018,12,cw_s200_x254383.721_y3364952.517,0.8840501308441162,200.000,254383.721025345556,3364952.516620819457,1
q_018,13,cw_s200_x254683.721_y3364352.517,0.8817524909973145,200.000,254683.721025345556,3364352.516620819457,0
q_018,14,cw_s300_x254208.721_y3364327.517,0.8759551048278809,300.000,254208.721025345556,3364327.516620819457,0
q_018,15,cw_s300_x254208.721_y3364777.517,0.872623860836029,300.000,254208.721025345556,3364777.516620819457,0
q_018,16,cw_s700_x254783.721_y3364902.517,0.8714306950569153,700.000,254783.721025345556,3364902.516620819457,1
q_018,17,cw_s500_x254008.721_y3364877.517,0.8706545829772949,500.000,254008.721025345556,3364877.516620819457,0
q_018,18,cw_s300_x254208.721_y3364552.517,0.8700698614120483,300.000,254208.721025345556,3364552.516620819457,0
q_018,19,cw_s500_x254383.721_y3364127.517,0.8670717477798462,500.000,254383.721025345556,3364127.516620819457,0
q_018,20,cw_s300_x254433.721_y3364327.517,0.8668898344039917,300.000,254433.721025345556,3364327.516620819457,0
q_019,1,cw_s300_x254433.721_y3364777.517,0.9232165813446045,300.000,254433.721025345556,3364777.516620819457,1
q_019,2,cw_s500_x254383.721_y3364877.517,0.9214268326759338,500.000,254383.721025345556,3364877.516620819457,1
q_019,3,cw_s500_x254758.721_y3364877.517,0.9201317429542542,500.000,254758.721025345556,3364877.516620819457,1
q_019,4,cw_s300_x254658.721_y3364327.517,0.9094731211662292,300.000,254658.721025345556,3364327.516620819457,0
q_019,5,cw_s700_x254783.721_y3364902.517,0.9041545391082764,700.000,254783.721025345556,3364902.516620819457,1
q_019,6,cw_s300_x254433.721_y3365227.517,0.8850483894348145,300.000,254433.721025345556,3365227.516620819457,0
q_019,7,cw_s200_x254533.721_y3364802.517,0.8841041326522827,200.000,254533.721025345556,3364802.516620819457,1
q_019,8,cw_s300_x254658.721_y3365002.517,0.883703887462616,300.000,254658.721025345556,3365002.516620819457,0
q_019,9,cw_s500_x254383.721_y3364127.517,0.8826977014541626,500.000,254383.721025345556,3364127.516620819457,0
q_019,10,cw_s200_x254233.721_y3364652.517,0.8804230690002441,200.000,254233.721025345556,3364652.516620819457,0
q_019,11,cw_s700_x254258.721_y3364902.517,0.878114640712738,700.000,254258.721025345556,3364902.516620819457,1
q_019,12,cw_s300_x254208.721_y3364777.517,0.8743342757225037,300.000,254208.721025345556,3364777.516620819457,0
q_019,13,cw_s200_x254533.721_y3364952.517,0.871209979057312,200.000,254533.721025345556,3364952.516620819457,0
q_019,14,cw_s200_x254383.721_y3364802.517,0.868274450302124,200.000,254383.721025345556,3364802.516620819457,0
q_019,15,cw_s300_x254208.721_y3364552.517,0.8678220510482788,300.000,254208.721025345556,3364552.516620819457,0
q_019,16,cw_s200_x254683.721_y3364202.517,0.8673672676086426,200.000,254683.721025345556,3364202.516620819457,0
q_019,17,cw_s300_x254658.721_y3364777.517,0.8656654357910156,300.000,254658.721025345556,3364777.516620819457,0
q_019,18,cw_s300_x254433.721_y3365002.517,0.8651672005653381,300.000,254433.721025345556,3365002.516620819457,1
q_019,19,cw_s200_x254683.721_y3364352.517,0.8644682168960571,200.000,254683.721025345556,3364352.516620819457,0
q_019,20,cw_s500_x254383.721_y3364502.517,0.8613071441650391,500.000,254383.721025345556,3364502.516620819457,0
q_020,1,cw_s300_x254883.721_y3364102.517,0.924241840839386,300.000,254883.721025345556,3364102.516620819457,1
q_020,2,cw_s300_x255108.721_y3364327.517,0.918054461479187,300.000,255108.721025345556,3364327.516620819457,0
q_020,3,cw_s300_x254883.721_y3364327.517,0.9101420640945435,300.000,254883.721025345556,3364327.516620819457,0
q_020,4,cw_s200_x254983.721_y3364352.517,0.9055827856063843,200.000,254983.721025345556,3364352.516620819457,0
q_020,5,cw_s200_x254983.721_y3364202.517,0.8963555693626404,200.000,254983.721025345556,3364202.516620819457,0
q_020,6,cw_s200_x254833.721_y3364052.517,0.8868986368179321,200.000,254833.721025345556,3364052.516620819457,0
q_020,7,cw_s500_x254758.721_y3364127.517,0.8770226836204529,500.000,254758.721025345556,3364127.516620819457,1
q_020,8,cw_s300_x255108.721_y3364102.517,0.8766837120056152,300.000,255108.721025345556,3364102.516620819457,1
q_020,9,cw_s200_x254833.721_y3364202.517,0.8671269416809082,200.000,254833.721025345556,3364202.516620819457,0
q_020,10,cw_s300_x254658.721_y3364102.517,0.8614967465400696,300.000,254658.721025345556,3364102.516620819457,0
q_020,11,cw_s200_x254833.721_y3363902.517,0.8529589176177979,200.000,254833.721025345556,3363902.516620819457,0
q_020,12,cw_s300_x254883.721_y3365002.517,0.8520092964172363,300.000,254883.721025345556,3365002.516620819457,0
q_020,13,cw_s200_x254683.721_y3363902.517,0.8480945825576782,200.000,254683.721025345556,3363902.516620819457,0
q_020,14,cw_s200_x254983.721_y3364052.517,0.8434620499610901,200.000,254983.721025345556,3364052.516620819457,1
q_020,15,cw_s200_x254833.721_y3364352.517,0.8432791233062744,200.000,254833.721025345556,3364352.516620819457,0
q_020,16,cw_s200_x254683.721_y3364052.517,0.8414427638053894,200.000,254683.721025345556,3364052.516620819457,0
q_020,17,cw_s200_x254683.721_y3364202.517,0.822586178779602,200.000,254683.721025345556,3364202.516620819457,0
q_020,18,cw_s200_x254083.721_y3364052.517,0.8205899000167847,200.000,254083.721025345556,3364052.516620819457,0
q_020,19,cw_s500_x254008.721_y3364127.517,0.8179110288619995,500.000,254008.721025345556,3364127.516620819457,0
q_020,20,cw_s200_x254233.721_y3364652.517,0.8168108463287354,200.000,254233.721025345556,3364652.516620819457,0
q_021,1,cw_s300_x254883.721_y3364102.517,0.9172788262367249,300.000,254883.721025345556,3364102.516620819457,1
q_021,2,cw_s300_x254883.721_y3364327.517,0.9172150492668152,300.000,254883.721025345556,3364327.516620819457,0
q_021,3,cw_s300_x255108.721_y3364327.517,0.9109706878662109,300.000,255108.721025345556,3364327.516620819457,0
q_021,4,cw_s200_x254983.721_y3364352.517,0.9044474363327026,200.000,254983.721025345556,3364352.516620819457,0
q_021,5,cw_s200_x254983.721_y3364202.517,0.8883681297302246,200.000,254983.721025345556,3364202.516620819457,1
q_021,6,cw_s500_x254758.721_y3364127.517,0.8850697875022888,500.000,254758.721025345556,3364127.516620819457,1
q_021,7,cw_s200_x254833.721_y3364052.517,0.8819048404693604,200.000,254833.721025345556,3364052.516620819457,0
q_021,8,cw_s300_x255108.721_y3364102.517,0.8776981830596924,300.000,255108.721025345556,3364102.516620819457,1
q_021,9,cw_s200_x254833.721_y3364202.517,0.8626481890678406,200.000,254833.721025345556,3364202.516620819457,0
q_021,10,cw_s300_x254658.721_y3364102.517,0.8533786535263062,300.000,254658.721025345556,3364102.516620819457,0
q_021,11,cw_s200_x254833.721_y3364352.517,0.8487417101860046,200.000,254833.721025345556,3364352.516620819457,0
q_021,12,cw_s300_x254883.721_y3365002.517,0.8421498537063599,300.000,254883.721025345556,3365002.516620819457,0
q_021,13,cw_s200_x254683.721_y3364052.517,0.8375603556632996,200.000,254683.721025345556,3364052.516620819457,0
q_021,14,cw_s200_x254983.721_y3364052.517,0.8373132348060608,200.000,254983.721025345556,3364052.516620819457,1
q_021,15,cw_s200_x254833.721_y3363902.517,0.8352291584014893,200.000,254833.721025345556,3363902.516620819457,0
q_021,16,cw_s200_x254683.721_y3363902.517,0.8276941776275635,200.000,254683.721025345556,3363902.516620819457,0
q_021,17,cw_s500_x254008.721_y3364127.517,0.8131834268569946,500.000,254008.721025345556,3364127.516620819457,0
q_021,18,cw_s200_x254083.721_y3364052.517,0.8130952715873718,200.000,254083.721025345556,3364052.516620819457,0
q_021,19,cw_s200_x254683.721_y3364202.517,0.81124347448349,200.000,254683.721025345556,3364202.516620819457,0
q_021,20,cw_s200_x255133.721_y3364202.517,0.8111035823822021,200.000,255133.721025345556,3364202.516620819457,0
q_022,1,cw_s300_x254883.721_y3364327.517,0.8962055444717407,300.000,254883.721025345556,3364327.516620819457,1
q_022,2,cw_s200_x254983.721_y3364352.517,0.8896888494491577,200.000,254983.721025345556,3364352.516620819457,0
q_022,3,cw_s300_x254883.721_y3364102.517,0.8864316344261169,300.000,254883.721025345556,3364102.516620819457,1
q_022,4,cw_s300_x255108.721_y3364327.517,0.8858355283737183,300.000,255108.721025345556,3364327.516620819457,0
q_022,5,cw_s200_x254833.721_y3364052.517,0.8658473491668701,200.000,254833.721025345556,3364052.516620819457,0
q_022,6,cw_s500_x254758.721_y3364127.517,0.8578225374221802,500.000,254758.721025345556,3364127.516620819457,1
q_022,7,cw_s200_x254983.721_y3364202.517,0.8525856733322144,200.000,254983.721025345556,3364202.516620819457,1
q_022,8,cw_s300_x255108.721_y3364102.517,0.8514922857284546,300.000,255108.721025345556,3364102.516620819457,0
q_022,9,cw_s200_x254833.721_y3364202.517,0.847762405872345,200.000,254833.721025345556,3364202.516620819457,0
q_022,10,cw_s300_x254658.721_y3364102.517,0.8416159152984619,300.000,254658.721025345556,3364102.516620819457,0
q_022,11,cw_s300_x254883.721_y3365002.517,0.8301883339881897,300.000,254883.721025345556,3365002.516620819457,0
q_022,12,cw_s200_x254833.721_y3364352.517,0.8252410292625427,200.000,254833.721025345556,3364352.516620819457,0
q_022,13,cw_s200_x254833.721_y3363902.517,0.8111643195152283,200.000,254833.721025345556,3363902.516620819457,0
q_022,14,cw_s200_x254683.721_y3364202.517,0.8079637289047241,200.000,254683.721025345556,3364202.516620819457,0
q_022,15,cw_s200_x254683.721_y3364052.517,0.8076995015144348,200.000,254683.721025345556,3364052.516620819457,0
q_022,16,cw_s500_x254008.721_y3364502.517,0.7996814250946045,500.000,254008.721025345556,3364502.516620819457,0
q_022,17,cw_s200_x255133.721_y3364202.517,0.7936858534812927,200.000,255133.721025345556,3364202.516620819457,0
q_022,18,cw_s300_x254883.721_y3365227.517,0.7932159900665283,300.000,254883.721025345556,3365227.516620819457,0
q_022,19,cw_s200_x254983.721_y3364052.517,0.7923808693885803,200.000,254983.721025345556,3364052.516620819457,0
q_022,20,cw_s200_x254683.721_y3363902.517,0.7897756099700928,200.000,254683.721025345556,3363902.516620819457,0
q_023,1,cw_s200_x254683.721_y3364202.517,0.8259872198104858,200.000,254683.721025345556,3364202.516620819457,0
q_023,2,cw_s200_x254983.721_y3364652.517,0.8242449760437012,200.000,254983.721025345556,3364652.516620819457,0
q_023,3,cw_s300_x254658.721_y3364102.517,0.8016921281814575,300.000,254658.721025345556,3364102.516620819457,0
q_023,4,cw_s200_x254833.721_y3364352.517,0.8001494407653809,200.000,254833.721025345556,3364352.516620819457,1
q_023,5,cw_s300_x254883.721_y3364327.517,0.7977897524833679,300.000,254883.721025345556,3364327.516620819457,1
q_023,6,cw_s300_x254883.721_y3364552.517,0.7861744165420532,300.000,254883.721025345556,3364552.516620819457,0
q_023,7,cw_s500_x254758.721_y3364127.517,0.7824327349662781,500.000,254758.721025345556,3364127.516620819457,1
q_023,8,cw_s200_x254833.721_y3364202.517,0.7702295780181885,200.000,254833.721025345556,3364202.516620819457,0
q_023,9,cw_s300_x255108.721_y3364327.517,0.7673365473747253,300.000,255108.721025345556,3364327.516620819457,0
q_023,10,cw_s300_x254433.721_y3364777.517,0.7629194259643555,300.000,254433.721025345556,3364777.516620819457,0
q_023,11,cw_s300_x255108.721_y3364777.517,0.7592533826828003,300.000,255108.721025345556,3364777.516620819457,0
q_023,12,cw_s200_x254533.721_y3364802.517,0.7566313743591309,200.000,254533.721025345556,3364802.516620819457,0
q_023,13,cw_s200_x253783.721_y3364502.517,0.7563735246658325,200.000,253783.721025345556,3364502.516620819457,0
q_023,14,cw_s200_x254983.721_y3364352.517,0.7538552284240723,200.000,254983.721025345556,3364352.516620819457,1
q_023,15,cw_s700_x254783.721_y3364377.517,0.7498794198036194,700.000,254783.721025345556,3364377.516620819457,1
q_023,16,cw_s300_x254883.721_y3364102.517,0.7498272657394409,300.000,254883.721025345556,3364102.516620819457,0
q_023,17,cw_s500_x254008.721_y3364502.517,0.7457886338233948,500.000,254008.721025345556,3364502.516620819457,0
q_023,18,cw_s300_x254883.721_y3365002.517,0.7453614473342896,300.000,254883.721025345556,3365002.516620819457,0
q_023,19,cw_s700_x254783.721_y3364902.517,0.7426287531852722,700.000,254783.721025345556,3364902.516620819457,0
q_023,20,cw_s500_x254758.721_y3364877.517,0.7402401566505432,500.000,254758.721025345556,3364877.516620819457,0
q_024,1,cw_s300_x254433.721_y3364102.517,0.9346786141395569,300.000,254433.721025345556,3364102.516620819457,0
q_024,2,cw_s300_x254883.721_y3364777.517,0.9331612586975098,300.000,254883.721025345556,3364777.516620819457,0
q_024,3,cw_s300_x254658.721_y3364552.517,0.9327090978622437,300.000,254658.721025345556,3364552.516620819457,1
q_024,4,cw_s200_x254833.721_y3364652.517,0.9094718098640442,200.000,254833.721025345556,3364652.516620819457,0
q_024,5,cw_s300_x254658.721_y3364777.517,0.9057439565658569,300.000,254658.721025345556,3364777.516620819457,0
q_024,6,cw_s200_x254833.721_y3364802.517,0.9052708148956299,200.000,254833.721025345556,3364802.516620819457,0
q_024,7,cw_s200_x254383.721_y3364352.517,0.8983398675918579,200.000,254383.721025345556,3364352.516620819457,0
q_024,8,cw_s200_x254683.721_y3364652.517,0.8967477083206177,200.000,254683.721025345556,3364652.516620819457,0
q_024,9,cw_s300_x254433.721_y3364327.517,0.8964144587516785,300.000,254433.721025345556,3364327.516620819457,0
q_024,10,cw_s200_x254383.721_y3364052.517,0.8909512162208557,200.000,254383.721025345556,3364052.516620819457,0
q_024,11,cw_s200_x254533.721_y3364652.517,0.8870715498924255,200.000,254533.721025345556,3364652.516620819457,0
q_024,12,cw_s500_x254383.721_y3364127.517,0.8828243017196655,500.000,254383.721025345556,3364127.516620819457,0
q_024,13,cw_s300_x254208.721_y3364777.517,0.882275402545929,300.000,254208.721025345556,3364777.516620819457,0
q_024,14,cw_s200_x254083.721_y3364802.517,0.8786269426345825,200.000,254083.721025345556,3364802.516620819457,0
q_024,15,cw_s300_x254658.721_y3364327.517,0.878398060798645,300.000,254658.721025345556,3364327.516620819457,0
q_024,16,cw_s200_x254683.721_y3364502.517,0.8733760714530945,200.000,254683.721025345556,3364502.516620819457,0
q_024,17,cw_s500_x254758.721_y3364502.517,0.872905969619751,500.000,254758.721025345556,3364502.516620819457,1
q_024,18,cw_s500_x254383.721_y3364502.517,0.864837646484375,500.000,254383.721025345556,3364502.516620819457,0
q_024,19,cw_s200_x254533.721_y3364202.517,0.8635684847831726,200.000,254533.721025345556,3364202.516620819457,0
q_024,20,cw_s300_x254433.721_y3364552.517,0.8572005033493042,300.000,254433.721025345556,3364552.516620819457,0
q_025,1,cw_s300_x254433.721_y3365227.517,0.9356266856193542,300.000,254433.721025345556,3365227.516620819457,1
q_025,2,cw_s200_x254383.721_y3365252.517,0.9202820062637329,200.000,254383.721025345556,3365252.516620819457,0
q_025,3,cw_s300_x254658.721_y3365002.517,0.9091772437095642,300.000,254658.721025345556,3365002.516620819457,0
q_025,4,cw_s200_x254533.721_y3365252.517,0.9012706875801086,200.000,254533.721025345556,3365252.516620819457,1
q_025,5,cw_s300_x254658.721_y3365227.517,0.8965815305709839,300.000,254658.721025345556,3365227.516620819457,1
q_025,6,cw_s200_x254533.721_y3364952.517,0.8918197154998779,200.000,254533.721025345556,3364952.516620819457,0
q_025,7,cw_s200_x254683.721_y3365102.517,0.885482668876648,200.000,254683.721025345556,3365102.516620819457,0
q_025,8,cw_s300_x254433.721_y3365002.517,0.8825576901435852,300.000,254433.721025345556,3365002.516620819457,0
q_025,9,cw_s200_x254683.721_y3364352.517,0.8733684420585632,200.000,254683.721025345556,3364352.516620819457,0
q_025,10,cw_s500_x254758.721_y3364877.517,0.8717228770256042,500.000,254758.721025345556,3364877.516620819457,0
q_025,11,cw_s700_x254783.721_y3364902.517,0.863606333732605,700.000,254783.721025345556,3364902.516620819457,1
q_025,12,cw_s500_x254008.721_y3364877.517,0.8631845712661743,500.000,254008.721025345556,3364877.516620819457,0
q_025,13,cw_s200_x254383.721_y3365102.517,0.8626387715339661,200.000,254383.721025345556,3365102.516620819457,0
q_025,14,cw_s300_x254658.721_y3364327.517,0.8623429536819458,300.000,254658.721025345556,3364327.516620819457,0
q_025,15,cw_s200_x254533.721_y3364052.517,0.8608390092849731,200.000,254533.721025345556,3364052.516620819457,0
q_025,16,cw_s300_x254433.721_y3364777.517,0.8608202934265137,300.000,254433.721025345556,3364777.516620819457,0
q_025,17,cw_s200_x254233.721_y3364652.517,0.8579312562942505,200.000,254233.721025345556,3364652.516620819457,0
q_025,18,cw_s300_x253983.721_y3364777.517,0.8540171384811401,300.000,253983.721025345556,3364777.516620819457,0
q_025,19,cw_s200_x254683.721_y3364952.517,0.8533056974411011,200.000,254683.721025345556,3364952.516620819457,0
q_025,20,cw_s300_x254208.721_y3364777.517,0.852645993232727,300.000,254208.721025345556,3364777.516620819457,0
q_026,1,cw_s300_x254658.721_y3365002.517,0.929816484451294,300.000,254658.721025345556,3365002.516620819457,1
q_026,2,cw_s300_x254433.721_y3365002.517,0.9201831221580505,300.000,254433.721025345556,3365002.516620819457,0
q_026,3,cw_s300_x254433.721_y3365227.517,0.9179176688194275,300.000,254433.721025345556,3365227.516620819457,0
q_026,4,cw_s200_x254533.721_y3364952.517,0.9129289388656616,200.000,254533.721025345556,3364952.516620819457,0
q_026,5,cw_s200_x254683.721_y3365102.517,0.8958355188369751,200.000,254683.721025345556,3365102.516620819457,1
q_026,6,cw_s200_x254383.721_y3365252.517,0.8859536647796631,200.000,254383.721025345556,3365252.516620819457,0
q_026,7,cw_s200_x254533.721_y3365102.517,0.8840510845184326,200.000,254533.721025345556,3365102.516620819457,1
q_026,8,cw_s200_x254383.721_y3364952.517,0.8802422285079956,200.000,254383.721025345556,3364952.516620819457,0
q_026,9,cw_s200_x254533.721_y3365252.517,0.8673906326293945,200.000,254533.721025345556,3365252.516620819457,0
q_026,10,cw_s200_x254383.721_y3365102.517,0.8647382855415344,200.000,254383.721025345556,3365102.516620819457,0
q_026,11,cw_s200_x254683.721_y3364952.517,0.863623321056366,200.000,254683.721025345556,3364952.516620819457,0
q_026,12,cw_s500_x254758.721_y3364877.517,0.8498974442481995,500.000,254758.721025345556,3364877.516620819457,1
q_026,13,cw_s200_x254683.721_y3364352.517,0.8469959497451782,200.000,254683.721025345556,3364352.516620819457,0
q_026,14,cw_s300_x254658.721_y3365227.517,0.8459172248840332,300.000,254658.721025345556,3365227.516620819457,1
q_026,15,cw_s300_x253983.721_y3364777.517,0.8419345021247864,300.000,253983.721025345556,3364777.516620819457,0
q_026,16,cw_s200_x254233.721_y3364352.517,0.8405643105506897,200.000,254233.721025345556,3364352.516620819457,0
q_026,17,cw_s200_x254533.721_y3364052.517,0.8386178612709045,200.000,254533.721025345556,3364052.516620819457,0
q_026,18,cw_s500_x254383.721_y3364877.517,0.8383187055587769,500.000,254383.721025345556,3364877.516620819457,1
q_026,19,cw_s500_x254008.721_y3364877.517,0.8379994034767151,500.000,254008.721025345556,3364877.516620819457,0
q_026,20,cw_s300_x254208.721_y3364327.517,0.8376175165176392,300.000,254208.721025345556,3364327.516620819457,0
q_027,1,cw_s500_x254758.721_y3364877.517,0.9062206745147705,500.000,254758.721025345556,3364877.516620819457,1
q_027,2,cw_s300_x254433.721_y3364777.517,0.8973988890647888,300.000,254433.721025345556,3364777.516620819457,0
q_027,3,cw_s200_x254533.721_y3364802.517,0.8874539732933044,200.000,254533.721025345556,3364802.516620819457,0
q_027,4,cw_s200_x254683.721_y3364202.517,0.8868734240531921,200.000,254683.721025345556,3364202.516620819457,0
q_027,5,cw_s200_x254233.721_y3364652.517,0.8845648765563965,200.000,254233.721025345556,3364652.516620819457,0
q_027,6,cw_s700_x254783.721_y3364902.517,0.8802778720855713,700.000,254783.721025345556,3364902.516620819457,1
q_027,7,cw_s300_x254658.721_y3365227.517,0.8775986433029175,300.000,254658.721025345556,3365227.516620819457,0
q_027,8,cw_s500_x254383.721_y3364877.517,0.8769311904907227,500.000,254383.721025345556,3364877.516620819457,0
q_027,9,cw_s500_x254008.721_y3364502.517,0.8685756921768188,500.000,254008.721025345556,3364502.516620819457,0
q_027,10,cw_s300_x254658.721_y3365002.517,0.8645124435424805,300.000,254658.721025345556,3365002.516620819457,1
q_027,11,cw_s300_x254658.721_y3364327.517,0.8626283407211304,300.000,254658.721025345556,3364327.516620819457,0
q_027,12,cw_s200_x254383.721_y3364802.517,0.8618967533111572,200.000,254383.721025345556,3364802.516620819457,0
q_027,13,cw_s300_x254658.721_y3364102.517,0.8570936918258667,300.000,254658.721025345556,3364102.516620819457,0
q_027,14,cw_s300_x254208.721_y3364102.517,0.8530237078666687,300.000,254208.721025345556,3364102.516620819457,0
q_027,15,cw_s300_x254433.721_y3365227.517,0.852022647857666,300.000,254433.721025345556,3365227.516620819457,0
q_027,16,cw_s200_x254983.721_y3364652.517,0.8513485789299011,200.000,254983.721025345556,3364652.516620819457,0
q_027,17,cw_s700_x254258.721_y3364902.517,0.848963737487793,700.000,254258.721025345556,3364902.516620819457,0
q_027,18,cw_s200_x254533.721_y3364952.517,0.846013605594635,200.000,254533.721025345556,3364952.516620819457,0
q_027,19,cw_s300_x255108.721_y3365227.517,0.8448159694671631,300.000,255108.721025345556,3365227.516620819457,0
q_027,20,cw_s500_x254008.721_y3364877.517,0.8432043790817261,500.000,254008.721025345556,3364877.516620819457,0
q_028,1,cw_s300_x254883.721_y3364552.517,0.8654984831809998,300.000,254883.721025345556,3364552.516620819457,1
q_028,2,cw_s200_x254983.721_y3364652.517,0.8483846783638,200.000,254983.721025345556,3364652.516620819457,0
q_028,3,cw_s700_x254783.721_y3364902.517,0.8354519009590149,700.000,254783.721025345556,3364902.516620819457,1
q_028,4,cw_s300_x254433.721_y3364777.517,0.8348337411880493,300.000,254433.721025345556,3364777.516620819457,0
q_028,5,cw_s500_x254758.721_y3364877.517,0.8304648399353027,500.000,254758.721025345556,3364877.516620819457,0
q_028,6,cw_s500_x254758.721_y3364502.517,0.829353392124176,500.000,254758.721025345556,3364502.516620819457,1
q_028,7,cw_s300_x254658.721_y3364327.517,0.8276147246360779,300.000,254658.721025345556,3364327.516620819457,0
q_028,8,cw_s500_x254383.721_y3364877.517,0.8273772597312927,500.000,254383.721025345556,3364877.516620819457,0
q_028,9,cw_s500_x254383.721_y3364127.517,0.8203645944595337,500.000,254383.721025345556,3364127.516620819457,0
q_028,10,cw_s200_x254833.721_y3364502.517,0.8188042640686035,200.000,254833.721025345556,3364502.516620819457,1
q_028,11,cw_s200_x254533.721_y3364802.517,0.8167123794555664,200.000,254533.721025345556,3364802.516620819457,0
q_028,12,cw_s700_x254258.721_y3364902.517,0.8112608194351196,700.000,254258.721025345556,3364902.516620819457,0
q_028,13,cw_s200_x254683.721_y3364202.517,0.8078109622001648,200.000,254683.721025345556,3364202.516620819457,0
q_028,14,cw_s300_x254658.721_y3364777.517,0.8023881912231445,300.000,254658.721025345556,3364777.516620819457,0
q_028,15,cw_s700_x254783.721_y3364377.517,0.795254647731781,700.000,254783.721025345556,3364377.516620819457,1
q_028,16,cw_s300_x254433.721_y3364102.517,0.7849712371826172,300.000,254433.721025345556,3364102.516620819457,0
q_028,17,cw_s500_x254383.721_y3364502.517,0.7746501564979553,500.000,254383.721025345556,3364502.516620819457,0
q_028,18,cw_s700_x254258.721_y3364377.517,0.7745355367660522,700.000,254258.721025345556,3364377.516620819457,0
q_028,19,cw_s200_x254233.721_y3364652.517,0.7742306590080261,200.000,254233.721025345556,3364652.516620819457,0
q_028,20,cw_s500_x254008.721_y3364877.517,0.7729908227920532,500.000,254008.721025345556,3364877.516620819457,0
q_029,1,cw_s300_x254658.721_y3365227.517,0.9074826240539551,300.000,254658.721025345556,3365227.516620819457,0
q_029,2,cw_s300_x255108.721_y3364327.517,0.899856686592102,300.000,255108.721025345556,3364327.516620819457,1
q_029,3,cw_s300_x254883.721_y3364327.517,0.8896646499633789,300.000,254883.721025345556,3364327.516620819457,0
q_029,4,cw_s200_x254233.721_y3364652.517,0.8793458938598633,200.000,254233.721025345556,3364652.516620819457,0
q_029,5,cw_s200_x253933.721_y3364352.517,0.8773353695869446,200.000,253933.721025345556,3364352.516620819457,0
q_029,6,cw_s300_x254658.721_y3364102.517,0.875995397567749,300.000,254658.721025345556,3364102.516620819457,0
q_029,7,cw_s500_x254008.721_y3364502.517,0.8746871948242188,500.000,254008.721025345556,3364502.516620819457,0
q_029,8,cw_s300_x255108.721_y3364102.517,0.869966983795166,300.000,255108.721025345556,3364102.516620819457,1
q_029,9,cw_s300_x253983.721_y3364327.517,0.8699070811271667,300.000,253983.721025345556,3364327.516620819457,0
q_029,10,cw_s500_x254008.721_y3364127.517,0.8663845062255859,500.000,254008.721025345556,3364127.516620819457,0
q_029,11,cw_s200_x254983.721_y3364352.517,0.8647509217262268,200.000,254983.721025345556,3364352.516620819457,0
q_029,12,cw_s200_x255133.721_y3364202.517,0.8637362718582153,200.000,255133.721025345556,3364202.516620819457,1
q_029,13,cw_s200_x254383.721_y3364802.517,0.8622573018074036,200.000,254383.721025345556,3364802.516620819457,0
q_029,14,cw_s500_x254758.721_y3364127.517,0.8598966598510742,500.000,254758.721025345556,3364127.516620819457,0
q_029,15,cw_s300_x254433.721_y3364777.517,0.8598713874816895,300.000,254433.721025345556,3364777.516620819457,0
q_029,16,cw_s300_x254883.721_y3364102.517,0.8583270907402039,300.000,254883.721025345556,3364102.516620819457,0
q_029,17,cw_s300_x254883.721_y3365227.517,0.8557402491569519,300.000,254883.721025345556,3365227.516620819457,0
q_029,18,cw_s200_x254833.721_y3364202.517,0.8519349694252014,200.000,254833.721025345556,3364202.516620819457,0
q_029,19,cw_s200_x254683.721_y3364202.517,0.851404070854187,200.000,254683.721025345556,3364202.516620819457,0
q_029,20,cw_s300_x255108.721_y3365227.517,0.8503397703170776,300.000,255108.721025345556,3365227.516620819457,0
q_030,1,cw_s300_x255108.721_y3364327.517,0.8640406131744385,300.000,255108.721025345556,3364327.516620819457,1
q_030,2,cw_s200_x254983.721_y3364352.517,0.8436645269393921,200.000,254983.721025345556,3364352.516620819457,0
q_030,3,cw_s300_x254658.721_y3364102.517,0.8425672054290771,300.000,254658.721025345556,3364102.516620819457,0
q_030,4,cw_s200_x254683.721_y3364202.517,0.8374687433242798,200.000,254683.721025345556,3364202.516620819457,0
q_030,5,cw_s300_x254883.721_y3365002.517,0.8356592059135437,300.000,254883.721025345556,3365002.516620819457,0
q_030,6,cw_s300_x254883.721_y3364327.517,0.8345648646354675,300.000,254883.721025345556,3364327.516620819457,0
q_030,7,cw_s200_x254833.721_y3364202.517,0.8257320523262024,200.000,254833.721025345556,3364202.516620819457,0
q_030,8,cw_s200_x254833.721_y3364352.517,0.8204923272132874,200.000,254833.721025345556,3364352.516620819457,0
q_030,9,cw_s300_x254883.721_y3364102.517,0.8161689043045044,300.000,254883.721025345556,3364102.516620819457,0
q_030,10,cw_s200_x253783.721_y3364502.517,0.796069324016571,200.000,253783.721025345556,3364502.516620819457,0
q_030,11,cw_s200_x254983.721_y3364652.517,0.7929443120956421,200.000,254983.721025345556,3364652.516620819457,0
q_030,12,cw_s200_x254833.721_y3364052.517,0.7919265627861023,200.000,254833.721025345556,3364052.516620819457,0
q_030,13,cw_s200_x254983.721_y3364502.517,0.7910162210464478,200.000,254983.721025345556,3364502.516620819457,0
q_030,14,cw_s200_x254683.721_y3364052.517,0.788474977016449,200.000,254683.721025345556,3364052.516620819457,0
q_030,15,cw_s200_x255133.721_y3364352.517,0.7869733572006226,200.000,255133.721025345556,3364352.516620819457,1
q_030,16,cw_s200_x254233.721_y3364652.517,0.785373330116272,200.000,254233.721025345556,3364652.516620819457,0
q_030,17,cw_s200_x254533.721_y3363902.517,0.7828938364982605,200.000,254533.721025345556,3363902.516620819457,0
q_030,18,cw_s500_x254758.721_y3364127.517,0.7815439701080322,500.000,254758.721025345556,3364127.516620819457,0
q_030,19,cw_s200_x254833.721_y3364952.517,0.7777982354164124,200.000,254833.721025345556,3364952.516620819457,0
q_030,20,cw_s300_x254658.721_y3365227.517,0.7748650312423706,300.000,254658.721025345556,3365227.516620819457,0
q_031,1,cw_s200_x254983.721_y3364652.517,0.823969304561615,200.000,254983.721025345556,3364652.516620819457,0
q_031,2,cw_s200_x254683.721_y3364202.517,0.8170594573020935,200.000,254683.721025345556,3364202.516620819457,0
q_031,3,cw_s300_x254658.721_y3364102.517,0.814940869808197,300.000,254658.721025345556,3364102.516620819457,0
q_031,4,cw_s200_x254833.721_y3364352.517,0.8134154677391052,200.000,254833.721025345556,3364352.516620819457,0
q_031,5,cw_s200_x254983.721_y3364502.517,0.7952500581741333,200.000,254983.721025345556,3364502.516620819457,1
q_031,6,cw_s300_x254883.721_y3364327.517,0.7899478077888489,300.000,254883.721025345556,3364327.516620819457,0
q_031,7,cw_s300_x255108.721_y3364327.517,0.789483904838562,300.000,255108.721025345556,3364327.516620819457,1
q_031,8,cw_s200_x254833.721_y3364202.517,0.7849574089050293,200.000,254833.721025345556,3364202.516620819457,0
q_031,9,cw_s300_x255108.721_y3364777.517,0.784315288066864,300.000,255108.721025345556,3364777.516620819457,0
q_031,10,cw_s300_x255108.721_y3364552.517,0.780071496963501,300.000,255108.721025345556,3364552.516620819457,1
q_031,11,cw_s200_x254983.721_y3364352.517,0.7790111303329468,200.000,254983.721025345556,3364352.516620819457,0
q_031,12,cw_s300_x254883.721_y3365002.517,0.7756984233856201,300.000,254883.721025345556,3365002.516620819457,0
q_031,13,cw_s200_x255133.721_y3364352.517,0.765009880065918,200.000,255133.721025345556,3364352.516620819457,0
q_031,14,cw_s300_x254883.721_y3364552.517,0.7576677799224854,300.000,254883.721025345556,3364552.516620819457,0
q_031,15,cw_s200_x254533.721_y3363902.517,0.756790280342102,200.000,254533.721025345556,3363902.516620819457,0
q_031,16,cw_s300_x254883.721_y3364102.517,0.7555425763130188,300.000,254883.721025345556,3364102.516620819457,0
q_031,17,cw_s200_x254533.721_y3364802.517,0.7553821802139282,200.000,254533.721025345556,3364802.516620819457,0
q_031,18,cw_s200_x253783.721_y3364502.517,0.7522642612457275,200.000,253783.721025345556,3364502.516620819457,0
q_031,19,cw_s500_x254758.721_y3364127.517,0.7461258769035339,500.000,254758.721025345556,3364127.516620819457,0
q_031,20,cw_s300_x255108.721_y3365002.517,0.7440835237503052,300.000,255108.721025345556,3365002.516620819457,0
q_032,1,cw_s300_x254658.721_y3365227.517,0.8857258558273315,300.000,254658.721025345556,3365227.516620819457,1
q_032,2,cw_s200_x254683.721_y3365102.517,0.8624204397201538,200.000,254683.721025345556,3365102.516620819457,1
q_032,3,cw_s500_x254008.721_y3364502.517,0.8542327880859375,500.000,254008.721025345556,3364502.516620819457,0
q_032,4,cw_s700_x254783.721_y3364902.517,0.8503444194793701,700.000,254783.721025345556,3364902.516620819457,1
q_032,5,cw_s500_x254758.721_y3364877.517,0.8470920324325562,500.000,254758.721025345556,3364877.516620819457,1
q_032,6,cw_s300_x254658.721_y3365002.517,0.8433594107627869,300.000,254658.721025345556,3365002.516620819457,1
q_032,7,cw_s300_x254883.721_y3365227.517,0.8310195207595825,300.000,254883.721025345556,3365227.516620819457,0
q_032,8,cw_s200_x254083.721_y3364502.517,0.8266417384147644,200.000,254083.721025345556,3364502.516620819457,0
q_032,9,cw_s300_x254433.721_y3365227.517,0.8264890909194946,300.000,254433.721025345556,3365227.516620819457,0
q_032,10,cw_s300_x255108.721_y3365227.517,0.8249664902687073,300.000,255108.721025345556,3365227.516620819457,0
q_032,11,cw_s500_x254008.721_y3364877.517,0.8157477378845215,500.000,254008.721025345556,3364877.516620819457,0
q_032,12,cw_s200_x254533.721_y3365252.517,0.8138205409049988,200.000,254533.721025345556,3365252.516620819457,0
q_032,13,cw_s300_x254208.721_y3365002.517,0.8115272521972656,300.000,254208.721025345556,3365002.516620819457,0
q_032,14,cw_s200_x254683.721_y3365252.517,0.8077601194381714,200.000,254683.721025345556,3365252.516620819457,0
q_032,15,cw_s200_x254233.721_y3364952.517,0.8053587675094604,200.000,254233.721025345556,3364952.516620819457,0
q_032,16,cw_s200_x254233.721_y3364652.517,0.8045639395713806,200.000,254233.721025345556,3364652.516620819457,0
q_032,17,cw_s500_x254383.721_y3364877.517,0.804556131362915,500.000,254383.721025345556,3364877.516620819457,0
q_032,18,cw_s200_x254533.721_y3364952.517,0.8041550517082214,200.000,254533.721025345556,3364952.516620819457,0
q_032,19,cw_s200_x253933.721_y3364352.517,0.802892804145813,200.000,253933.721025345556,3364352.516620819457,0
q_032,20,cw_s200_x254833.721_y3365102.517,0.8015353679656982,200.000,254833.721025345556,3365102.516620819457,0
q_033,1,cw_s200_x254833.721_y3365102.517,0.8544854521751404,200.000,254833.721025345556,3365102.516620819457,0
q_033,2,cw_s300_x254883.721_y3365227.517,0.7954317331314087,300.000,254883.721025345556,3365227.516620819457,1
q_033,3,cw_s200_x254833.721_y3365252.517,0.7855193018913269,200.000,254833.721025345556,3365252.516620819457,1
q_033,4,cw_s200_x254683.721_y3365252.517,0.7756621837615967,200.000,254683.721025345556,3365252.516620819457,1
q_033,5,cw_s300_x254658.721_y3365227.517,0.7515571117401123,300.000,254658.721025345556,3365227.516620819457,1
q_033,6,cw_s300_x253983.721_y3364552.517,0.7269469499588013,300.000,253983.721025345556,3364552.516620819457,0
q_033,7,cw_s500_x254008.721_y3364502.517,0.7058500051498413,500.000,254008.721025345556,3364502.516620819457,0
q_033,8,cw_s200_x254533.721_y3365252.517,0.700271725654602,200.000,254533.721025345556,3365252.516620819457,0
q_033,9,cw_s200_x253933.721_y3364502.517,0.6846892833709717,200.000,253933.721025345556,3364502.516620819457,0
q_033,10,cw_s200_x253933.721_y3364352.517,0.6819349527359009,200.000,253933.721025345556,3364352.516620819457,0
q_033,11,cw_s200_x255133.721_y3364202.517,0.6807383298873901,200.000,255133.721025345556,3364202.516620819457,0
q_033,12,cw_s700_x254783.721_y3364902.517,0.6770720481872559,700.000,254783.721025345556,3364902.516620819457,1
q_033,13,cw_s300_x254208.721_y3365227.517,0.6770569682121277,300.000,254208.721025345556,3365227.516620819457,0
q_033,14,cw_s200_x254683.721_y3365102.517,0.6765673160552979,200.000,254683.721025345556,3365102.516620819457,0
q_033,15,cw_s300_x255108.721_y3364102.517,0.6745918393135071,300.000,255108.721025345556,3364102.516620819457,0
q_033,16,cw_s200_x253933.721_y3364952.517,0.6739014387130737,200.000,253933.721025345556,3364952.516620819457,0
q_033,17,cw_s300_x254208.721_y3365002.517,0.6657952666282654,300.000,254208.721025345556,3365002.516620819457,0
q_033,18,cw_s300_x253983.721_y3364327.517,0.6617327332496643,300.000,253983.721025345556,3364327.516620819457,0
q_033,19,cw_s200_x254233.721_y3364952.517,0.660297155380249,200.000,254233.721025345556,3364952.516620819457,0
q_033,20,cw_s300_x253983.721_y3365002.517,0.6599212884902954,300.000,253983.721025345556,3365002.516620819457,0
q_034,1,cw_s300_x254883.721_y3365002.517,0.8904394507408142,300.000,254883.721025345556,3365002.516620819457,1
q_034,2,cw_s300_x254658.721_y3364102.517,0.8758252263069153,300.000,254658.721025345556,3364102.516620819457,0
q_034,3,cw_s300_x254658.721_y3365227.517,0.8674811720848083,300.000,254658.721025345556,3365227.516620819457,0
q_034,4,cw_s200_x254683.721_y3364202.517,0.8608760833740234,200.000,254683.721025345556,3364202.516620819457,0
q_034,5,cw_s200_x254233.721_y3364652.517,0.8574519157409668,200.000,254233.721025345556,3364652.516620819457,0
q_034,6,cw_s300_x254433.721_y3364777.517,0.8542717099189758,300.000,254433.721025345556,3364777.516620819457,0
q_034,7,cw_s200_x254533.721_y3364802.517,0.8467693328857422,200.000,254533.721025345556,3364802.516620819457,0
q_034,8,cw_s300_x255108.721_y3364327.517,0.8411409854888916,300.000,255108.721025345556,3364327.516620819457,0
q_034,9,cw_s300_x254883.721_y3365227.517,0.8370806574821472,300.000,254883.721025345556,3365227.516620819457,0
q_034,10,cw_s500_x254008.721_y3364502.517,0.8337212204933167,500.000,254008.721025345556,3364502.516620819457,0
q_034,11,cw_s700_x254783.721_y3364902.517,0.8303594589233398,700.000,254783.721025345556,3364902.516620819457,1
q_034,12,cw_s200_x254833.721_y3364202.517,0.8293654918670654,200.000,254833.721025345556,3364202.516620819457,0
q_034,13,cw_s200_x254833.721_y3364352.517,0.828942596912384,200.000,254833.721025345556,3364352.516620819457,0
q_034,14,cw_s200_x254383.721_y3364802.517,0.8269585371017456,200.000,254383.721025345556,3364802.516620819457,0
q_034,15,cw_s500_x254758.721_y3364877.517,0.8252993822097778,500.000,254758.721025345556,3364877.516620819457,1
q_034,16,cw_s500_x254008.721_y3364127.517,0.8248883485794067,500.000,254008.721025345556,3364127.516620819457,0
q_034,17,cw_s300_x254208.721_y3364102.517,0.8241203427314758,300.000,254208.721025345556,3364102.516620819457,0
q_034,18,cw_s200_x254983.721_y3364652.517,0.8224772810935974,200.000,254983.721025345556,3364652.516620819457,0
q_034,19,cw_s200_x253783.721_y3364502.517,0.8100797533988953,200.000,253783.721025345556,3364502.516620819457,0
q_034,20,cw_s300_x254208.721_y3365227.517,0.8090336918830872,300.000,254208.721025345556,3365227.516620819457,0
q_035,1,cw_s200_x254683.721_y3364202.517,0.8777345418930054,200.000,254683.721025345556,3364202.516620819457,0
q_035,2,cw_s300_x254883.721_y3365002.517,0.8771858215332031,300.000,254883.721025345556,3365002.516620819457,1
q_035,3,cw_s300_x254658.721_y3364102.517,0.8705633282661438,300.000,254658.721025345556,3364102.516620819457,0
q_035,4,cw_s200_x254533.721_y3364802.517,0.861754298210144,200.000,254533.721025345556,3364802.516620819457,0
q_035,5,cw_s200_x254983.721_y3364652.517,0.8614906072616577,200.000,254983.721025345556,3364652.516620819457,0
q_035,6,cw_s300_x254433.721_y3364777.517,0.8565367460250854,300.000,254433.721025345556,3364777.516620819457,0
q_035,7,cw_s500_x254758.721_y3364877.517,0.8508865833282471,500.000,254758.721025345556,3364877.516620819457,1
q_035,8,cw_s200_x254233.721_y3364652.517,0.8476876020431519,200.000,254233.721025345556,3364652.516620819457,0
q_035,9,cw_s200_x254833.721_y3364352.517,0.8459380269050598,200.000,254833.721025345556,3364352.516620819457,0
q_035,10,cw_s300_x254658.721_y3365227.517,0.8429645895957947,300.000,254658.721025345556,3365227.516620819457,0
q_035,11,cw_s700_x254783.721_y3364902.517,0.8369280099868774,700.000,254783.721025345556,3364902.516620819457,1
q_035,12,cw_s500_x254008.721_y3364502.517,0.8326902389526367,500.000,254008.721025345556,3364502.516620819457,0
q_035,13,cw_s200_x254833.721_y3364202.517,0.8284654021263123,200.000,254833.721025345556,3364202.516620819457,0
q_035,14,cw_s300_x255108.721_y3364327.517,0.8276697397232056,300.000,255108.721025345556,3364327.516620819457,0
q_035,15,cw_s200_x254383.721_y3364802.517,0.8241338133811951,200.000,254383.721025345556,3364802.516620819457,0
q_035,16,cw_s300_x254208.721_y3364102.517,0.823649525642395,300.000,254208.721025345556,3364102.516620819457,0
q_035,17,cw_s300_x254883.721_y3364327.517,0.8176227807998657,300.000,254883.721025345556,3364327.516620819457,0
q_035,18,cw_s300_x254883.721_y3364552.517,0.8170372247695923,300.000,254883.721025345556,3364552.516620819457,0
q_035,19,cw_s500_x254008.721_y3364127.517,0.8130509853363037,500.000,254008.721025345556,3364127.516620819457,0
q_035,20,cw_s300_x254208.721_y3365227.517,0.8120914101600647,300.000,254208.721025345556,3365227.516620819457,0
q_036,1,cw_s300_x255108.721_y3364327.517,0.8829643726348877,300.000,255108.721025345556,3364327.516620819457,1
q_036,2,cw_s300_x254658.721_y3364102.517,0.8662313222885132,300.000,254658.721025345556,3364102.516620819457,0
q_036,3,cw_s200_x254683.721_y3364202.517,0.8652836084365845,200.000,254683.721025345556,3364202.516620819457,0
q_036,4,cw_s200_x254983.721_y3364352.517,0.8538923263549805,200.000,254983.721025345556,3364352.516620819457,0
q_036,5,cw_s200_x254833.721_y3364202.517,0.8510428667068481,200.000,254833.721025345556,3364202.516620819457,0
q_036,6,cw_s300_x254883.721_y3365002.517,0.8431896567344666,300.000,254883.721025345556,3365002.516620819457,0
q_036,7,cw_s200_x255133.721_y3364352.517,0.8345761299133301,200.000,255133.721025345556,3364352.516620819457,1
q_036,8,cw_s300_x254883.721_y3364327.517,0.8337876796722412,300.000,254883.721025345556,3364327.516620819457,0
q_036,9,cw_s300_x254883.721_y3364102.517,0.8263571262359619,300.000,254883.721025345556,3364102.516620819457,0
q_036,10,cw_s300_x254658.721_y3365227.517,0.8254513740539551,300.000,254658.721025345556,3365227.516620819457,0
q_036,11,cw_s200_x253783.721_y3364502.517,0.8236846923828125,200.000,253783.721025345556,3364502.516620819457,0
q_036,12,cw_s200_x253933.721_y3364352.517,0.8171388506889343,200.000,253933.721025345556,3364352.516620819457,0
q_036,13,cw_s200_x254833.721_y3364352.517,0.8159452080726624,200.000,254833.721025345556,3364352.516620819457,0
q_036,14,cw_s200_x254833.721_y3364052.517,0.8150182962417603,200.000,254833.721025345556,3364052.516620819457,0
q_036,15,cw_s200_x254233.721_y3364652.517,0.8149662017822266,200.000,254233.721025345556,3364652.516620819457,0
q_036,16,cw_s200_x254683.721_y3364052.517,0.8077570199966431,200.000,254683.721025345556,3364052.516620819457,0
q_036,17,cw_s200_x254533.721_y3364802.517,0.80731201171875,200.000,254533.721025345556,3364802.516620819457,0
q_036,18,cw_s300_x255108.721_y3365227.517,0.8044365644454956,300.000,255108.721025345556,3365227.516620819457,0
q_036,19,cw_s200_x254533.721_y3363902.517,0.8038827776908875,200.000,254533.721025345556,3363902.516620819457,0
q_036,20,cw_s200_x254233.721_y3364052.517,0.8017165660858154,200.000,254233.721025345556,3364052.516620819457,0
q_037,1,cw_s300_x254658.721_y3365002.517,0.8951958417892456,300.000,254658.721025345556,3365002.516620819457,0
q_037,2,cw_s300_x254658.721_y3365227.517,0.8935706615447998,300.000,254658.721025345556,3365227.516620819457,0
q_037,3,cw_s300_x255108.721_y3365227.517,0.890792727470398,300.000,255108.721025345556,3365227.516620819457,0
q_037,4,cw_s200_x254083.721_y3364502.517,0.8622403740882874,200.000,254083.721025345556,3364502.516620819457,0
q_037,5,cw_s200_x253933.721_y3364352.517,0.8600529432296753,200.000,253933.721025345556,3364352.516620819457,0
q_037,6,cw_s200_x253783.721_y3364352.517,0.8585716485977173,200.000,253783.721025345556,3364352.516620819457,0
q_037,7,cw_s200_x255133.721_y3365252.517,0.8583393096923828,200.000,255133.721025345556,3365252.516620819457,0
q_037,8,cw_s200_x254233.721_y3364652.517,0.8551622629165649,200.000,254233.721025345556,3364652.516620819457,0
q_037,9,cw_s200_x253783.721_y3364202.517,0.8548286557197571,200.000,253783.721025345556,3364202.516620819457,0
q_037,10,cw_s200_x254683.721_y3365102.517,0.8542036414146423,200.000,254683.721025345556,3365102.516620819457,0
q_037,11,cw_s200_x254683.721_y3364952.517,0.8540403246879578,200.000,254683.721025345556,3364952.516620819457,0
q_037,12,cw_s300_x253983.721_y3364327.517,0.8526078462600708,300.000,253983.721025345556,3364327.516620819457,0
q_037,13,cw_s200_x254233.721_y3364052.517,0.8505692481994629,200.000,254233.721025345556,3364052.516620819457,0
q_037,14,cw_s500_x254008.721_y3364502.517,0.8491684198379517,500.000,254008.721025345556,3364502.516620819457,0
q_037,15,cw_s300_x254433.721_y3365002.517,0.8472561836242676,300.000,254433.721025345556,3365002.516620819457,0
q_037,16,cw_s200_x254383.721_y3364802.517,0.846981406211853,200.000,254383.721025345556,3364802.516620819457,0
q_037,17,cw_s500_x254008.721_y3364127.517,0.8457248210906982,500.000,254008.721025345556,3364127.516620819457,0
q_037,18,cw_s200_x254533.721_y3364952.517,0.8415833711624146,200.000,254533.721025345556,3364952.516620819457,0
q_037,19,cw_s500_x254758.721_y3364877.517,0.840187668800354,500.000,254758.721025345556,3364877.516620819457,0
q_037,20,cw_s200_x254683.721_y3364202.517,0.8385071158409119,200.000,254683.721025345556,3364202.516620819457,0
q_038,1,cw_s200_x254983.721_y3364502.517,0.8345518708229065,200.000,254983.721025345556,3364502.516620819457,0
q_038,2,cw_s300_x255108.721_y3364777.517,0.8191598057746887,300.000,255108.721025345556,3364777.516620819457,1
q_038,3,cw_s200_x254983.721_y3364652.517,0.7937119007110596,200.000,254983.721025345556,3364652.516620819457,0
q_038,4,cw_s200_x255133.721_y3364652.517,0.7757526636123657,200.000,255133.721025345556,3364652.516620819457,1
q_038,5,cw_s200_x254833.721_y3364352.517,0.7718908190727234,200.000,254833.721025345556,3364352.516620819457,0
q_038,6,cw_s200_x255133.721_y3364802.517,0.7683123350143433,200.000,255133.721025345556,3364802.516620819457,0
q_038,7,cw_s300_x255108.721_y3364552.517,0.7577874660491943,300.000,255108.721025345556,3364552.516620819457,0
q_038,8,cw_s200_x254833.721_y3364202.517,0.7283119559288025,200.000,254833.721025345556,3364202.516620819457,0
q_038,9,cw_s300_x255108.721_y3365002.517,0.7279730439186096,300.000,255108.721025345556,3365002.516620819457,0
q_038,10,cw_s200_x254683.721_y3364202.517,0.7190064191818237,200.000,254683.721025345556,3364202.516620819457,0
q_038,11,cw_s300_x254658.721_y3364102.517,0.7185454368591309,300.000,254658.721025345556,3364102.516620819457,0
q_038,12,cw_s300_x254883.721_y3364327.517,0.7094942331314087,300.000,254883.721025345556,3364327.516620819457,0
q_038,13,cw_s300_x254883.721_y3365002.517,0.7073619961738586,300.000,254883.721025345556,3365002.516620819457,0
q_038,14,cw_s300_x255108.721_y3364327.517,0.697568416595459,300.000,255108.721025345556,3364327.516620819457,0
q_038,15,cw_s200_x254983.721_y3364952.517,0.6962810158729553,200.000,254983.721025345556,3364952.516620819457,0
q_038,16,cw_s200_x254533.721_y3363902.517,0.6959585547447205,200.000,254533.721025345556,3363902.516620819457,0
q_038,17,cw_s200_x254983.721_y3364352.517,0.6940857172012329,200.000,254983.721025345556,3364352.516620819457,0
q_038,18,cw_s200_x253783.721_y3364502.517,0.6920082569122314,200.000,253783.721025345556,3364502.516620819457,0
q_038,19,cw_s200_x255133.721_y3364352.517,0.6901689767837524,200.000,255133.721025345556,3364352.516620819457,0
q_038,20,cw_s300_x254883.721_y3364552.517,0.6894699335098267,300.000,254883.721025345556,3364552.516620819457,0
q_039,1,cw_s300_x254883.721_y3365002.517,0.9238597750663757,300.000,254883.721025345556,3365002.516620819457,1
q_039,2,cw_s300_x254658.721_y3364102.517,0.8866870403289795,300.000,254658.721025345556,3364102.516620819457,0
q_039,3,cw_s300_x255108.721_y3364327.517,0.8713556528091431,300.000,255108.721025345556,3364327.516620819457,0
q_039,4,cw_s200_x254833.721_y3364202.517,0.8637309670448303,200.000,254833.721025345556,3364202.516620819457,0
q_039,5,cw_s200_x254833.721_y3364352.517,0.862812876701355,200.000,254833.721025345556,3364352.516620819457,0
q_039,6,cw_s200_x254683.721_y3364202.517,0.8615835905075073,200.000,254683.721025345556,3364202.516620819457,0
q_039,7,cw_s200_x254983.721_y3364952.517,0.852638840675354,200.000,254983.721025345556,3364952.516620819457,0
q_039,8,cw_s200_x254983.721_y3364352.517,0.8448200225830078,200.000,254983.721025345556,3364352.516620819457,0
q_039,9,cw_s200_x254983.721_y3364652.517,0.8417558670043945,200.000,254983.721025345556,3364652.516620819457,0
q_039,10,cw_s200_x254533.721_y3363902.517,0.8403522968292236,200.000,254533.721025345556,3363902.516620819457,0
q_039,11,cw_s200_x254833.721_y3364952.517,0.8371621966362,200.000,254833.721025345556,3364952.516620819457,0
q_039,12,cw_s200_x254683.721_y3364052.517,0.834051251411438,200.000,254683.721025345556,3364052.516620819457,0
q_039,13,cw_s300_x254883.721_y3364327.517,0.8317562937736511,300.000,254883.721025345556,3364327.516620819457,0
q_039,14,cw_s300_x255108.721_y3365002.517,0.8298238515853882,300.000,255108.721025345556,3365002.516620819457,1
q_039,15,cw_s200_x254983.721_y3364502.517,0.8246820569038391,200.000,254983.721025345556,3364502.516620819457,0
q_039,16,cw_s300_x254883.721_y3364102.517,0.8205335736274719,300.000,254883.721025345556,3364102.516620819457,0
q_039,17,cw_s200_x254233.721_y3364652.517,0.8190793991088867,200.000,254233.721025345556,3364652.516620819457,0
q_039,18,cw_s200_x254533.721_y3364802.517,0.8188557028770447,200.000,254533.721025345556,3364802.516620819457,0
q_039,19,cw_s200_x254833.721_y3364052.517,0.8187155723571777,200.000,254833.721025345556,3364052.516620819457,0
q_039,20,cw_s300_x254433.721_y3364777.517,0.8148670196533203,300.000,254433.721025345556,3364777.516620819457,0
q_040,1,cw_s300_x254658.721_y3365227.517,0.8612823486328125,300.000,254658.721025345556,3365227.516620819457,0
q_040,2,cw_s300_x254883.721_y3365227.517,0.8608492612838745,300.000,254883.721025345556,3365227.516620819457,1
q_040,3,cw_s300_x254658.721_y3364102.517,0.8599340915679932,300.000,254658.721025345556,3364102.516620819457,0
q_040,4,cw_s300_x254883.721_y3365002.517,0.8508419990539551,300.000,254883.721025345556,3365002.516620819457,0
q_040,5,cw_s200_x254683.721_y3365252.517,0.8449748754501343,200.000,254683.721025345556,3365252.516620819457,0
q_040,6,cw_s300_x255108.721_y3364327.517,0.8394509553909302,300.000,255108.721025345556,3364327.516620819457,0
q_040,7,cw_s200_x253933.721_y3364352.517,0.822634220123291,200.000,253933.721025345556,3364352.516620819457,0
q_040,8,cw_s200_x254983.721_y3364352.517,0.8206549286842346,200.000,254983.721025345556,3364352.516620819457,0
q_040,9,cw_s200_x254833.721_y3364202.517,0.8131107687950134,200.000,254833.721025345556,3364202.516620819457,0
q_040,10,cw_s200_x254683.721_y3364052.517,0.807569146156311,200.000,254683.721025345556,3364052.516620819457,0
q_040,11,cw_s200_x254683.721_y3364202.517,0.8068028688430786,200.000,254683.721025345556,3364202.516620819457,0
q_040,12,cw_s200_x254533.721_y3365252.517,0.8061656355857849,200.000,254533.721025345556,3365252.516620819457,0
q_040,13,cw_s200_x255133.721_y3364202.517,0.8058269023895264,200.000,255133.721025345556,3364202.516620819457,0
q_040,14,cw_s200_x253933.721_y3364052.517,0.8000712394714355,200.000,253933.721025345556,3364052.516620819457,0
q_040,15,cw_s200_x254083.721_y3365102.517,0.7980961203575134,200.000,254083.721025345556,3365102.516620819457,0
q_040,16,cw_s200_x254833.721_y3364352.517,0.7977624535560608,200.000,254833.721025345556,3364352.516620819457,0
q_040,17,cw_s300_x253983.721_y3364327.517,0.7967339754104614,300.000,253983.721025345556,3364327.516620819457,0
q_040,18,cw_s300_x254883.721_y3364327.517,0.7964403629302979,300.000,254883.721025345556,3364327.516620819457,0
q_040,19,cw_s500_x254008.721_y3364127.517,0.7951624393463135,500.000,254008.721025345556,3364127.516620819457,0
q_040,20,cw_s200_x254233.721_y3364652.517,0.794822096824646,200.000,254233.721025345556,3364652.516620819457,0
