query_id,rank,raw_rank,candidate_tile_id,global_score,candidate_scale_level_m,candidate_center_x,candidate_center_y,match_count,inlier_count,inlier_ratio,reproj_error_mean,geom_valid,geom_score,global_score_norm,geom_quality,fused_score,promote_flag,is_intersection_truth_hit
q_011,1,1,s300_x254950.317_y3364170.530,0.9046697616577148,300.0,254950.31714087684,3364170.5298480103,22,4,0.18181818181818182,0.0,0,-1.0,1.0,0.2734848484848485,0.5640909090909091,0,1
q_011,2,2,s300_x255992.683_y3363537.726,0.8906936049461365,300.0,255992.68346681632,3363537.725988563,15,4,0.26666666666666666,0.0,0,-1.0,0.8307086841569475,0.28833333333333333,0.505283473662779,0,0
q_011,3,4,s500_x253783.067_y3364678.442,0.8859636187553406,500.0,253783.06710738334,3364678.4419510043,15,4,0.26666666666666666,0.0,0,-1.0,0.7734149944335104,0.28833333333333333,0.48236599777340416,0,0
q_011,4,3,s500_x254825.317_y3364045.530,0.886581540107727,500.0,254825.31714087684,3364045.5298480103,20,4,0.2,0.0,0,-1.0,0.7808997930796477,0.27666666666666667,0.4783599172318591,0,1
q_011,5,5,s300_x254725.317_y3363945.530,0.8779276013374329,300.0,254725.31714087684,3363945.5298480103,10,4,0.4,0.0,0,-1.0,0.6760757908963709,0.31166666666666665,0.45743031635854836,0,1
q_011,6,6,s300_x255464.632_y3363324.598,0.8739224672317505,300.0,255464.63173593904,3363324.597604262,8,4,0.5,0.0,0,-1.0,0.6275621374742433,0.32916666666666666,0.4485248549896973,0,0
q_011,7,7,s200_x254975.317_y3364345.530,0.8733786344528198,200.0,254975.31714087684,3364345.5298480103,16,4,0.25,0.0,0,-1.0,0.6209747638032336,0.28541666666666665,0.41963990552129343,0,1
q_011,8,8,s200_x254825.317_y3364045.530,0.8695768117904663,200.0,254825.31714087684,3364045.5298480103,16,4,0.25,0.0,0,-1.0,0.5749237946853382,0.28541666666666665,0.40121951787413523,0,1
q_011,9,10,s200_x254975.317_y3364195.530,0.8635036945343018,200.0,254975.31714087684,3364195.5298480103,10,4,0.4,0.0,0,-1.0,0.5013609381159418,0.31166666666666665,0.38754437524637675,0,1
q_011,10,9,s300_x255267.051_y3364542.665,0.866002082824707,300.0,255267.05124207112,3364542.665366566,16,4,0.25,0.0,0,-1.0,0.5316235811227414,0.28541666666666665,0.3838994324490966,0,0
q_011,11,11,s500_x255867.683_y3363412.726,0.8631263971328735,500.0,255867.68346681632,3363412.725988563,15,4,0.26666666666666666,0.0,0,-1.0,0.4967907851854847,0.28833333333333333,0.37171631407419387,0,0
q_011,12,16,s500_x255867.683_y3363787.726,0.8547810316085815,500.0,255867.68346681632,3363787.725988563,10,4,0.4,0.0,0,-1.0,0.3957044894352215,0.31166666666666665,0.3452817957740886,0,0
q_011,13,17,s700_x255967.683_y3363512.726,0.8536251783370972,700.0,255967.68346681632,3363512.725988563,9,4,0.4444444444444444,0.0,0,-1.0,0.38170379344352723,0.3194444444444444,0.3443481840440775,0,0
q_011,14,12,s200_x253810.673_y3365746.519,0.8565912842750549,200.0,253810.6733898759,3365746.519046808,17,4,0.23529411764705882,0.0,0,-1.0,0.41763183772130585,0.28284313725490196,0.3367586174414635,0,0
q_011,15,14,s300_x255767.683_y3363537.726,0.8557292819023132,300.0,255767.68346681632,3363537.725988563,17,4,0.23529411764705882,0.0,0,-1.0,0.4071905183405363,0.28284313725490196,0.3325820896891557,0,0
q_011,16,15,s200_x254474.835_y3365425.528,0.8552166819572449,200.0,254474.83531152448,3365425.5278006354,16,4,0.25,0.0,0,-1.0,0.4009814638062659,0.28541666666666665,0.33164258552250636,0,0
q_011,17,20,s700_x253883.067_y3364778.442,0.8524513840675354,700.0,253883.06710738334,3364778.4419510043,11,4,0.36363636363636365,0.0,0,-1.0,0.3674857805431334,0.3053030303030303,0.33017613039907157,0,0
q_011,18,13,s200_x254675.317_y3364045.530,0.8557530045509338,200.0,254675.31714087684,3364045.5298480103,21,4,0.19047619047619047,0.0,0,-1.0,0.4074778676085177,0.27499999999999997,0.32799114704340704,0,0
q_011,19,19,s500_x255325.925_y3363190.564,0.8529912233352661,500.0,255325.9253598808,3363190.5643426827,13,4,0.3076923076923077,0.0,0,-1.0,0.3740247813474226,0.2955128205128205,0.3269176048466613,0,0
q_011,20,18,s200_x254675.317_y3363895.530,0.8531176447868347,200.0,254675.31714087684,3363895.5298480103,14,4,0.2857142857142857,0.0,0,-1.0,0.37555610747151413,0.29166666666666663,0.3252224429886056,0,0
q_011,21,24,s200_x254433.525_y3363298.418,0.8456615209579468,200.0,254433.5249487518,3363298.417860814,8,4,0.5,0.0,0,-1.0,0.28524107737203935,0.32916666666666666,0.31159643094881573,0,0
q_011,22,21,s300_x254950.317_y3363945.530,0.848324179649353,300.0,254950.31714087684,3363945.5298480103,15,5,0.3333333333333333,0.4100988805294037,0,-1.0,0.317493505762147,0.30686366834461987,0.31111560331163074,0,1
q_011,23,22,s200_x255867.683_y3363562.726,0.8476274609565735,200.0,255867.68346681632,3363562.725988563,13,4,0.3076923076923077,0.0,0,-1.0,0.30905424547713695,0.2955128205128205,0.30092939049854706,0,0
q_011,24,26,s300_x254711.579_y3363336.495,0.8441278338432312,300.0,254711.57889737896,3363336.4948948845,9,4,0.4444444444444444,0.0,0,-1.0,0.26666373060211945,0.3194444444444444,0.2983321589075144,0,0
q_011,25,23,s300_x254725.317_y3364170.530,0.8471019268035889,300.0,254725.31714087684,3364170.5298480103,15,4,0.26666666666666666,0.0,0,-1.0,0.30268852061333906,0.28833333333333333,0.2940754082453356,0,1
q_011,26,25,s200_x256017.683_y3363712.726,0.8445287346839905,200.0,256017.68346681632,3363712.725988563,12,4,0.3333333333333333,0.0,0,-1.0,0.2715197888343872,0.3,0.28860791553375487,0,0
q_011,27,28,s300_x254752.800_y3365388.601,0.8423812985420227,300.0,254752.80039608278,3365388.6009922293,14,4,0.2857142857142857,0.0,0,-1.0,0.24550818223430662,0.29166666666666663,0.2732032728937226,0,0
q_011,28,31,s300_x255992.683_y3363312.726,0.840188205242157,300.0,255992.68346681632,3363312.725988563,11,4,0.36363636363636365,0.0,0,-1.0,0.21894353659082474,0.3053030303030303,0.27075923281814807,0,0
q_011,29,27,s200_x255339.632_y3363274.598,0.8431204557418823,200.0,255339.63173593904,3363274.597604262,22,4,0.18181818181818182,0.0,0,-1.0,0.2544614944761074,0.2734848484848485,0.2658755068813521,0,0
q_011,30,30,s300_x255795.044_y3364530.791,0.840837836265564,300.0,255795.04373685663,3364530.7911997773,14,4,0.2857142857142857,0.0,0,-1.0,0.22681243023838438,0.29166666666666663,0.26572497209535373,0,0
q_011,31,36,s300_x254950.317_y3364395.530,0.8356794118881226,300.0,254950.31714087684,3364395.5298480103,8,4,0.5,0.0,0,-1.0,0.1643291260972338,0.32916666666666666,0.2632316504388935,0,1
q_011,32,32,s300_x255992.683_y3363762.726,0.8401622176170349,300.0,255992.68346681632,3363762.725988563,15,4,0.26666666666666666,0.0,0,-1.0,0.21862875196559894,0.28833333333333333,0.2604515007862396,0,0
q_011,33,34,s300_x254408.525_y3363348.418,0.8375903367996216,300.0,254408.5249487518,3363348.417860814,12,4,0.3333333333333333,0.0,0,-1.0,0.18747590381452545,0.3,0.25499036152581017,0,0
q_011,34,29,s700_x254925.317_y3364145.530,0.8418412208557129,700.0,254925.31714087684,3364145.5298480103,16,5,0.3125,0.8537538647651672,0,-1.0,0.23896629349767592,0.2655671014808937,0.25492677828760657,0,1
q_011,35,35,s200_x254975.317_y3364045.530,0.8369168043136597,200.0,254975.31714087684,3364045.5298480103,13,4,0.3076923076923077,0.0,0,-1.0,0.17931749494972832,0.2955128205128205,0.24903469028758363,0,1
q_011,36,38,s300_x255280.764_y3365151.700,0.8341988325119019,300.0,255280.76437190094,3365151.6998673794,11,4,0.36363636363636365,0.0,0,-1.0,0.14639506625638773,0.3053030303030303,0.24173984468437326,0,0
q_011,37,42,s200_x253905.470_y3363310.367,0.8295563459396362,200.0,253905.4698876719,3363310.3665024354,7,4,0.5714285714285714,0.0,0,-1.0,0.09016124770228882,0.3416666666666667,0.2410644990809155,0,0
q_011,38,33,s300_x254977.800_y3365163.601,0.8401460647583008,300.0,254977.80039608278,3365163.6009922293,23,5,0.21739130434782608,0.7739819288253784,0,-1.0,0.2184330945494609,0.25569291668712363,0.24078898783205854,0,0
q_011,39,37,s200_x255489.632_y3363424.598,0.8342370986938477,200.0,255489.63173593904,3363424.597604262,15,4,0.26666666666666666,0.0,0,-1.0,0.14685857939720187,0.28833333333333333,0.23174343175888074,0,0
q_011,40,46,s300_x254936.579_y3363561.495,0.8269743323326111,300.0,254936.57889737896,3363561.4948948845,7,4,0.5714285714285714,0.0,0,-1.0,0.058885662426700666,0.3416666666666667,0.22855426497068027,0,0
q_011,41,40,s200_x255895.044_y3364630.791,0.8313030004501343,200.0,255895.04373685663,3364630.7911997773,14,4,0.2857142857142857,0.0,0,-1.0,0.11131824003627243,0.29166666666666663,0.21952729601450893,0,0
q_011,42,39,s200_x255895.044_y3364480.791,0.83271723985672,200.0,255895.04373685663,3364480.7911997773,20,4,0.2,0.0,0,-1.0,0.12844873270309023,0.27666666666666667,0.2173794930812361,0,0
q_011,43,48,s200_x255489.632_y3363274.598,0.824537992477417,200.0,255489.63173593904,3363274.597604262,8,4,0.5,0.0,0,-1.0,0.029374603811781898,0.32916666666666666,0.20924984152471274,0,0
q_011,44,41,s300_x255505.764_y3365151.700,0.8305469751358032,300.0,255505.76437190094,3365151.6998673794,18,4,0.2222222222222222,0.0,0,-1.0,0.10216060658130902,0.28055555555555556,0.20919757596585695,0,0
q_011,45,43,s200_x254661.579_y3363286.495,0.8283745050430298,200.0,254661.57889737896,3363286.4948948845,13,4,0.3076923076923077,0.0,0,-1.0,0.07584576708536872,0.2955128205128205,0.2076459991418398,0,0
q_011,46,44,s500_x255353.340_y3364033.631,0.8279461860656738,500.0,255353.3403633765,3364033.6312788753,22,6,0.2727272727272727,0.8837576508522034,0,-1.0,0.07065759663382606,0.29772727272727273,0.20689940228989406,0,1
q_011,47,45,s200_x256031.362_y3364021.758,0.8272223472595215,200.0,256031.36247863463,3364021.758387413,17,4,0.23529411764705882,0.0,0,-1.0,0.06188983404496799,0.28284313725490196,0.19446181597092838,0,0
q_011,48,47,s500_x254852.800_y3365263.601,0.824556827545166,500.0,254852.80039608278,3365263.6009922293,20,4,0.2,0.0,0,-1.0,0.029602750466762064,0.27666666666666667,0.17784110018670485,0,0
q_011,49,49,s300_x256006.362_y3363921.758,0.8226495385169983,300.0,256006.36247863463,3363921.758387413,17,4,0.23529411764705882,0.0,0,-1.0,0.006500013717678622,0.28284313725490196,0.17230588784001263,0,0
q_011,50,50,s200_x255867.683_y3363712.726,0.8221129179000854,200.0,255867.68346681632,3363712.725988563,20,4,0.2,0.0,0,-1.0,0.0,0.27666666666666667,0.166,0,0
q_012,1,3,s500_x254672.293_y3364057.454,0.7765514254570007,500.0,254672.29280875245,3364057.454095203,4,4,1.0,0.0,0,-1.0,0.9400873132367827,0.45,0.6460349252947131,0,1
q_012,2,1,s300_x254739.058_y3364779.565,0.7814585566520691,300.0,254739.0576404855,3364779.5652137767,12,4,0.3333333333333333,0.0,0,-1.0,1.0,0.33333333333333337,0.6000000000000001,0,1
q_012,3,4,s700_x254397.293_y3364157.454,0.7759438753128052,700.0,254397.29280875245,3364157.454095203,9,4,0.4444444444444444,0.0,0,-1.0,0.9326695450877026,0.3527777777777778,0.5847344847017477,0,1
q_012,4,7,s300_x254422.293_y3363957.454,0.7732452154159546,300.0,254422.29280875245,3363957.454095203,10,4,0.4,0.0,0,-1.0,0.8997207693869517,0.34500000000000003,0.5668883077547807,0,0
q_012,5,6,s200_x254297.293_y3364057.454,0.77424156665802,200.0,254297.29280875245,3364057.454095203,14,4,0.2857142857142857,0.0,0,-1.0,0.9118855307310136,0.325,0.5597542122924055,0,0
q_012,6,5,s500_x254839.058_y3364654.565,0.7743065357208252,500.0,254839.0576404855,3364654.5652137767,20,4,0.2,0.0,0,-1.0,0.9126787581696968,0.31,0.5510715032678788,0,1
q_012,7,2,s200_x254447.293_y3364057.454,0.7770859003067017,200.0,254447.29280875245,3364057.454095203,24,5,0.20833333333333334,1.1051347255706787,0,-1.0,0.9466128824502432,0.2864583333333333,0.5505201529800973,0,0
q_012,8,9,s700_x254939.058_y3364754.565,0.7646136283874512,700.0,254939.0576404855,3364754.5652137767,9,4,0.4444444444444444,0.0,0,-1.0,0.7943350461709311,0.3527777777777778,0.5294006851350391,0,1
q_012,9,8,s300_x254739.058_y3364554.565,0.766625165939331,300.0,254739.0576404855,3364554.5652137767,12,4,0.3333333333333333,0.0,0,-1.0,0.8188945320431137,0.33333333333333337,0.5275578128172456,0,1
q_012,10,11,s500_x254297.293_y3364057.454,0.7598518133163452,500.0,254297.29280875245,3364057.454095203,8,4,0.5,0.0,0,-1.0,0.7361965690366217,0.3625,0.5119786276146486,0,0
q_012,11,10,s300_x254422.293_y3364182.454,0.7643367052078247,300.0,254422.29280875245,3364182.454095203,15,4,0.26666666666666666,0.0,0,-1.0,0.7909540051799935,0.32166666666666666,0.5093816020719973,0,0
q_012,12,12,s300_x254766.545_y3365997.637,0.7597053050994873,300.0,254766.5454075462,3365997.637183411,18,5,0.2777777777777778,0.7687227725982666,0,-1.0,0.7344078047758114,0.3214417179947216,0.48662815270715754,0,0
q_012,13,13,s200_x254675.317_y3364345.530,0.7542375326156616,200.0,254675.31714087684,3364345.5298480103,12,4,0.3333333333333333,0.0,0,-1.0,0.667650074628875,0.33333333333333337,0.46706002985155004,0,1
q_012,14,14,s200_x254839.058_y3364504.565,0.7513073682785034,200.0,254839.0576404855,3364504.5652137767,22,4,0.18181818181818182,0.0,0,-1.0,0.6318747894126696,0.3068181818181818,0.4368408248559769,0,1
q_012,15,17,s200_x254689.058_y3364804.565,0.7379863262176514,200.0,254689.0576404855,3364804.5652137767,8,4,0.5,0.0,0,-1.0,0.46923405521881795,0.3625,0.4051936220875272,0,1
q_012,16,15,s300_x254436.063_y3364791.491,0.7416373491287231,300.0,254436.06292971745,3364791.490741796,16,4,0.25,0.0,0,-1.0,0.5138105263464308,0.31875000000000003,0.3967742105385723,0,1
q_012,17,18,s300_x254647.293_y3364182.454,0.737246572971344,300.0,254647.29280875245,3364182.454095203,9,4,0.4444444444444444,0.0,0,-1.0,0.4602021783917568,0.3527777777777778,0.39574753802336937,0,1
q_012,18,26,s300_x254422.293_y3364407.454,0.7236069440841675,300.0,254422.29280875245,3364407.454095203,4,4,1.0,0.0,0,-1.0,0.2936717188219772,0.45,0.3874686875287909,0,1
q_012,19,16,s200_x254839.058_y3364804.565,0.7394347190856934,200.0,254839.0576404855,3364804.5652137767,17,4,0.23529411764705882,0.0,0,-1.0,0.48691793298028646,0.3161764705882353,0.38447305554505573,0,1
q_012,20,19,s500_x254866.545_y3366247.637,0.7365561127662659,500.0,254866.5454075462,3366247.637183411,11,4,0.36363636363636365,0.0,0,-1.0,0.45177213559386176,0.3386363636363637,0.3838906724193629,0,0
q_012,21,20,s200_x254461.063_y3364816.491,0.7350704073905945,200.0,254461.06292971745,3364816.490741796,15,5,0.3333333333333333,0.848697304725647,0,-1.0,0.4336326978538467,0.3257364662893137,0.3688949589151269,0,1
q_012,22,22,s200_x254689.058_y3364504.565,0.7303021550178528,200.0,254689.0576404855,3364504.5652137767,12,4,0.3333333333333333,0.0,0,-1.0,0.37541562570726417,0.33333333333333337,0.3501662502829057,0,1
q_012,23,21,s700_x254411.063_y3364766.491,0.7316438555717468,700.0,254411.06292971745,3364766.490741796,14,5,0.35714285714285715,1.024198293685913,0,-1.0,0.39179686391346397,0.3179927532823863,0.3475143975348174,0,1
q_012,24,23,s200_x254461.063_y3364666.491,0.7281662821769714,200.0,254461.06292971745,3364666.490741796,14,4,0.2857142857142857,0.0,0,-1.0,0.3493380917276566,0.325,0.33473523669106264,0,1
q_012,25,25,s500_x254311.063_y3364666.491,0.7249781489372253,500.0,254311.06292971745,3364666.490741796,11,4,0.36363636363636365,0.0,0,-1.0,0.31041318416776253,0.3386363636363637,0.32734709184892324,0,1
q_012,26,24,s200_x253077.414_y3363472.341,0.725036084651947,200.0,253077.41371175498,3363472.340820132,12,4,0.3333333333333333,0.0,0,-1.0,0.31112053927822125,0.33333333333333337,0.3244482157112885,0,0
q_012,27,28,s200_x254866.545_y3366022.637,0.7214312553405762,200.0,254866.5454075462,3366022.637183411,13,4,0.3076923076923077,0.0,0,-1.0,0.2671080601368281,0.32884615384615384,0.30415091636242353,0,0
q_012,28,36,s200_x254689.058_y3364654.565,0.7112345099449158,200.0,254689.0576404855,3364654.5652137767,6,4,0.6666666666666666,0.0,0,-1.0,0.1426128329644947,0.39166666666666666,0.2920451331857979,0,1
q_012,29,33,s200_x254461.063_y3364966.491,0.7144740223884583,200.0,254461.06292971745,3364966.490741796,16,5,0.3125,0.22742369771003723,0,-1.0,0.18216504515938414,0.36425338420072956,0.2914180485841914,0,0
q_012,30,35,s200_x254311.063_y3364816.491,0.7128313183784485,200.0,254311.06292971745,3364816.490741796,7,4,0.5714285714285714,0.0,0,-1.0,0.16210876239781738,0.375,0.2898435049591269,0,0
q_012,31,27,s200_x254324.835_y3365125.528,0.7214755415916443,200.0,254324.83531152448,3365125.5278006354,25,4,0.16,0.0,0,-1.0,0.2676487647120039,0.303,0.2888595058848016,0,0
q_012,32,31,s300_x254133.067_y3364803.442,0.7159276008605957,300.0,254133.06710738334,3364803.4419510043,10,4,0.4,0.0,0,-1.0,0.19991223556962825,0.34500000000000003,0.2869648942278513,0,0
q_012,33,29,s500_x254686.063_y3364666.491,0.71796715259552,500.0,254686.06292971745,3364666.490741796,14,4,0.2857142857142857,0.0,0,-1.0,0.22481375529151837,0.325,0.2849255021166074,0,1
q_012,34,37,s300_x254964.058_y3364779.565,0.7102440595626831,300.0,254964.0576404855,3364779.5652137767,7,4,0.5714285714285714,0.0,0,-1.0,0.13052011704834976,0.375,0.27720804681933986,0,1
q_012,35,34,s200_x254716.545_y3365722.637,0.7143566012382507,200.0,254716.5454075462,3365722.637183411,13,4,0.3076923076923077,0.0,0,-1.0,0.1807314139169935,0.32884615384615384,0.2696002578744897,0,0
q_012,36,32,s200_x254083.067_y3364828.442,0.7156180739402771,200.0,254083.06710738334,3364828.4419510043,18,4,0.2222222222222222,0.0,0,-1.0,0.19613312539615887,0.3138888888888889,0.26678658349179685,0,0
q_012,37,39,s200_x253796.869_y3365287.480,0.707021951675415,200.0,253796.86911584332,3365287.480292981,9,4,0.4444444444444444,0.0,0,-1.0,0.09118040247923599,0.3527777777777778,0.24813882765836107,0,0
q_012,38,47,s200_x253646.869_y3365437.480,0.7017769813537598,200.0,253646.86911584332,3365437.480292981,6,4,0.6666666666666666,0.0,0,-1.0,0.027142933034866347,0.39166666666666666,0.2458571732139465,0,0
q_012,39,48,s200_x254447.293_y3364207.454,0.7006955146789551,200.0,254447.29280875245,3364207.454095203,6,4,0.6666666666666666,0.0,0,-1.0,0.013938970972969865,0.39166666666666666,0.24057558838918794,0,0
q_012,40,46,s200_x254297.293_y3364207.454,0.7030413150787354,200.0,254297.29280875245,3364207.454095203,8,4,0.5,0.0,0,-1.0,0.04257957563059762,0.3625,0.23453183025223906,0,0
q_012,41,40,s200_x254447.293_y3364357.454,0.7065379023551941,200.0,254447.29280875245,3364357.454095203,12,4,0.3333333333333333,0.0,0,-1.0,0.08527049419524893,0.33333333333333337,0.2341081976780996,0,1
q_012,42,43,s200_x254161.063_y3364816.491,0.7052525281906128,200.0,254161.06292971745,3364816.490741796,21,5,0.23809523809523808,0.4231770932674408,0,-1.0,0.06957696234643954,0.33794774103642844,0.2305994295604329,0,0
q_012,43,45,s200_x253282.736_y3366057.942,0.7042413353919983,200.0,253282.73571264104,3366057.941804805,10,4,0.4,0.0,0,-1.0,0.05723099583519208,0.34500000000000003,0.22989239833407685,0,0
q_012,44,38,s300_x254436.063_y3364566.491,0.7070229649543762,300.0,254436.06292971745,3364566.490741796,16,4,0.25,0.0,0,-1.0,0.09119277391635308,0.31875000000000003,0.22772710956654124,0,1
q_012,45,44,s200_x254297.293_y3364357.454,0.7048393487930298,200.0,254297.29280875245,3364357.454095203,12,4,0.3333333333333333,0.0,0,-1.0,0.06453232692905272,0.33333333333333337,0.2258129307716211,0,0
q_012,46,42,s200_x254311.063_y3364966.491,0.7055068016052246,200.0,254311.06292971745,3364966.490741796,16,4,0.25,0.0,0,-1.0,0.07268146533123067,0.31875000000000003,0.22032258613249228,0,0
q_012,47,41,s200_x254839.058_y3364654.565,0.7056881785392761,200.0,254839.0576404855,3364654.5652137767,17,4,0.23529411764705882,0.0,0,-1.0,0.07489595257518741,0.3161764705882353,0.21966426338301615,0,1
q_012,48,50,s300_x254991.545_y3365997.637,0.6995538473129272,300.0,254991.5454075462,3365997.637183411,20,4,0.2,0.0,0,-1.0,0.0,0.31,0.186,0,0
q_012,49,49,s300_x254436.063_y3365016.491,0.6996182203292847,300.0,254436.06292971745,3365016.490741796,23,4,0.17391304347826086,0.0,0,-1.0,0.0007859501227319336,0.30543478260869567,0.18357524961431015,0,0
q_012,50,30,s200_x254597.293_y3364207.454,0.7175250053405762,200.0,254597.29280875245,3364207.454095203,5,0,0.0,,0,-1.0,0.21941544231890217,0.0,0.08776617692756088,0,1
q_013,1,1,s500_x253783.067_y3364678.442,0.7827630043029785,500.0,253783.06710738334,3364678.4419510043,12,4,0.3333333333333333,0.0,0,-1.0,1.0,0.33333333333333337,0.6000000000000001,0,0
q_013,2,2,s200_x254324.835_y3365125.528,0.7804513573646545,200.0,254324.83531152448,3365125.5278006354,19,4,0.21052631578947367,0.0,0,-1.0,0.9418791455486586,0.3118421052631579,0.5638569213773582,0,0
q_013,3,3,s300_x254436.063_y3364791.491,0.7800093293190002,300.0,254436.06292971745,3364791.490741796,25,4,0.16,0.0,0,-1.0,0.9307654035325394,0.303,0.5541061614130158,0,0
q_013,4,4,s200_x253091.241_y3363931.380,0.7761948704719543,200.0,253091.240806092,3363931.379625299,11,4,0.36363636363636365,0.0,0,-1.0,0.8348599242898804,0.3386363636363637,0.5371257878977704,0,0
q_013,5,5,s200_x254461.063_y3364816.491,0.7735881805419922,200.0,254461.06292971745,3364816.490741796,18,4,0.2222222222222222,0.0,0,-1.0,0.7693209167937993,0.3138888888888889,0.49606170005085304,0,0
q_013,6,7,s200_x254297.293_y3364057.454,0.7703068852424622,200.0,254297.29280875245,3364057.454095203,10,4,0.4,0.0,0,-1.0,0.6868205646188568,0.34500000000000003,0.4817282258475427,0,0
q_013,7,6,s200_x253783.067_y3364528.442,0.772169828414917,200.0,253783.06710738334,3364528.4419510043,20,4,0.2,0.0,0,-1.0,0.733659831975087,0.31,0.4794639327900348,0,0
q_013,8,8,s300_x254725.317_y3364170.530,0.7696821093559265,300.0,254725.31714087684,3364170.5298480103,21,5,0.23809523809523808,0.9962239265441895,0,-1.0,0.6711120635653292,0.32714369053192194,0.46473103974528485,0,1
q_013,9,9,s200_x254839.058_y3364504.565,0.7680339217185974,200.0,254839.0576404855,3364504.5652137767,12,4,0.3333333333333333,0.0,0,-1.0,0.6296723124556035,0.33333333333333337,0.4518689249822414,0,1
q_013,10,10,s200_x254675.317_y3364345.530,0.7656741142272949,200.0,254675.31714087684,3364345.5298480103,23,4,0.17391304347826086,0.0,0,-1.0,0.5703405756486762,0.30543478260869567,0.41139709982468786,0,1
q_013,11,14,s300_x254964.058_y3364554.565,0.7613454461097717,300.0,254964.0576404855,3364554.5652137767,7,4,0.5714285714285714,0.0,0,-1.0,0.4615065294732961,0.375,0.40960261178931845,0,1
q_013,12,11,s300_x253696.869_y3365412.480,0.7645871639251709,300.0,253696.86911584332,3365412.480292981,16,4,0.25,0.0,0,-1.0,0.5430118001084998,0.31875000000000003,0.40845472004339994,0,0
q_013,13,12,s200_x254989.058_y3364654.565,0.762441873550415,200.0,254989.0576404855,3364654.5652137767,10,4,0.4,0.0,0,-1.0,0.48907358508097026,0.34500000000000003,0.40262943403238816,0,1
q_013,14,13,s300_x253683.067_y3364578.442,0.7623045444488525,300.0,253683.06710738334,3364578.4419510043,15,4,0.26666666666666666,0.0,0,-1.0,0.4856207720274187,0.32166666666666666,0.3872483088109675,0,0
q_013,15,15,s200_x254311.063_y3364966.491,0.760982096195221,200.0,254311.06292971745,3364966.490741796,12,4,0.3333333333333333,0.0,0,-1.0,0.45237096160244095,0.33333333333333337,0.3809483846409764,0,0
q_013,16,17,s300_x254449.835_y3365400.528,0.7594072818756104,300.0,254449.83531152448,3365400.5278006354,11,4,0.36363636363636365,0.0,0,-1.0,0.4127760077448515,0.3386363636363637,0.3682922212797588,0,0
q_013,17,16,s200_x254839.058_y3364954.565,0.7598789930343628,200.0,254839.0576404855,3364954.5652137767,17,4,0.23529411764705882,0.0,0,-1.0,0.4246360609157747,0.3161764705882353,0.3595603067192511,0,0
q_013,18,18,s500_x255394.480_y3366235.735,0.7591779232025146,500.0,255394.479752744,3366235.7347813593,24,4,0.16666666666666666,0.0,0,-1.0,0.4070093303880518,0.3041666666666667,0.34530373215522076,0,0
q_013,19,21,s500_x255394.480_y3365860.735,0.7565101385116577,500.0,255394.479752744,3365860.7347813593,11,4,0.36363636363636365,0.0,0,-1.0,0.3399342406958377,0.3386363636363637,0.3391555144601533,0,0
q_013,20,25,s200_x254311.063_y3364816.491,0.7559839487075806,200.0,254311.06292971745,3364816.490741796,20,5,0.25,0.5460556149482727,0,-1.0,0.3267044517909969,0.3470864538204688,0.33893365300868006,0,0
q_013,21,24,s500_x254852.800_y3365638.601,0.7561789155006409,500.0,254852.80039608278,3365638.6009922293,23,5,0.21739130434782608,0.5117071270942688,0,-1.0,0.33160642726763195,0.34274263220281365,0.3382881502287409,0,0
q_013,22,20,s300_x255267.051_y3364542.665,0.7566055059432983,300.0,255267.05124207112,3364542.665366566,14,4,0.2857142857142857,0.0,0,-1.0,0.3423320275385819,0.325,0.33193281101543276,0,0
q_013,23,19,s300_x254422.293_y3363957.454,0.7572500705718994,300.0,254422.29280875245,3363957.454095203,18,4,0.2222222222222222,0.0,0,-1.0,0.3585380693619789,0.3138888888888889,0.3317485610781249,0,0
q_013,24,23,s300_x254991.545_y3365997.637,0.7563104033470154,300.0,254991.5454075462,3365997.637183411,14,4,0.2857142857142857,0.0,0,-1.0,0.33491237587706546,0.325,0.3289649503508262,0,0
q_013,25,22,s500_x254297.293_y3364057.454,0.7563342452049255,500.0,254297.29280875245,3364057.454095203,16,4,0.25,0.0,0,-1.0,0.33551182258775153,0.31875000000000003,0.32545472903510064,0,0
q_013,26,26,s200_x254161.063_y3364666.491,0.7546960711479187,200.0,254161.06292971745,3364666.490741796,13,4,0.3076923076923077,0.0,0,-1.0,0.29432383909651394,0.32884615384615384,0.31503722794629785,0,0
q_013,27,28,s200_x255016.545_y3366022.637,0.7542867660522461,200.0,255016.5454075462,3366022.637183411,13,4,0.3076923076923077,0.0,0,-1.0,0.2840328376908114,0.32884615384615384,0.31092082738401683,0,0
q_013,28,32,s500_x253796.869_y3365287.480,0.752986490726471,500.0,253796.86911584332,3365287.480292981,11,4,0.36363636363636365,0.0,0,-1.0,0.25134051270677166,0.3386363636363637,0.3037180232645269,0,0
q_013,29,27,s200_x254989.058_y3364804.565,0.75468909740448,200.0,254989.0576404855,3364804.5652137767,20,4,0.2,0.0,0,-1.0,0.29414850093363826,0.31,0.3036594003734553,0,0
q_013,30,29,s300_x254211.063_y3364791.491,0.7539809942245483,300.0,254211.06292971745,3364791.490741796,18,4,0.2222222222222222,0.0,0,-1.0,0.27634493362626295,0.3138888888888889,0.2988713067838385,0,0
q_013,31,31,s200_x254675.317_y3364045.530,0.753217339515686,200.0,254675.31714087684,3364045.5298480103,16,4,0.25,0.0,0,-1.0,0.2571446554829892,0.31875000000000003,0.2941078621931957,0,0
q_013,32,30,s200_x254147.293_y3364207.454,0.7535428404808044,200.0,254147.29280875245,3364207.454095203,21,4,0.19047619047619047,0.0,0,-1.0,0.26532860170063033,0.30833333333333335,0.29113144068025215,0,0
q_013,33,33,s300_x254449.835_y3365175.528,0.7526470422744751,300.0,254449.83531152448,3365175.5278006354,16,4,0.25,0.0,0,-1.0,0.2428058901633792,0.31875000000000003,0.2883723560653517,0,0
q_013,34,35,s200_x254716.545_y3365722.637,0.7517455816268921,200.0,254716.5454075462,3365722.637183411,15,4,0.26666666666666666,0.0,0,-1.0,0.22014081003234015,0.32166666666666666,0.281056324012936,0,0
q_013,35,34,s200_x255544.480_y3366010.735,0.7525531053543091,200.0,255544.479752744,3366010.7347813593,26,4,0.15384615384615385,0.0,0,-1.0,0.2404440701232762,0.30192307692307696,0.2773314742031566,0,0
q_013,36,37,s500_x254839.058_y3365029.565,0.7487337589263916,500.0,254839.0576404855,3365029.5652137767,8,4,0.5,0.0,0,-1.0,0.14441570430492656,0.3625,0.27526628172197065,0,0
q_013,37,36,s200_x254624.835_y3365125.528,0.7493981719017029,200.0,254624.83531152448,3365125.5278006354,10,4,0.4,0.0,0,-1.0,0.1611207855149697,0.34500000000000003,0.2714483142059879,0,0
q_013,38,45,s200_x254474.835_y3365275.528,0.7459992170333862,200.0,254474.83531152448,3365275.5278006354,7,4,0.5714285714285714,0.0,0,-1.0,0.07566216382279156,0.375,0.2552648655291166,0,0
q_013,39,42,s200_x254675.317_y3364195.530,0.7472713589668274,200.0,254675.31714087684,3364195.5298480103,10,4,0.4,0.0,0,-1.0,0.10764714168822177,0.34500000000000003,0.2500588566752887,0,0
q_013,40,41,s300_x254977.800_y3365388.601,0.7473170161247253,300.0,254977.80039608278,3365388.6009922293,11,4,0.36363636363636365,0.0,0,-1.0,0.10879508213918553,0.3386363636363637,0.24669985103749242,0,0
q_013,41,38,s300_x253141.241_y3363981.380,0.7483221292495728,300.0,253141.240806092,3363981.379625299,16,4,0.25,0.0,0,-1.0,0.13406625684493212,0.31875000000000003,0.24487650273797285,0,0
q_013,42,40,s700_x254952.800_y3365363.601,0.7480708956718445,700.0,254952.80039608278,3365363.6009922293,17,4,0.23529411764705882,0.0,0,-1.0,0.127749587131078,0.3161764705882353,0.24080571720537236,0,0
q_013,43,39,s500_x254311.063_y3364666.491,0.7480722069740295,500.0,254311.06292971745,3364666.490741796,19,4,0.21052631578947367,0.0,0,-1.0,0.12778255670016575,0.3118421052631579,0.23821828583796106,0,0
q_013,44,46,s500_x254699.835_y3365275.528,0.7454487085342407,500.0,254699.83531152448,3365275.5278006354,10,4,0.4,0.0,0,-1.0,0.061820939273050976,0.34500000000000003,0.23172837570922042,0,0
q_013,45,44,s300_x254977.800_y3365613.601,0.7468295693397522,300.0,254977.80039608278,3365613.6009922293,21,5,0.23809523809523808,1.45524001121521,0,-1.0,0.0965393941392095,0.3089332447912253,0.22397570453041898,0,0
q_013,46,43,s700_x255494.480_y3365960.735,0.7469802498817444,700.0,255494.479752744,3365960.7347813593,19,5,0.2631578947368421,1.8904647827148438,0,-1.0,0.10032789735074527,0.29605263157894735,0.2177627378876665,0,0
q_013,47,48,s300_x254197.293_y3364182.454,0.7432818412780762,300.0,254197.29280875245,3364182.454095203,10,4,0.4,0.0,0,-1.0,0.007340224972350521,0.34500000000000003,0.20993608998894023,0,0
q_013,48,47,s300_x255519.480_y3365985.735,0.7432994842529297,300.0,255519.479752744,3365985.7347813593,18,4,0.2222222222222222,0.0,0,-1.0,0.0077838155382581875,0.3138888888888889,0.1914468595486366,0,0
q_013,49,49,s200_x253646.869_y3365437.480,0.7432392835617065,200.0,253646.86911584332,3365437.480292981,18,4,0.2222222222222222,0.0,0,-1.0,0.006270212593775945,0.3138888888888889,0.1908414183708437,0,0
q_013,50,50,s500_x254839.058_y3364654.565,0.7429898977279663,500.0,254839.0576404855,3364654.5652137767,3,0,0.0,,0,-1.0,0.0,0.0,0.0,0,1
q_014,1,1,s500_x253783.067_y3364678.442,0.7479562759399414,500.0,253783.06710738334,3364678.4419510043,14,4,0.2857142857142857,0.0,0,-1.0,1.0,0.2361111111111111,0.5416666666666667,0,0
q_014,2,3,s300_x253683.067_y3364578.442,0.7309508919715881,300.0,253683.06710738334,3364578.4419510043,11,4,0.36363636363636365,0.0,0,-1.0,0.7696687721609734,0.24974747474747472,0.4577159937128742,0,0
q_014,3,2,s700_x253883.067_y3364778.442,0.7316728830337524,700.0,253883.06710738334,3364778.4419510043,24,4,0.16666666666666666,0.0,0,-1.0,0.77944785672305,0.2152777777777778,0.4409458093558867,0,0
q_014,4,4,s700_x254952.800_y3365363.601,0.72284334897995,700.0,254952.80039608278,3365363.6009922293,13,4,0.3076923076923077,0.0,0,-1.0,0.6598552957056958,0.23995726495726494,0.40791647725663727,0,0
q_014,5,5,s200_x253810.673_y3365746.519,0.7099733352661133,200.0,253810.6733898759,3365746.519046808,14,4,0.2857142857142857,0.0,0,-1.0,0.4855360291410746,0.2361111111111111,0.3358810783230965,0,0
q_014,6,10,s300_x255253.340_y3364158.631,0.7017529010772705,300.0,255253.3403633765,3364158.6312788753,55,9,0.16363636363636364,2.163611888885498,0,-1.0,0.374193485884792,0.31018039038418055,0.3357856285844251,0,1
q_014,7,6,s300_x254449.835_y3365625.528,0.7075850367546082,300.0,254449.83531152448,3365625.5278006354,28,5,0.17857142857142858,0.5586523413658142,0,-1.0,0.4531874664961604,0.23391840090378752,0.3216260271407367,0,0
q_014,8,7,s300_x254725.317_y3364170.530,0.7073183655738831,300.0,254725.31714087684,3364170.5298480103,15,4,0.26666666666666666,0.0,0,-1.0,0.44957551038861227,0.23277777777777775,0.31949687082211153,0,1
q_014,9,9,s300_x253908.067_y3364803.442,0.7025893926620483,300.0,253908.06710738334,3364803.4419510043,12,4,0.3333333333333333,0.0,0,-1.0,0.3855234349266629,0.2444444444444444,0.3008760406373318,0,0
q_014,10,8,s200_x255203.340_y3364183.631,0.7030133008956909,200.0,255203.3403633765,3364183.6312788753,17,4,0.23529411764705882,0.0,0,-1.0,0.3912651049840796,0.22728758169934637,0.29287859101323965,0,1
q_014,11,11,s300_x255767.683_y3363537.726,0.7016010284423828,300.0,255767.68346681632,3363537.725988563,18,4,0.2222222222222222,0.0,0,-1.0,0.37213643086422143,0.22499999999999998,0.28385457234568856,0,0
q_014,12,14,s300_x254449.835_y3365400.528,0.6966174840927124,300.0,254449.83531152448,3365400.5278006354,21,5,0.23809523809523808,0.013687210157513618,0,-1.0,0.30463628554636285,0.2552806490246951,0.27502290363336224,0,0
q_014,13,12,s200_x254311.063_y3364816.491,0.698487401008606,200.0,254311.06292971745,3364816.490741796,28,5,0.17857142857142858,0.9844897985458374,0,-1.0,0.3299635736567786,0.22536548933769096,0.267204723065326,0,0
q_014,14,13,s200_x255717.683_y3363412.726,0.6974049806594849,200.0,255717.68346681632,3363412.725988563,17,4,0.23529411764705882,0.0,0,-1.0,0.3153026163673119,0.22728758169934637,0.2624935955665326,0,0
q_014,15,15,s500_x254825.317_y3364045.530,0.6952329277992249,500.0,254825.31714087684,3364045.5298480103,13,4,0.3076923076923077,0.0,0,-1.0,0.28588301589454446,0.23995726495726494,0.2583275653321767,0,1
q_014,16,18,s200_x255717.683_y3363562.726,0.6920578479766846,200.0,255717.68346681632,3363562.725988563,9,4,0.4444444444444444,0.0,0,-1.0,0.24287781028592095,0.2638888888888889,0.2554844574477017,0,0
q_014,17,16,s200_x255544.480_y3366010.735,0.693006157875061,200.0,255544.479752744,3366010.7347813593,13,4,0.3076923076923077,0.0,0,-1.0,0.25572229434293725,0.23995726495726494,0.24626327671153386,0,0
q_014,18,17,s500_x253268.902_y3365299.458,0.6928316354751587,500.0,253268.9018066581,3365299.4584696507,13,4,0.3076923076923077,0.0,0,-1.0,0.25335845717644173,0.23995726495726494,0.24531774184493566,0,0
q_014,19,21,s500_x253796.869_y3365287.480,0.690455436706543,500.0,253796.86911584332,3365287.480292981,12,4,0.3333333333333333,0.0,0,-1.0,0.22117378078316638,0.2444444444444444,0.2351361789799332,0,0
q_014,20,19,s200_x253783.067_y3364528.442,0.6911773681640625,200.0,253783.06710738334,3364528.4419510043,18,4,0.2222222222222222,0.0,0,-1.0,0.2309520580238063,0.22499999999999998,0.22738082320952252,0,0
q_014,21,25,s200_x254474.835_y3365425.528,0.6887125968933105,200.0,254474.83531152448,3365425.5278006354,12,4,0.3333333333333333,0.0,0,-1.0,0.19756770197567702,0.2444444444444444,0.22569374745693746,0,0
q_014,22,28,s500_x254158.067_y3364678.442,0.6864238977432251,500.0,254158.06710738334,3364678.4419510043,9,4,0.4444444444444444,0.0,0,-1.0,0.16656817345139602,0.2638888888888889,0.22496060271389173,0,0
q_014,23,22,s200_x253633.067_y3364528.442,0.6898596286773682,200.0,253633.06710738334,3364528.4419510043,15,4,0.26666666666666666,0.0,0,-1.0,0.21310379570246654,0.23277777777777775,0.22490818494765324,0,0
q_014,24,20,s500_x254852.800_y3365263.601,0.6909561157226562,500.0,254852.80039608278,3365263.6009922293,21,4,0.19047619047619047,0.0,0,-1.0,0.22795528085098138,0.21944444444444444,0.2228487790070592,0,0
q_014,25,26,s200_x254839.058_y3364954.565,0.6876657605171204,200.0,254839.0576404855,3364954.5652137767,12,4,0.3333333333333333,0.0,0,-1.0,0.18338871558388717,0.2444444444444444,0.2200221529002215,0,0
q_014,26,29,s200_x254174.835_y3365575.528,0.6861250996589661,200.0,254174.83531152448,3365575.5278006354,10,4,0.4,0.0,0,-1.0,0.16252107108949643,0.2561111111111111,0.21867509510246524,0,0
q_014,27,24,s500_x255394.480_y3366235.735,0.6887256503105164,500.0,255394.479752744,3366235.7347813593,22,4,0.18181818181818182,0.0,0,-1.0,0.1977445053703022,0.21792929292929292,0.20985537790569664,0,0
q_014,28,27,s700_x255494.480_y3365960.735,0.6868798136711121,700.0,255494.479752744,3365960.7347813593,15,4,0.26666666666666666,0.0,0,-1.0,0.1727433751202909,0.23277777777777775,0.208764016714783,0,0
q_014,29,23,s200_x253905.470_y3363310.367,0.6888778805732727,200.0,253905.4698876719,3363310.3665024354,25,4,0.16,0.0,0,-1.0,0.19980640431949262,0.21411111111111109,0.2083892283944637,0,0
q_014,30,31,s200_x255867.683_y3363562.726,0.6843874454498291,200.0,255867.68346681632,3363562.725988563,16,4,0.25,0.0,0,-1.0,0.13898522924699516,0.22986111111111113,0.19351075836546472,0,0
q_014,31,34,s200_x254461.063_y3364816.491,0.6809185147285461,200.0,254461.06292971745,3364816.490741796,21,5,0.23809523809523808,0.20220227539539337,0,-1.0,0.09199992895571357,0.2514943388852964,0.18769657491346325,0,0
q_014,32,32,s200_x254825.317_y3364045.530,0.6837343573570251,200.0,254825.31714087684,3364045.5298480103,20,4,0.2,0.0,0,-1.0,0.1301394082656798,0.2211111111111111,0.18472242997293858,0,0
q_014,33,36,s200_x253377.414_y3363772.341,0.6802457571029663,200.0,253377.41371175498,3363772.340820132,18,5,0.2777777777777778,0.6933261156082153,0,-1.0,0.0828876919003055,0.24857459993648376,0.18229983672201244,0,0
q_014,34,33,s300_x253908.067_y3365028.442,0.6815122961997986,300.0,253908.06710738334,3365028.4419510043,14,4,0.2857142857142857,0.0,0,-1.0,0.10004246510756751,0.2361111111111111,0.18168365270969367,0,0
q_014,35,30,s700_x253896.869_y3365387.480,0.685647189617157,700.0,253896.86911584332,3365387.480292981,16,5,0.3125,3.734144687652588,0,-1.0,0.15604796781047967,0.1935763888888889,0.1785650204575252,0,0
q_014,36,39,s300_x254752.800_y3365163.601,0.6783197522163391,300.0,254752.80039608278,3365163.6009922293,16,5,0.3125,0.9853946566581726,0,-1.0,0.056800714318007144,0.24878481533424393,0.1719911749277492,0,0
q_014,37,35,s300_x254950.317_y3364170.530,0.6805218458175659,300.0,254950.31714087684,3364170.5298480103,21,4,0.19047619047619047,0.0,0,-1.0,0.08662720479484348,0.21944444444444444,0.16631754858460404,0,1
q_014,38,37,s200_x255530.764_y3365251.700,0.6797501444816589,200.0,255530.76437190094,3365251.6998673794,18,4,0.2222222222222222,0.0,0,-1.0,0.07617481415460528,0.22499999999999998,0.1654699256618421,0,0
q_014,39,38,s500_x254338.610_y3365884.565,0.678459882736206,500.0,254338.6099540508,3365884.565271766,16,4,0.25,0.0,0,-1.0,0.0586987270155587,0.22986111111111113,0.16139615747289016,0,0
q_014,40,40,s300_x255267.051_y3364542.665,0.6781287789344788,300.0,255267.05124207112,3364542.665366566,16,4,0.25,0.0,0,-1.0,0.05421405643499771,0.22986111111111113,0.15960228924066575,0,1
q_014,41,41,s500_x255394.480_y3365860.735,0.6776316165924072,500.0,255394.479752744,3365860.7347813593,15,4,0.26666666666666666,0.0,0,-1.0,0.04748018833194474,0.23277777777777775,0.15865874199944452,0,0
q_014,42,42,s200_x254852.800_y3365263.601,0.6775768995285034,200.0,254852.80039608278,3365263.6009922293,15,4,0.26666666666666666,0.0,0,-1.0,0.046739067253104956,0.23277777777777775,0.15836229356790862,0,0
q_014,43,45,s500_x254852.800_y3365638.601,0.6769846081733704,500.0,254852.80039608278,3365638.6009922293,16,4,0.25,0.0,0,-1.0,0.03871671413716714,0.22986111111111113,0.15340335232153351,0,0
q_014,44,48,s700_x254925.317_y3364145.530,0.6745636463165283,700.0,254925.31714087684,3364145.5298480103,13,4,0.3076923076923077,0.0,0,-1.0,0.005925739344971679,0.23995726495726494,0.14634465471234762,0,1
q_014,45,43,s300_x253696.869_y3365187.480,0.6769983172416687,300.0,253696.86911584332,3365187.480292981,23,4,0.17391304347826086,0.0,0,-1.0,0.038902398067595406,0.21654589371980676,0.1454884954589222,0,0
q_014,46,44,s200_x254675.317_y3364195.530,0.6769876480102539,200.0,254675.31714087684,3364195.5298480103,23,4,0.17391304347826086,0.0,0,-1.0,0.03875788753043602,0.21654589371980676,0.14543069124405847,0,0
q_014,47,46,s300_x254436.063_y3364791.491,0.6764992475509644,300.0,254436.06292971745,3364791.490741796,21,4,0.19047619047619047,0.0,0,-1.0,0.03214269567856982,0.21944444444444444,0.14452374493809458,0,0
q_014,48,49,s700_x255967.683_y3363512.726,0.6742606163024902,700.0,255967.68346681632,3363512.725988563,26,5,0.19230769230769232,0.7733839750289917,0,-1.0,0.0018213171610703145,0.2320093792199221,0.13993415439638138,0,0
q_014,49,47,s200_x255353.340_y3364033.631,0.6754338145256042,200.0,255353.3403633765,3364033.6312788753,22,4,0.18181818181818182,0.0,0,-1.0,0.017711824998546823,0.21792929292929292,0.13784230575699447,0,0
q_014,50,50,s300_x255519.480_y3365985.735,0.674126148223877,300.0,255519.479752744,3365985.7347813593,26,4,0.15384615384615385,0.0,0,-1.0,0.0,0.21303418803418805,0.12782051282051282,0,0
q_015,1,3,s200_x253418.902_y3365449.458,0.796332836151123,200.0,253418.9018066581,3365449.4584696507,4,4,1.0,0.0,0,-1.0,0.913133470162438,0.45,0.6352533880649752,0,0
q_015,2,1,s200_x255717.683_y3363562.726,0.8043776750564575,200.0,255717.68346681632,3363562.725988563,10,4,0.4,0.0,0,-1.0,1.0,0.34500000000000003,0.607,0,0
q_015,3,2,s200_x254852.800_y3365113.601,0.7967144846916199,200.0,254852.80039608278,3365113.6009922293,6,4,0.6666666666666666,0.0,0,-1.0,0.917254433269424,0.39166666666666666,0.6019017733077696,0,1
q_015,4,4,s300_x255767.683_y3363537.726,0.793522298336029,300.0,255767.68346681632,3363537.725988563,8,4,0.5,0.0,0,-1.0,0.882785856015364,0.3625,0.5706143424061456,0,0
q_015,5,5,s300_x254752.800_y3365163.601,0.7856664657592773,300.0,254752.80039608278,3365163.6009922293,10,4,0.4,0.0,0,-1.0,0.7979601779679397,0.34500000000000003,0.5261840711871759,0,1
q_015,6,6,s200_x255203.340_y3364183.631,0.7813760042190552,200.0,255203.3403633765,3364183.6312788753,12,4,0.3333333333333333,0.0,0,-1.0,0.7516326492521703,0.33333333333333337,0.5006530597008682,0,0
q_015,7,8,s300_x253393.902_y3365424.458,0.7778893709182739,300.0,253393.9018066581,3365424.4584696507,13,4,0.3076923076923077,0.0,0,-1.0,0.7139846939333734,0.32884615384615384,0.48290156988104166,0,0
q_015,8,7,s200_x255717.683_y3363412.726,0.7788728475570679,200.0,255717.68346681632,3363412.725988563,15,4,0.26666666666666666,0.0,0,-1.0,0.7246040741091144,0.32166666666666666,0.48284162964364574,0,0
q_015,9,9,s200_x255544.480_y3366010.735,0.77474045753479,200.0,255544.479752744,3366010.7347813593,11,4,0.36363636363636365,0.0,0,-1.0,0.679983369407046,0.3386363636363637,0.4751751659446366,0,0
q_015,10,10,s300_x253908.067_y3364578.442,0.7679774165153503,300.0,253908.06710738334,3364578.4419510043,14,4,0.2857142857142857,0.0,0,-1.0,0.6069574317318664,0.325,0.4377829726927466,0,0
q_015,11,12,s700_x253883.067_y3364778.442,0.7597860097885132,700.0,253883.06710738334,3364778.4419510043,8,4,0.5,0.0,0,-1.0,0.5185082924487197,0.3625,0.4249033169794879,0,0
q_015,12,11,s500_x253783.067_y3364678.442,0.765227198600769,500.0,253783.06710738334,3364678.4419510043,16,4,0.25,0.0,0,-1.0,0.5772611395689047,0.31875000000000003,0.4221544558275619,0,0
q_015,13,13,s300_x255253.340_y3364158.631,0.75851970911026,300.0,255253.3403633765,3364158.6312788753,11,4,0.36363636363636365,0.0,0,-1.0,0.5048350359739548,0.3386363636363637,0.40511583257140016,0,0
q_015,14,14,s500_x254158.067_y3364678.442,0.753124475479126,500.0,254158.06710738334,3364678.4419510043,13,4,0.3076923076923077,0.0,0,-1.0,0.4465784035274363,0.32884615384615384,0.3759390537186668,0,0
q_015,15,16,s200_x254702.800_y3365113.601,0.7484048008918762,200.0,254702.80039608278,3365113.6009922293,8,4,0.5,0.0,0,-1.0,0.3956163198634541,0.3625,0.37574652794538166,0,1
q_015,16,15,s300_x254449.835_y3365400.528,0.7501132488250732,300.0,254449.83531152448,3365400.5278006354,11,4,0.36363636363636365,0.0,0,-1.0,0.41406379222571266,0.3386363636363637,0.3688073350721033,0,0
q_015,17,18,s300_x255519.480_y3365985.735,0.7461271286010742,300.0,255519.479752744,3365985.7347813593,8,4,0.5,0.0,0,-1.0,0.37102247897523627,0.3625,0.3659089915900945,0,0
q_015,18,23,s700_x254952.800_y3365363.601,0.7334725856781006,700.0,254952.80039608278,3365363.6009922293,4,4,1.0,0.0,0,-1.0,0.23438130525697934,0.45,0.36375252210279174,0,1
q_015,19,17,s300_x255294.480_y3365760.735,0.7463728785514832,300.0,255294.479752744,3365760.7347813593,12,4,0.3333333333333333,0.0,0,-1.0,0.37367603682157446,0.33333333333333337,0.34947041472862983,0,0
q_015,20,19,s200_x254147.293_y3364207.454,0.7455779314041138,200.0,254147.29280875245,3364207.454095203,13,4,0.3076923076923077,0.0,0,-1.0,0.365092359645583,0.32884615384615384,0.3433446361659255,0,0
q_015,21,27,s300_x253669.267_y3363969.404,0.7259243726730347,300.0,253669.2673646185,3363969.404020838,4,4,1.0,0.0,0,-1.0,0.15287724060876723,0.45,0.3311508962435069,0,0
q_015,22,22,s200_x253810.673_y3365746.519,0.7335941195487976,200.0,253810.6733898759,3365746.519046808,6,4,0.6666666666666666,0.0,0,-1.0,0.23569360320718152,0.39166666666666666,0.3292774412828726,0,0
q_015,23,20,s700_x253368.902_y3365399.458,0.7359955310821533,700.0,253368.9018066581,3365399.4584696507,8,4,0.5,0.0,0,-1.0,0.26162355520114716,0.3625,0.3221494220804589,0,0
q_015,24,24,s200_x253377.414_y3363772.341,0.7327929735183716,200.0,253377.41371175498,3363772.340820132,7,4,0.5714285714285714,0.0,0,-1.0,0.22704299175614298,0.375,0.31581719670245717,0,0
q_015,25,28,s500_x255394.480_y3366235.735,0.7259118556976318,500.0,255394.479752744,3366235.7347813593,6,4,0.6666666666666666,0.0,0,-1.0,0.152742084861076,0.39166666666666666,0.29609683394443037,0,0
q_015,26,30,s300_x254197.293_y3364182.454,0.7248177528381348,300.0,254197.29280875245,3364182.454095203,7,4,0.5714285714285714,0.0,0,-1.0,0.14092818531526366,0.375,0.28137127412610546,0,0
q_015,27,26,s500_x253643.902_y3365299.458,0.7312347292900085,500.0,253643.9018066581,3365299.4584696507,15,4,0.26666666666666666,0.0,0,-1.0,0.2102173883661794,0.32166666666666666,0.27708695534647176,0,0
q_015,28,25,s200_x255867.683_y3363412.726,0.7322123646736145,200.0,255867.68346681632,3363412.725988563,20,4,0.2,0.0,0,-1.0,0.22077369585966458,0.31,0.2743094783438658,0,0
q_015,29,32,s200_x253418.902_y3365599.458,0.7237571477890015,200.0,253418.9018066581,3365599.4584696507,9,4,0.4444444444444444,0.0,0,-1.0,0.12947598829422505,0.3527777777777778,0.2634570619843567,0,0
q_015,30,31,s200_x253933.067_y3364528.442,0.7246809601783752,200.0,253933.06710738334,3364528.4419510043,10,4,0.4,0.0,0,-1.0,0.13945112607263785,0.34500000000000003,0.2627804504290552,0,0
q_015,31,39,s500_x253643.902_y3365674.458,0.7195707559585571,500.0,253643.9018066581,3365674.4584696507,7,4,0.5714285714285714,0.0,0,-1.0,0.08427218308068862,0.375,0.2587088732322754,0,0
q_015,32,29,s500_x253796.869_y3365287.480,0.7248278260231018,500.0,253796.86911584332,3365287.480292981,15,4,0.26666666666666666,0.0,0,-1.0,0.14103695351221518,0.32166666666666666,0.24941478140488604,0,0
q_015,33,36,s500_x253268.902_y3365299.458,0.719951868057251,500.0,253268.9018066581,3365299.4584696507,10,4,0.4,0.0,0,-1.0,0.08838735379848793,0.34500000000000003,0.24235494151939518,0,0
q_015,34,33,s200_x254324.835_y3365275.528,0.721454381942749,200.0,254324.83531152448,3365275.5278006354,12,4,0.3333333333333333,0.0,0,-1.0,0.1046111923118262,0.33333333333333337,0.2418444769247305,0,0
q_015,35,43,s200_x255867.683_y3363562.726,0.7148202061653137,200.0,255867.68346681632,3363562.725988563,7,4,0.5714285714285714,0.0,0,-1.0,0.03297671523906799,0.375,0.23819068609562719,0,0
q_015,36,41,s500_x255394.480_y3365860.735,0.7177336812019348,500.0,255394.479752744,3365860.7347813593,9,4,0.4444444444444444,0.0,0,-1.0,0.0644358245112028,0.3527777777777778,0.2374409964711478,0,0
q_015,37,35,s500_x254338.610_y3365884.565,0.7201802730560303,500.0,254338.6099540508,3365884.565271766,12,4,0.3333333333333333,0.0,0,-1.0,0.09085362439445398,0.33333333333333337,0.2363414497577816,0,0
q_015,38,37,s200_x253933.067_y3364978.442,0.7198207974433899,200.0,253933.06710738334,3364978.4419510043,13,4,0.3076923076923077,0.0,0,-1.0,0.08697208004052098,0.32884615384615384,0.23209652432390068,0,0
q_015,39,34,s200_x255758.727_y3365089.824,0.7203036546707153,200.0,255758.72724136055,3365089.8244257006,14,4,0.2857142857142857,0.0,0,-1.0,0.09218587390741059,0.325,0.23187434956296424,0,0
q_015,40,40,s300_x254224.835_y3365625.528,0.7191066145896912,300.0,254224.83531152448,3365625.5278006354,13,4,0.3076923076923077,0.0,0,-1.0,0.07926047923653737,0.32884615384615384,0.22901188400230724,0,0
q_015,41,42,s200_x255244.480_y3365710.735,0.7167061567306519,200.0,255244.479752744,3365710.7347813593,11,4,0.36363636363636365,0.0,0,-1.0,0.05334082482334822,0.3386363636363637,0.2245181481111575,0,0
q_015,42,38,s700_x253896.869_y3365387.480,0.7197807431221008,700.0,253896.86911584332,3365387.480292981,19,4,0.21052631578947367,0.0,0,-1.0,0.08653958164790898,0.3118421052631579,0.22172109581705834,0,0
q_015,43,45,s200_x254852.800_y3365263.601,0.7139412760734558,200.0,254852.80039608278,3365263.6009922293,10,4,0.4,0.0,0,-1.0,0.023486207355948106,0.34500000000000003,0.21639448294237926,0,1
q_015,44,47,s700_x254438.610_y3365984.565,0.7139118909835815,700.0,254438.6099540508,3365984.565271766,10,4,0.4,0.0,0,-1.0,0.023168913148272935,0.34500000000000003,0.21626756525930918,0,0
q_015,45,48,s200_x255002.800_y3365263.601,0.7129198312759399,200.0,255002.80039608278,3365263.6009922293,17,4,0.23529411764705882,0.0,0,-1.0,0.01245685474554356,0.3161764705882353,0.1946886242511586,0,1
q_015,46,50,s500_x254324.835_y3365275.528,0.7117661833763123,500.0,254324.83531152448,3365275.5278006354,16,4,0.25,0.0,0,-1.0,0.0,0.31875000000000003,0.19125,0,0
q_015,47,46,s200_x254174.835_y3365575.528,0.7139337062835693,200.0,254174.83531152448,3365575.5278006354,18,5,0.2777777777777778,1.009354829788208,0,-1.0,0.023404470308534826,0.2986111111111111,0.1885284547900806,0,0
q_015,48,21,s200_x255694.480_y3366010.735,0.7346360087394714,200.0,255694.479752744,3366010.7347813593,2,0,0.0,,0,-1.0,0.24694371020548178,0.0,0.09877748408219272,0,0
q_015,49,44,s700_x255494.480_y3365960.735,0.7139890789985657,700.0,255494.479752744,3365960.7347813593,2,0,0.0,,0,-1.0,0.024002373592368977,0.0,0.009600949436947592,0,0
q_015,50,49,s300_x254133.067_y3364578.442,0.7125003933906555,300.0,254133.06710738334,3364578.4419510043,2,0,0.0,,0,-1.0,0.00792785000028962,0.0,0.0031711400001158477,0,0
q_016,1,1,s700_x255453.340_y3364133.631,0.8793802261352539,700.0,255453.3403633765,3364133.6312788753,11,4,0.36363636363636365,0.0,0,-1.0,1.0,0.3386363636363637,0.6031818181818183,0,1
q_016,2,2,s500_x254852.800_y3365263.601,0.8766823410987854,500.0,254852.80039608278,3365263.6009922293,13,4,0.3076923076923077,0.0,0,-1.0,0.953794122871312,0.32884615384615384,0.5788253414562171,0,0
q_016,3,4,s700_x254952.800_y3365363.601,0.8709109425544739,700.0,254952.80039608278,3365363.6009922293,8,4,0.5,0.0,0,-1.0,0.8549490911540903,0.3625,0.5594796364616361,0,0
q_016,4,3,s500_x254797.843_y3363202.460,0.8711024522781372,500.0,254797.8429101142,3363202.4603543547,9,4,0.4444444444444444,0.0,0,-1.0,0.8582290214109111,0.3527777777777778,0.5549582752310311,0,0
q_016,5,7,s500_x254699.835_y3365275.528,0.8559275269508362,500.0,254699.83531152448,3365275.5278006354,16,5,0.3125,0.359388530254364,0,-1.0,0.5983325745155647,0.3568649952443802,0.45345202695285397,0,0
q_016,6,6,s500_x255867.683_y3363412.726,0.8573365211486816,500.0,255867.68346681632,3363412.725988563,14,4,0.2857142857142857,0.0,0,-1.0,0.6224640003919991,0.325,0.44398560015679966,0,0
q_016,7,9,s300_x255253.340_y3364158.631,0.8530592918395996,300.0,255253.3403633765,3364158.6312788753,9,4,0.4444444444444444,0.0,0,-1.0,0.5492091621631002,0.3527777777777778,0.43135033153190677,0,1
q_016,8,8,s200_x255353.340_y3364033.631,0.8546315431594849,200.0,255353.3403633765,3364033.6312788753,13,4,0.3076923076923077,0.0,0,-1.0,0.5761366443649104,0.32884615384615384,0.4277623500536565,0,1
q_016,9,11,s500_x255394.480_y3366235.735,0.8509203195571899,500.0,255394.479752744,3366235.7347813593,9,4,0.4444444444444444,0.0,0,-1.0,0.5125756180621768,0.3527777777777778,0.4166969138915374,0,0
q_016,10,10,s500_x253783.067_y3364678.442,0.8525526523590088,500.0,253783.06710738334,3364678.4419510043,16,4,0.25,0.0,0,-1.0,0.5405320979916169,0.31875000000000003,0.40746283919664683,0,0
q_016,11,16,s500_x255353.340_y3364408.631,0.8479099273681641,500.0,255353.3403633765,3364408.6312788753,8,4,0.5,0.0,0,-1.0,0.4610175235863021,0.3625,0.40190700943452085,0,1
q_016,12,12,s700_x255967.683_y3363512.726,0.8505027294158936,700.0,255967.68346681632,3363512.725988563,16,4,0.25,0.0,0,-1.0,0.5054236755227166,0.31875000000000003,0.39341947020908663,0,0
q_016,13,13,s200_x254311.063_y3364966.491,0.850032389163971,200.0,254311.06292971745,3364966.490741796,15,4,0.26666666666666666,0.0,0,-1.0,0.49736829747834305,0.32166666666666666,0.39194731899133717,0,0
q_016,14,14,s300_x254922.843_y3363177.460,0.8496279716491699,300.0,254922.8429101142,3363177.4603543547,14,4,0.2857142857142857,0.0,0,-1.0,0.4904419586073414,0.325,0.3911767834429366,0,0
q_016,15,20,s300_x254674.835_y3365175.528,0.8443129062652588,300.0,254674.83531152448,3365175.5278006354,7,4,0.5714285714285714,0.0,0,-1.0,0.3994124096309287,0.375,0.38476496385237147,0,0
q_016,16,15,s500_x253741.675_y3363226.329,0.8493974208831787,500.0,253741.6746766661,3363226.329395751,18,4,0.2222222222222222,0.0,0,-1.0,0.486493383993777,0.3138888888888889,0.38293068693084414,0,0
q_016,17,17,s200_x255353.340_y3364183.631,0.8464337587356567,200.0,255353.3403633765,3364183.6312788753,22,5,0.22727272727272727,0.667554497718811,0,-1.0,0.4357356210838368,0.32238054049915416,0.3677225727330272,0,1
q_016,18,18,s200_x255867.683_y3363412.726,0.8458564281463623,200.0,255867.68346681632,3363412.725988563,20,5,0.25,0.9752795100212097,0,-1.0,0.42584785125266184,0.3068161334969042,0.3544288205992072,0,0
q_016,19,21,s300_x253894.267_y3364419.404,0.844165027141571,300.0,253894.2673646185,3364419.404020838,14,4,0.2857142857142857,0.0,0,-1.0,0.3968797277239346,0.325,0.35375189108957383,0,0
q_016,20,25,s500_x255881.362_y3364021.758,0.8403818011283875,500.0,255881.36247863463,3364021.758387413,14,5,0.35714285714285715,0.4034401476383209,0,-1.0,0.3320855374777714,0.36188005413927166,0.34996224747467153,0,0
q_016,21,19,s200_x253810.673_y3365746.519,0.8450242280960083,200.0,253810.6733898759,3365746.519046808,18,5,0.2777777777777778,1.1810333728790283,0,-1.0,0.41159500772769125,0.2986111111111111,0.34380466975774315,0,0
q_016,22,22,s200_x253919.267_y3364369.404,0.8439633846282959,200.0,253919.2673646185,3364369.404020838,22,4,0.18181818181818182,0.0,0,-1.0,0.39342625618368426,0.3068181818181818,0.3414614115643828,0,0
q_016,23,24,s300_x255767.683_y3363312.726,0.8416531682014465,300.0,255767.68346681632,3363312.725988563,17,4,0.23529411764705882,0.0,0,-1.0,0.3538598643927995,0.3161764705882353,0.331249828110061,0,0
q_016,24,29,s300_x254725.317_y3364170.530,0.8358749151229858,300.0,254725.31714087684,3364170.5298480103,7,4,0.5714285714285714,0.0,0,-1.0,0.25489743710149304,0.375,0.3269589748405972,0,0
q_016,25,30,s500_x253769.267_y3364444.404,0.8350217938423157,500.0,253769.2673646185,3364444.404020838,7,4,0.5714285714285714,0.0,0,-1.0,0.24028628186779422,0.375,0.32111451274711766,0,0
q_016,26,27,s700_x254925.317_y3364145.530,0.837364912033081,700.0,254925.31714087684,3364145.5298480103,11,4,0.36363636363636365,0.0,0,-1.0,0.2804161724142859,0.3386363636363637,0.3153482871475326,0,1
q_016,27,26,s200_x253241.241_y3363931.380,0.838333249092102,200.0,253241.240806092,3363931.379625299,14,4,0.2857142857142857,0.0,0,-1.0,0.29700059412368796,0.325,0.3138002376494752,0,0
q_016,28,28,s200_x255002.800_y3365263.601,0.836607813835144,200.0,255002.80039608278,3365263.6009922293,13,4,0.3076923076923077,0.0,0,-1.0,0.2674495760488529,0.32884615384615384,0.3042875227272335,0,0
q_016,29,5,s500_x255353.340_y3364033.631,0.8651226162910461,500.0,255353.3403633765,3364033.6312788753,3,0,0.0,,0,-1.0,0.7558141434104333,0.0,0.30232565736417333,0,1
q_016,30,31,s300_x254739.058_y3365004.565,0.8338735699653625,300.0,254739.0576404855,3365004.5652137767,12,4,0.3333333333333333,0.0,0,-1.0,0.22062099196197607,0.33333333333333337,0.2882483967847904,0,0
q_016,31,32,s300_x254752.800_y3365163.601,0.8335132598876953,300.0,254752.80039608278,3365163.6009922293,12,4,0.3333333333333333,0.0,0,-1.0,0.21445006808943298,0.33333333333333337,0.2857800272357732,0,0
q_016,32,34,s700_x253883.067_y3364778.442,0.83223557472229,700.0,253883.06710738334,3364778.4419510043,10,4,0.4,0.0,0,-1.0,0.1925675330800311,0.34500000000000003,0.28402701323201246,0,0
q_016,33,35,s200_x254675.317_y3364195.530,0.8321480751037598,200.0,254675.31714087684,3364195.5298480103,10,4,0.4,0.0,0,-1.0,0.191068953056062,0.34500000000000003,0.28342758122242484,0,0
q_016,34,37,s200_x254624.835_y3365275.528,0.8297628164291382,200.0,254624.83531152448,3365275.5278006354,8,4,0.5,0.0,0,-1.0,0.15021733493671868,0.3625,0.2775869339746875,0,0
q_016,35,42,s300_x253894.267_y3364194.404,0.8272643685340881,300.0,253894.2673646185,3364194.404020838,7,4,0.5714285714285714,0.0,0,-1.0,0.1074271585983581,0.375,0.26797086343934323,0,0
q_016,36,33,s700_x254424.835_y3365375.528,0.8324651718139648,700.0,254424.83531152448,3365375.5278006354,18,4,0.2222222222222222,0.0,0,-1.0,0.19649977439633154,0.3138888888888889,0.26693324309186595,0,0
q_016,37,36,s300_x253141.241_y3363981.380,0.8309935927391052,300.0,253141.240806092,3363981.379625299,13,4,0.3076923076923077,0.0,0,-1.0,0.17129647588694907,0.32884615384615384,0.26582628266247194,0,0
q_016,38,45,s700_x255981.362_y3364121.758,0.8265911340713501,700.0,255981.36247863463,3364121.758387413,7,4,0.5714285714285714,0.0,0,-1.0,0.0958968715610753,0.375,0.2633587486244301,0,0
q_016,39,39,s300_x254977.800_y3365388.601,0.8294738531112671,300.0,254977.80039608278,3365388.6009922293,14,4,0.2857142857142857,0.0,0,-1.0,0.14526834586573623,0.325,0.2531073383462945,0,0
q_016,40,38,s300_x253866.675_y3363201.329,0.8296659588813782,300.0,253866.6746766661,3363201.329395751,16,4,0.25,0.0,0,-1.0,0.14855848443334688,0.31875000000000003,0.25067339377333875,0,0
q_016,41,44,s300_x254977.800_y3365163.601,0.8267902731895447,300.0,254977.80039608278,3365163.6009922293,10,4,0.4,0.0,0,-1.0,0.09930746819600773,0.34500000000000003,0.2467229872784031,0,0
q_016,42,40,s500_x254324.835_y3365275.528,0.8289330005645752,500.0,254324.83531152448,3365275.5278006354,18,4,0.2222222222222222,0.0,0,-1.0,0.13600532465490806,0.3138888888888889,0.24273546319529654,0,0
q_016,43,46,s700_x253341.241_y3364181.380,0.8243288993835449,700.0,253341.240806092,3364181.379625299,8,4,0.5,0.0,0,-1.0,0.05715224878878392,0.3625,0.24036089951551357,0,0
q_016,44,41,s700_x255494.480_y3365960.735,0.8279301524162292,700.0,255494.479752744,3365960.7347813593,20,4,0.2,0.0,0,-1.0,0.11882984175076614,0.31,0.23353193670030645,0,0
q_016,45,43,s200_x254624.835_y3365125.528,0.8268296718597412,200.0,254624.83531152448,3365125.5278006354,16,4,0.25,0.0,0,-1.0,0.09998223753922543,0.31875000000000003,0.23124289501569018,0,0
q_016,46,47,s500_x253241.241_y3364081.380,0.8242449164390564,500.0,253241.240806092,3364081.379625299,23,5,0.21739130434782608,0.8807184100151062,0,-1.0,0.055713897798475694,0.3071145923648579,0.206554314538305,0,0
q_016,47,50,s200_x254311.063_y3364816.491,0.8209918737411499,200.0,254311.06292971745,3364816.490741796,14,4,0.2857142857142857,0.0,0,-1.0,0.0,0.325,0.195,0,0
q_016,48,49,s300_x254449.835_y3365175.528,0.8211417198181152,300.0,254449.83531152448,3365175.5278006354,19,5,0.2631578947368421,0.9315248727798462,0,-1.0,0.002566369332601057,0.3118973468403131,0.18816495583722828,0,0
q_016,49,48,s200_x253077.414_y3363322.341,0.8211419582366943,200.0,253077.41371175498,3363322.340820132,22,5,0.22727272727272727,0.9419767260551453,0,-1.0,0.0025704526569170494,0.3049537110819187,0.18400040771191803,0,0
q_016,50,23,s300_x255478.340_y3364158.631,0.84311842918396,300.0,255478.3403633765,3364158.6312788753,3,0,0.0,,0,-1.0,0.3789549548078081,0.0,0.15158198192312325,0,1
q_017,1,1,s200_x254852.800_y3365263.601,0.8252187371253967,200.0,254852.80039608278,3365263.6009922293,18,5,0.2777777777777778,0.5076600313186646,0,-1.0,1.0,0.2813872590001615,0.5688323554000969,0,1
q_017,2,2,s200_x253810.673_y3365746.519,0.8090411424636841,200.0,253810.6733898759,3365746.519046808,17,4,0.23529411764705882,0.0,0,-1.0,0.7923744275121574,0.2590336134453781,0.47236993907208985,0,0
q_017,3,5,s200_x254624.835_y3365275.528,0.789598286151886,200.0,254624.83531152448,3365275.5278006354,6,4,0.6666666666666666,0.0,0,-1.0,0.5428420182171044,0.3345238095238095,0.4178510930011275,0,1
q_017,4,4,s300_x254449.835_y3365400.528,0.7963564395904541,300.0,254449.83531152448,3365400.5278006354,15,4,0.26666666666666666,0.0,0,-1.0,0.6295771297083228,0.2645238095238095,0.41054513759761485,0,0
q_017,5,3,s200_x254474.835_y3365425.528,0.7964609861373901,200.0,254474.83531152448,3365425.5278006354,18,4,0.2222222222222222,0.0,0,-1.0,0.6309188951013324,0.2567460317460317,0.406415177088152,0,0
q_017,6,6,s700_x253883.067_y3364778.442,0.7860814929008484,700.0,253883.06710738334,3364778.4419510043,21,5,0.23809523809523808,1.0799685716629028,0,-1.0,0.49770698873115965,0.25099933663907564,0.34968239747590923,0,0
q_017,7,8,s300_x253908.067_y3365028.442,0.7787157297134399,300.0,253908.06710738334,3365028.4419510043,9,4,0.4444444444444444,0.0,0,-1.0,0.40317372648946287,0.29563492063492064,0.3386504429767375,0,0
q_017,8,11,s200_x254825.317_y3364045.530,0.7772567272186279,200.0,254825.31714087684,3364045.5298480103,15,5,0.3333333333333333,0.34774598479270935,0,-1.0,0.3844486790036665,0.2976600411983663,0.3323754963204864,0,0
q_017,9,24,s300_x255267.051_y3364542.665,0.7650238275527954,300.0,255267.05124207112,3364542.665366566,4,4,1.0,0.0,0,-1.0,0.2274498884284592,0.39285714285714285,0.3266942410856694,0,0
q_017,10,13,s200_x255016.545_y3366022.637,0.7762427926063538,200.0,255016.5454075462,3366022.637183411,10,4,0.4,0.0,0,-1.0,0.3714356966202659,0.28785714285714287,0.32128856436239206,0,0
q_017,11,15,s200_x254702.800_y3365263.601,0.7752515077590942,200.0,254702.80039608278,3365263.6009922293,9,4,0.4444444444444444,0.0,0,-1.0,0.358713404572865,0.29563492063492064,0.32086631421009837,0,1
q_017,12,7,s200_x255353.340_y3364033.631,0.7789903879165649,200.0,255353.3403633765,3364033.6312788753,16,4,0.25,0.0,0,-1.0,0.4066987293007444,0.26160714285714287,0.3196437774345835,0,0
q_017,13,9,s200_x254174.835_y3365575.528,0.7784668803215027,200.0,254174.83531152448,3365575.5278006354,16,4,0.25,0.0,0,-1.0,0.3999799576663074,0.26160714285714287,0.3169562687808087,0,0
q_017,14,12,s200_x253377.414_y3363772.341,0.7772087454795837,200.0,253377.41371175498,3363772.340820132,13,4,0.3076923076923077,0.0,0,-1.0,0.38383287447608805,0.2717032967032967,0.31655512781241324,0,0
q_017,15,10,s200_x253933.067_y3364978.442,0.7780053615570068,200.0,253933.06710738334,3364978.4419510043,15,4,0.26666666666666666,0.0,0,-1.0,0.39405675958302766,0.2645238095238095,0.3163369895474968,0,0
q_017,16,17,s300_x254238.610_y3366009.565,0.7744317650794983,300.0,254238.6099540508,3366009.565271766,11,4,0.36363636363636365,0.0,0,-1.0,0.3481927093333782,0.28149350649350646,0.30817318762945517,0,0
q_017,17,18,s200_x253905.470_y3363310.367,0.7738268971443176,200.0,253905.4698876719,3363310.3665024354,12,4,0.3333333333333333,0.0,0,-1.0,0.34042974741304727,0.27619047619047615,0.30188618467950457,0,0
q_017,18,19,s200_x255203.340_y3364333.631,0.7736239433288574,200.0,255203.3403633765,3364333.6312788753,13,4,0.3076923076923077,0.0,0,-1.0,0.33782500900757556,0.2717032967032967,0.2981519816250082,0,0
q_017,19,14,s200_x255717.683_y3363412.726,0.7756829261779785,200.0,255717.68346681632,3363412.725988563,27,4,0.14814814814814814,0.0,0,-1.0,0.36425029049909236,0.24378306878306877,0.2919699574694782,0,0
q_017,20,16,s500_x253783.067_y3364678.442,0.7747623324394226,500.0,253783.06710738334,3364678.4419510043,22,4,0.18181818181818182,0.0,0,-1.0,0.3524352582898381,0.24967532467532466,0.29077929812113007,0,0
q_017,21,20,s200_x254311.063_y3364816.491,0.7733197808265686,200.0,254311.06292971745,3364816.490741796,19,4,0.21052631578947367,0.0,0,-1.0,0.3339213437849259,0.25469924812030076,0.28638808638615076,0,0
q_017,22,32,s200_x254852.800_y3365113.601,0.7597038745880127,200.0,254852.80039608278,3365113.6009922293,5,4,0.8,0.0,0,-1.0,0.1591728482986583,0.3578571428571428,0.278383425033749,0,1
q_017,23,35,s200_x253391.241_y3364381.380,0.7588422298431396,200.0,253391.240806092,3364381.379625299,5,4,0.8,0.0,0,-1.0,0.14811437593757196,0.3578571428571428,0.27396003608931446,0,0
q_017,24,23,s500_x253643.902_y3365299.458,0.765930712223053,500.0,253643.9018066581,3365299.4584696507,11,4,0.36363636363636365,0.0,0,-1.0,0.2390889764869767,0.28149350649350646,0.26453169449089453,0,0
q_017,25,22,s200_x254624.835_y3365575.528,0.7669182419776917,200.0,254624.83531152448,3365575.5278006354,13,4,0.3076923076923077,0.0,0,-1.0,0.2517630751365671,0.2717032967032967,0.2637272080766049,0,0
q_017,26,21,s300_x255767.683_y3363537.726,0.7670865058898926,300.0,255767.68346681632,3363537.725988563,16,5,0.3125,1.0466523170471191,0,-1.0,0.25392259834321806,0.2653849038952691,0.2607999816744487,0,0
q_017,27,29,s200_x255489.632_y3363424.598,0.7623167634010315,200.0,255489.63173593904,3363424.597604262,8,4,0.5,0.0,0,-1.0,0.19270703845450657,0.3053571428571428,0.26029710109608833,0,0
q_017,28,25,s500_x255325.925_y3363190.564,0.7647388577461243,500.0,255325.9253598808,3363190.5643426827,12,4,0.3333333333333333,0.0,0,-1.0,0.22379254501684093,0.27619047619047615,0.25523130372102204,0,0
q_017,29,27,s700_x254952.800_y3365363.601,0.7640332579612732,700.0,254952.80039608278,3365363.6009922293,60,7,0.11666666666666667,1.8309203386306763,0,-1.0,0.21473677607587935,0.27041666666666664,0.24814471043035172,0,1
q_017,30,26,s200_x253741.675_y3363151.329,0.764324963092804,200.0,253741.6746766661,3363151.329395751,15,4,0.26666666666666666,0.0,0,-1.0,0.21848056161372914,0.2645238095238095,0.24610651035977738,0,0
q_017,31,28,s200_x254839.058_y3364954.565,0.7627694606781006,200.0,254839.0576404855,3364954.5652137767,13,4,0.3076923076923077,0.0,0,-1.0,0.19851702030166007,0.2717032967032967,0.24242878614264204,0,0
q_017,32,30,s200_x255203.340_y3364183.631,0.7620319128036499,200.0,255203.3403633765,3364183.6312788753,13,4,0.3076923076923077,0.0,0,-1.0,0.18905122499202515,0.2717032967032967,0.23864246801878808,0,0
q_017,33,33,s300_x254725.317_y3364170.530,0.7592824697494507,300.0,254725.31714087684,3364170.5298480103,11,4,0.36363636363636365,0.0,0,-1.0,0.15376447809992558,0.28149350649350646,0.23040189513607412,0,0
q_017,34,31,s200_x255867.683_y3363562.726,0.7605435848236084,200.0,255867.68346681632,3363562.725988563,15,4,0.26666666666666666,0.0,0,-1.0,0.16994981001856593,0.2645238095238095,0.22669420972171206,0,0
q_017,35,36,s200_x254675.317_y3364195.530,0.7557681798934937,200.0,254675.31714087684,3364195.5298480103,8,4,0.5,0.0,0,-1.0,0.10866157754585448,0.3053571428571428,0.2266789167326275,0,0
q_017,36,34,s300_x253141.241_y3363981.380,0.759020984172821,300.0,253141.240806092,3363981.379625299,22,5,0.22727272727272727,0.5840466618537903,0,-1.0,0.15040853466826495,0.26941984919092676,0.22181532338186202,0,0
q_017,37,39,s200_x255230.764_y3365251.700,0.7520077228546143,200.0,255230.76437190094,3365251.6998673794,11,4,0.36363636363636365,0.0,0,-1.0,0.06039933202420685,0.28149350649350646,0.19305583670578663,0,0
q_017,38,41,s200_x255367.051_y3364492.665,0.7512665390968323,200.0,255367.05124207112,3364492.665366566,11,4,0.36363636363636365,0.0,0,-1.0,0.050886873265898275,0.28149350649350646,0.18925085320246318,0,0
q_017,39,46,s300_x254752.800_y3365163.601,0.7493420839309692,300.0,254752.80039608278,3365163.6009922293,9,4,0.4444444444444444,0.0,0,-1.0,0.02618813937530647,0.29563492063492064,0.18785620813107498,0,1
q_017,40,38,s200_x255339.632_y3363274.598,0.7527110576629639,200.0,255339.63173593904,3363274.597604262,15,4,0.26666666666666666,0.0,0,-1.0,0.06942603193156843,0.2645238095238095,0.18648469848691307,0,0
q_017,41,49,s500_x254158.067_y3364678.442,0.7474536299705505,500.0,254158.06710738334,3364678.4419510043,8,4,0.5,0.0,0,-1.0,0.0019514501240406263,0.3053571428571428,0.18399486576390195,0,0
q_017,42,40,s200_x255544.480_y3366010.735,0.751354992389679,200.0,255544.479752744,3366010.7347813593,14,4,0.2857142857142857,0.0,0,-1.0,0.052022095525434256,0.26785714285714285,0.1815231239244594,0,0
q_017,43,37,s300_x255992.683_y3363537.726,0.7528762817382812,300.0,255992.68346681632,3363537.725988563,19,4,0.21052631578947367,0.0,0,-1.0,0.07154654143522998,0.25469924812030076,0.18143816544627245,0,0
q_017,44,42,s200_x254324.835_y3365275.528,0.751162052154541,200.0,254324.83531152448,3365275.5278006354,15,4,0.26666666666666666,0.0,0,-1.0,0.049545872847457186,0.2645238095238095,0.17853263485326856,0,0
q_017,45,50,s200_x255717.683_y3363562.726,0.7473015785217285,200.0,255717.68346681632,3363562.725988563,9,4,0.4444444444444444,0.0,0,-1.0,0.0,0.29563492063492064,0.1773809523809524,0,0
q_017,46,43,s200_x254161.063_y3364666.491,0.7500144839286804,200.0,254161.06292971745,3364666.490741796,16,4,0.25,0.0,0,-1.0,0.034817817481657826,0.26160714285714287,0.17089141270694885,0,0
q_017,47,47,s300_x254725.317_y3363945.530,0.7489991188049316,300.0,254725.31714087684,3363945.5298480103,15,4,0.26666666666666666,0.0,0,-1.0,0.021786475708615066,0.2645238095238095,0.16742887599773174,0,0
q_017,48,45,s300_x255294.480_y3365760.735,0.7494223117828369,300.0,255294.479752744,3365760.7347813593,18,4,0.2222222222222222,0.0,0,-1.0,0.027217795144400425,0.2567460317460317,0.16493473710537918,0,0
q_017,49,48,s200_x255717.683_y3363262.726,0.7486083507537842,200.0,255717.68346681632,3363262.725988563,17,4,0.23529411764705882,0.0,0,-1.0,0.01677130243805045,0.2590336134453781,0.16212868904244704,0,0
q_017,50,44,s300_x254224.835_y3365625.528,0.74956214427948,300.0,254224.83531152448,3365625.5278006354,22,4,0.18181818181818182,0.0,0,-1.0,0.029012425481914853,0.24967532467532466,0.16141016499796074,0,0
q_018,1,26,s200_x253091.241_y3363931.380,0.7268986701965332,200.0,253091.240806092,3363931.379625299,9,5,0.5555555555555556,0.9137483835220337,1,5054.641807172034,0.21189043190304463,0.7374744282179142,0.6272408296919664,0,0
q_018,2,1,s300_x253908.067_y3364803.442,0.7806046605110168,300.0,253908.06710738334,3364803.4419510043,23,4,0.17391304347826086,0.0,0,-1.0,1.0,0.30543478260869567,0.5832608695652174,0,1
q_018,3,2,s500_x253783.067_y3364678.442,0.7779301404953003,500.0,253783.06710738334,3364678.4419510043,16,4,0.25,0.0,0,-1.0,0.9607527055713823,0.31875000000000003,0.5755510822285529,0,1
q_018,4,3,s700_x253883.067_y3364778.442,0.7685369849205017,700.0,253883.06710738334,3364778.4419510043,17,4,0.23529411764705882,0.0,0,-1.0,0.8229126668760043,0.3161764705882353,0.518870949103343,0,1
q_018,5,5,s200_x254311.063_y3364816.491,0.7593600749969482,200.0,254311.06292971745,3364816.490741796,14,5,0.35714285714285715,0.49346470832824707,0,-1.0,0.6882459290695528,0.35861572025242344,0.49046780377927524,0,0
q_018,6,4,s200_x254174.835_y3365575.528,0.759907603263855,200.0,254174.83531152448,3365575.5278006354,15,4,0.26666666666666666,0.0,0,-1.0,0.6962806429520445,0.32166666666666666,0.4715122571808178,0,0
q_018,7,6,s200_x254461.063_y3364816.491,0.7589054107666016,200.0,254461.06292971745,3364816.490741796,13,4,0.3076923076923077,0.0,0,-1.0,0.6815739502435517,0.32884615384615384,0.469937272405113,0,0
q_018,8,7,s300_x253696.869_y3365187.480,0.7583440542221069,300.0,253696.86911584332,3365187.480292981,19,4,0.21052631578947367,0.0,0,-1.0,0.6733363130407097,0.3118421052631579,0.45643978837417865,0,1
q_018,9,8,s200_x253933.067_y3364828.442,0.7450735569000244,200.0,253933.06710738334,3364828.4419510043,12,4,0.3333333333333333,0.0,0,-1.0,0.47859814972417297,0.33333333333333337,0.3914392598896692,0,1
q_018,10,10,s200_x255544.480_y3366010.735,0.7430334091186523,200.0,255544.479752744,3366010.7347813593,9,4,0.4444444444444444,0.0,0,-1.0,0.4486599626166262,0.3527777777777778,0.3911306517133172,0,0
q_018,11,9,s300_x253908.067_y3365028.442,0.7444909811019897,300.0,253908.06710738334,3365028.4419510043,15,4,0.26666666666666666,0.0,0,-1.0,0.4700491301849314,0.32166666666666666,0.38101965207397254,0,1
q_018,12,11,s200_x253091.241_y3364231.380,0.7424481511116028,200.0,253091.240806092,3364231.379625299,19,5,0.2631578947368421,1.015955924987793,0,-1.0,0.44007158295059257,0.31158504523833463,0.3629796603232378,0,0
q_018,13,13,s200_x253905.470_y3363310.367,0.7395998239517212,200.0,253905.4698876719,3363310.3665024354,12,4,0.3333333333333333,0.0,0,-1.0,0.39827375230584744,0.33333333333333337,0.359309500922339,0,0
q_018,14,12,s200_x253933.067_y3364978.442,0.7409433126449585,200.0,253933.06710738334,3364978.4419510043,16,4,0.25,0.0,0,-1.0,0.4179888024812624,0.31875000000000003,0.358445520992505,0,1
q_018,15,14,s200_x255867.683_y3363262.726,0.7369832396507263,200.0,255867.68346681632,3363262.725988563,23,5,0.21739130434782608,0.5883010625839233,0,-1.0,0.35987663661593877,0.32860808261720126,0.34111550421669623,0,0
q_018,16,15,s200_x253810.673_y3365746.519,0.7363660335540771,200.0,253810.6733898759,3365746.519046808,12,4,0.3333333333333333,0.0,0,-1.0,0.3508194341063371,0.33333333333333337,0.34032777364253486,0,0
q_018,17,17,s200_x254474.835_y3365425.528,0.7338317632675171,200.0,254474.83531152448,3365425.5278006354,9,4,0.4444444444444444,0.0,0,-1.0,0.3136302369742034,0.3527777777777778,0.337118761456348,0,0
q_018,18,16,s300_x254436.063_y3364791.491,0.7361361384391785,300.0,254436.06292971745,3364791.490741796,13,4,0.3076923076923077,0.0,0,-1.0,0.347445833905513,0.32884615384615384,0.33628602586989753,0,0
q_018,19,21,s200_x253933.067_y3364678.442,0.7304506897926331,200.0,253933.06710738334,3364678.4419510043,7,4,0.5714285714285714,0.0,0,-1.0,0.2640146104790652,0.375,0.3306058441916261,0,1
q_018,20,19,s200_x253377.414_y3363772.341,0.7334923148155212,200.0,253377.41371175498,3363772.340820132,13,5,0.38461538461538464,0.91816246509552,0,-1.0,0.3086489942612935,0.338564311984935,0.32659818489547837,0,0
q_018,21,22,s500_x253268.902_y3365299.458,0.7281585931777954,500.0,253268.9018066581,3365299.4584696507,15,5,0.3333333333333333,0.09503404796123505,0,-1.0,0.23037919546151497,0.3777706457073907,0.3188140656090404,0,0
q_018,22,18,s200_x255530.764_y3365251.700,0.7335404753684998,200.0,255530.76437190094,3365251.6998673794,17,4,0.23529411764705882,0.0,0,-1.0,0.30935572720458254,0.3161764705882353,0.3134481732347742,0,0
q_018,23,20,s200_x255717.683_y3363412.726,0.7304588556289673,200.0,255717.68346681632,3363412.725988563,18,5,0.2777777777777778,0.830473780632019,0,-1.0,0.26413444019841004,0.3250004676386169,0.30065405666253414,0,0
q_018,24,28,s200_x254297.293_y3364057.454,0.7264598608016968,200.0,254297.29280875245,3364057.454095203,8,4,0.5,0.0,0,-1.0,0.20545111515985898,0.3625,0.2996804460639436,0,0
q_018,25,27,s200_x253660.673_y3365746.519,0.726513683795929,200.0,253660.6733898759,3365746.519046808,22,5,0.22727272727272727,0.2848511338233948,0,-1.0,0.20624094170415355,0.34809935692443417,0.2913559908363219,0,0
q_018,26,24,s300_x255519.480_y3365985.735,0.7271676659584045,300.0,255519.479752744,3365985.7347813593,14,4,0.2857142857142857,0.0,0,-1.0,0.21583781528554896,0.325,0.2813351261142196,0,0
q_018,27,35,s700_x255494.480_y3365960.735,0.7197296619415283,700.0,255494.479752744,3365960.7347813593,6,4,0.6666666666666666,0.0,0,-1.0,0.10668868501315065,0.39166666666666666,0.27767547400526027,0,0
q_018,28,30,s200_x254839.058_y3364954.565,0.724498987197876,200.0,254839.0576404855,3364954.5652137767,10,4,0.4,0.0,0,-1.0,0.17667623846638952,0.34500000000000003,0.27767049538655586,0,0
q_018,29,23,s500_x253796.869_y3365287.480,0.7279552221298218,500.0,253796.86911584332,3365287.480292981,21,4,0.19047619047619047,0.0,0,-1.0,0.22739482318119042,0.30833333333333335,0.2759579292724762,0,1
q_018,30,29,s300_x253141.241_y3364206.380,0.7258058786392212,300.0,253141.240806092,3364206.379625299,14,4,0.2857142857142857,0.0,0,-1.0,0.19585424157846354,0.325,0.2733416966313854,0,0
q_018,31,31,s300_x254224.835_y3365625.528,0.7236836552619934,300.0,254224.83531152448,3365625.5278006354,10,4,0.4,0.0,0,-1.0,0.1647116345910789,0.34500000000000003,0.27288465383643157,0,0
q_018,32,25,s200_x254161.063_y3364666.491,0.7270422577857971,200.0,254161.06292971745,3364666.490741796,23,4,0.17391304347826086,0.0,0,-1.0,0.21399751069064776,0.30543478260869567,0.26885987384147647,0,1
q_018,33,38,s500_x254158.067_y3364678.442,0.7189216613769531,500.0,254158.06710738334,3364678.4419510043,8,4,0.5,0.0,0,-1.0,0.09483166548440508,0.3625,0.25543266619376204,0,1
q_018,34,32,s300_x254725.317_y3364170.530,0.7236520648002625,300.0,254725.31714087684,3364170.5298480103,19,4,0.21052631578947367,0.0,0,-1.0,0.16424805976441653,0.3118421052631579,0.2528044870636614,0,0
q_018,35,41,s200_x253241.241_y3364231.380,0.7180444002151489,200.0,253241.240806092,3364231.379625299,15,5,0.3333333333333333,0.5375447273254395,0,-1.0,0.08195828001493935,0.3518688901444708,0.24390464609265822,0,0
q_018,36,42,s200_x254675.317_y3364345.530,0.7172986268997192,200.0,254675.31714087684,3364345.5298480103,16,5,0.3125,0.37507718801498413,0,-1.0,0.07101441542777023,0.3577328713452744,0.24304548897827272,0,0
q_018,37,33,s300_x254449.835_y3365400.528,0.7216094732284546,300.0,254449.83531152448,3365400.5278006354,18,4,0.2222222222222222,0.0,0,-1.0,0.13427401120801477,0.3138888888888889,0.24204293781653924,0,0
q_018,38,39,s300_x253696.869_y3365412.480,0.7184809446334839,300.0,253696.86911584332,3365412.480292981,12,4,0.3333333333333333,0.0,0,-1.0,0.08836435931772281,0.33333333333333337,0.23534574372708914,0,1
q_018,39,36,s200_x254675.317_y3364195.530,0.719672679901123,200.0,254675.31714087684,3364195.5298480103,15,4,0.26666666666666666,0.0,0,-1.0,0.10585250098618984,0.32166666666666666,0.23534100039447592,0,0
q_018,40,43,s500_x255394.480_y3366235.735,0.7162728309631348,500.0,255394.479752744,3366235.7347813593,9,4,0.4444444444444444,0.0,0,-1.0,0.055961353603507076,0.3527777777777778,0.2340512081080695,0,0
q_018,41,34,s200_x255016.545_y3366022.637,0.7204833030700684,200.0,255016.5454075462,3366022.637183411,19,5,0.2631578947368421,1.1113783121109009,0,-1.0,0.11774800597224323,0.3059996267122908,0.2306989784162718,0,0
q_018,42,37,s200_x255717.683_y3363262.726,0.7193435430526733,200.0,255717.68346681632,3363262.725988563,19,4,0.21052631578947367,0.0,0,-1.0,0.10102257609405846,0.3118421052631579,0.22751429359551814,0,0
q_018,43,46,s200_x253783.067_y3364828.442,0.7149797677993774,200.0,253783.06710738334,3364828.4419510043,14,5,0.35714285714285715,0.7192443609237671,0,-1.0,0.03698627381178337,0.34540001802120807,0.22203452033743817,0,1
q_018,44,40,s500_x255394.480_y3365860.735,0.7184501886367798,500.0,255394.479752744,3365860.7347813593,20,5,0.25,1.281314730644226,0,-1.0,0.0879130298638402,0.29375,0.21141521194553609,0,0
q_018,45,47,s200_x253796.869_y3365287.480,0.714119553565979,200.0,253796.86911584332,3365287.480292981,12,4,0.3333333333333333,0.0,0,-1.0,0.024363043814818474,0.33333333333333337,0.2097452175259274,0,1
q_018,46,44,s200_x253646.869_y3365287.480,0.715867280960083,200.0,253646.86911584332,3365287.480292981,18,4,0.2222222222222222,0.0,0,-1.0,0.0500101024325433,0.3138888888888889,0.20833737430635063,0,0
q_018,47,48,s200_x254311.063_y3364966.491,0.7133449912071228,200.0,254311.06292971745,3364966.490741796,12,4,0.3333333333333333,0.0,0,-1.0,0.012996713866747603,0.33333333333333337,0.20519868554669907,0,0
q_018,48,45,s300_x254739.058_y3365004.565,0.715483546257019,300.0,254739.0576404855,3365004.5652137767,25,4,0.16,0.0,0,-1.0,0.04437898029282185,0.303,0.19955159211712872,0,0
q_018,49,49,s200_x255002.800_y3365263.601,0.7133124470710754,200.0,255002.80039608278,3365263.6009922293,15,4,0.26666666666666666,0.0,0,-1.0,0.01251914432833693,0.32166666666666666,0.19800765773133475,0,0
q_018,50,50,s200_x253377.414_y3363622.341,0.7124593257904053,200.0,253377.41371175498,3363622.340820132,19,4,0.21052631578947367,0.0,0,-1.0,0.0,0.3118421052631579,0.18710526315789475,0,0
q_019,1,23,s500_x254297.293_y3364057.454,0.693311870098114,500.0,254297.29280875245,3364057.454095203,10,5,0.5,0.5876838564872742,1,5049.412316143513,0.4146893300079331,0.7817207334558417,0.7349081720766782,0,0
q_019,2,1,s300_x254766.545_y3365997.637,0.7251070141792297,300.0,254766.5454075462,3365997.637183411,18,5,0.2777777777777778,1.1479204893112183,0,-1.0,1.0,0.33134250335544047,0.5988055020132643,0,0
q_019,3,2,s300_x254436.063_y3364791.491,0.7246376872062683,300.0,254436.06292971745,3364791.490741796,16,4,0.25,0.0,0,-1.0,0.9913602503486513,0.31875000000000003,0.5877941001394605,0,1
q_019,4,4,s700_x255494.480_y3365960.735,0.7224770188331604,700.0,255494.479752744,3365960.7347813593,24,5,0.20833333333333334,1.2473901510238647,0,-1.0,0.9515849233406007,0.31552706413580284,0.569950207817722,0,0
q_019,5,3,s700_x254411.063_y3364766.491,0.7228513360023499,700.0,254411.06292971745,3364766.490741796,24,4,0.16666666666666666,0.0,0,-1.0,0.9584756558539955,0.3041666666666667,0.5658902623415982,0,1
q_019,6,6,s700_x254397.293_y3364157.454,0.716647744178772,700.0,254397.29280875245,3364157.454095203,9,4,0.4444444444444444,0.0,0,-1.0,0.8442749314492812,0.3527777777777778,0.5493766392463793,0,0
q_019,7,5,s200_x254461.063_y3364816.491,0.7190600633621216,200.0,254461.06292971745,3364816.490741796,19,4,0.21052631578947367,0.0,0,-1.0,0.8886828496470695,0.3118421052631579,0.5425784030167226,0,0
q_019,8,7,s700_x254438.610_y3365984.565,0.7086473703384399,700.0,254438.6099540508,3365984.565271766,12,4,0.3333333333333333,0.0,0,-1.0,0.6969975937298724,0.33333333333333337,0.47879903749194896,0,0
q_019,9,16,s200_x254839.058_y3364504.565,0.7011688351631165,200.0,254839.0576404855,3364504.5652137767,5,4,0.8,0.0,0,-1.0,0.5593266832644077,0.415,0.47273067330576307,0,0
q_019,10,8,s200_x254675.317_y3364345.530,0.7084026336669922,200.0,254675.31714087684,3364345.5298480103,17,4,0.23529411764705882,0.0,0,-1.0,0.6924922835865605,0.3161764705882353,0.46670279578756535,0,0
q_019,11,11,s500_x255769.480_y3365860.735,0.7062819600105286,500.0,255769.479752744,3365860.7347813593,11,4,0.36363636363636365,0.0,0,-1.0,0.6534532115970589,0.3386363636363637,0.46456310282064184,0,0
q_019,12,9,s300_x254739.058_y3364779.565,0.7069120407104492,300.0,254739.0576404855,3364779.5652137767,16,4,0.25,0.0,0,-1.0,0.6650522455778066,0.31875000000000003,0.45727089823112266,0,0
q_019,13,12,s200_x254297.293_y3364057.454,0.7059804201126099,200.0,254297.29280875245,3364057.454095203,16,4,0.25,0.0,0,-1.0,0.6479022218223354,0.31875000000000003,0.4504108887289342,0,0
q_019,14,10,s300_x254422.293_y3363957.454,0.7064149379730225,300.0,254422.29280875245,3363957.454095203,22,5,0.22727272727272727,1.5364556312561035,0,-1.0,0.6559011772399544,0.3081975193064303,0.44727898247984,0,0
q_019,15,14,s200_x254324.835_y3365125.528,0.702767550945282,200.0,254324.83531152448,3365125.5278006354,16,5,0.3125,0.7476018071174622,0,-1.0,0.5887571334991645,0.3521593847370349,0.44679848424188673,0,1
q_019,16,13,s500_x255394.480_y3365860.735,0.7038012742996216,500.0,255394.479752744,3365860.7347813593,20,4,0.2,0.0,0,-1.0,0.6077867471902161,0.31,0.42911469887608644,0,0
q_019,17,15,s700_x253341.241_y3364181.380,0.7019665241241455,700.0,253341.240806092,3364181.379625299,18,4,0.2222222222222222,0.0,0,-1.0,0.5740111853705798,0.3138888888888889,0.4179378074815653,0,0
q_019,18,17,s500_x254839.058_y3364654.565,0.7009390592575073,500.0,254839.0576404855,3364654.5652137767,16,4,0.25,0.0,0,-1.0,0.5550967829715516,0.31875000000000003,0.4132887131886207,0,0
q_019,19,20,s500_x253796.869_y3365287.480,0.6957860589027405,500.0,253796.86911584332,3365287.480292981,20,5,0.25,0.2024449110031128,0,-1.0,0.4602361941211518,0.36129559473848516,0.40087183449155184,0,0
q_019,20,21,s500_x254158.067_y3364678.442,0.6955071687698364,500.0,254158.06710738334,3364678.4419510043,19,5,0.2631578947368421,0.46894222497940063,0,-1.0,0.4551021594985127,0.3537852901974731,0.39431203791788894,0,1
q_019,21,18,s500_x254866.545_y3366247.637,0.6977382898330688,500.0,254866.5454075462,3366247.637183411,16,4,0.25,0.0,0,-1.0,0.4961744364796257,0.31875000000000003,0.3897197745918503,0,0
q_019,22,19,s300_x255519.480_y3365985.735,0.6964086294174194,300.0,255519.479752744,3365985.7347813593,18,4,0.2222222222222222,0.0,0,-1.0,0.47169697455147147,0.3138888888888889,0.37701212315392196,0,0
q_019,23,22,s500_x254311.063_y3364666.491,0.6947696208953857,500.0,254311.06292971745,3364666.490741796,22,4,0.18181818181818182,0.0,0,-1.0,0.4415247830461646,0.3068181818181818,0.36070082230937495,0,1
q_019,24,24,s700_x254424.835_y3365375.528,0.6925252079963684,700.0,254424.83531152448,3365375.5278006354,14,4,0.2857142857142857,0.0,0,-1.0,0.40020781922580206,0.325,0.35508312769032085,0,1
q_019,25,25,s200_x255544.480_y3366010.735,0.6919094324111938,200.0,255544.479752744,3366010.7347813593,14,4,0.2857142857142857,0.0,0,-1.0,0.3888721253411077,0.325,0.3505488501364431,0,0
q_019,26,27,s300_x254211.063_y3364791.491,0.6886093616485596,300.0,254211.06292971745,3364791.490741796,16,4,0.25,0.0,0,-1.0,0.32812175968241186,0.31875000000000003,0.32249870387296475,0,1
q_019,27,28,s700_x254939.058_y3364754.565,0.6873814463615417,700.0,254939.0576404855,3364754.5652137767,12,4,0.3333333333333333,0.0,0,-1.0,0.3055173041874367,0.33333333333333337,0.3222069216749747,0,1
q_019,28,26,s200_x254161.063_y3364816.491,0.6890560984611511,200.0,254161.06292971745,3364816.490741796,19,4,0.21052631578947367,0.0,0,-1.0,0.33634565143207634,0.3118421052631579,0.3216435237307253,0,1
q_019,29,36,s300_x253141.241_y3364206.380,0.6810026168823242,300.0,253141.240806092,3364206.379625299,8,4,0.5,0.0,0,-1.0,0.18809066360606955,0.3625,0.2927362654424278,0,0
q_019,30,31,s300_x254739.058_y3364554.565,0.6831542253494263,300.0,254739.0576404855,3364554.5652137767,16,4,0.25,0.0,0,-1.0,0.22769920855328632,0.31875000000000003,0.28232968342131454,0,0
q_019,31,30,s200_x254311.063_y3364816.491,0.6838512420654297,200.0,254311.06292971745,3364816.490741796,24,4,0.16666666666666666,0.0,0,-1.0,0.24053045473348336,0.3041666666666667,0.27871218189339336,0,1
q_019,32,33,s700_x253896.869_y3365387.480,0.6817820072174072,700.0,253896.86911584332,3365387.480292981,17,4,0.23529411764705882,0.0,0,-1.0,0.20243830983937353,0.3161764705882353,0.2706812062886906,0,1
q_019,33,32,s300_x254463.610_y3366009.565,0.6819270849227905,300.0,254463.6099540508,3366009.565271766,19,4,0.21052631578947367,0.0,0,-1.0,0.20510901731351405,0.3118421052631579,0.26914887008330035,0,0
q_019,34,35,s500_x254686.063_y3364666.491,0.6810827851295471,500.0,254686.06292971745,3364666.490741796,19,4,0.21052631578947367,0.0,0,-1.0,0.18956646539436825,0.3118421052631579,0.26293184931564206,0,0
q_019,35,40,s200_x254638.610_y3366034.565,0.6766013503074646,200.0,254638.6099540508,3366034.565271766,8,4,0.5,0.0,0,-1.0,0.10706859680327069,0.3625,0.26032743872130826,0,0
q_019,36,37,s500_x253783.067_y3364678.442,0.6802527904510498,500.0,253783.06710738334,3364678.4419510043,18,4,0.2222222222222222,0.0,0,-1.0,0.17428725357127575,0.3138888888888889,0.25804823476184363,0,0
q_019,37,39,s700_x253883.067_y3364778.442,0.6786351203918457,700.0,253883.06710738334,3364778.4419510043,19,5,0.2631578947368421,1.1048663854599,0,-1.0,0.1445078777092484,0.33036935751573066,0.25602476559313775,0,1
q_019,38,38,s500_x254311.063_y3365041.491,0.6797571182250977,500.0,254311.06292971745,3365041.490741796,17,4,0.23529411764705882,0.0,0,-1.0,0.16516251924302888,0.3161764705882353,0.25577089005015274,0,1
q_019,39,41,s300_x254224.835_y3365175.528,0.6752643585205078,300.0,254224.83531152448,3365175.5278006354,11,4,0.36363636363636365,0.0,0,-1.0,0.08245617307588914,0.3386363636363637,0.23616428741217388,0,1
q_019,40,42,s500_x254672.293_y3364057.454,0.6749082803726196,500.0,254672.29280875245,3364057.454095203,13,4,0.3076923076923077,0.0,0,-1.0,0.07590119918496241,0.32884615384615384,0.22766817198167727,0,0
q_019,41,44,s200_x254324.835_y3365275.528,0.6748402714729309,200.0,254324.83531152448,3365275.5278006354,14,4,0.2857142857142857,0.0,0,-1.0,0.07464923647830901,0.325,0.2248596945913236,0,1
q_019,42,45,s200_x255772.413_y3365698.858,0.6748297214508057,200.0,255772.41299202444,3365698.8580652266,15,4,0.26666666666666666,0.0,0,-1.0,0.0744550231574697,0.32166666666666666,0.22278200926298786,0,0
q_019,43,47,s200_x254716.545_y3365722.637,0.6722230315208435,200.0,254716.5454075462,3365722.637183411,11,4,0.36363636363636365,0.0,0,-1.0,0.02646897140455732,0.3386363636363637,0.21376940674364114,0,0
q_019,44,43,s200_x255530.764_y3365251.700,0.6748802661895752,200.0,255530.76437190094,3365251.6998673794,23,4,0.17391304347826086,0.0,0,-1.0,0.07538549149685803,0.30543478260869567,0.2134150661639606,0,0
q_019,45,48,s200_x254311.063_y3364966.491,0.6722066402435303,200.0,254311.06292971745,3364966.490741796,26,5,0.19230769230769232,0.6141694188117981,0,-1.0,0.026167227544496248,0.33603896428614743,0.21209026958948696,0,1
q_019,46,50,s200_x254447.293_y3364057.454,0.6707851886749268,200.0,254447.29280875245,3364057.454095203,10,4,0.4,0.0,0,-1.0,0.0,0.34500000000000003,0.20700000000000002,0,0
q_019,47,49,s300_x253696.869_y3365412.480,0.6716810464859009,300.0,253696.86911584332,3365412.480292981,12,4,0.3333333333333333,0.0,0,-1.0,0.016491673515337913,0.33333333333333337,0.20659666940613516,0,0
q_019,48,46,s200_x253796.869_y3365437.480,0.6725855469703674,200.0,253796.86911584332,3365437.480292981,20,4,0.2,0.0,0,-1.0,0.03314244833870803,0.31,0.1992569793354832,0,0
q_019,49,34,s500_x254338.610_y3365884.565,0.6810916662216187,500.0,254338.6099540508,3365884.565271766,37,3,0.08108108108108109,2.0368316173553467,0,-1.0,0.18972995570400134,0.16418918918918918,0.17440549579511405,0,0
q_019,50,29,s300_x254661.063_y3364791.491,0.686546802520752,300.0,254661.06292971745,3364791.490741796,2,0,0.0,,0,-1.0,0.2901525068331269,0.0,0.11606100273325076,0,0
q_020,1,1,s200_x254324.835_y3365125.528,0.8788812756538391,200.0,254324.83531152448,3365125.5278006354,9,4,0.4444444444444444,0.0,0,-1.0,1.0,0.3527777777777778,0.6116666666666667,0,1
q_020,2,39,s200_x253091.241_y3364231.380,0.823817253112793,200.0,253091.240806092,3364231.379625299,9,5,0.5555555555555556,1.048958659172058,1,5054.506596896384,0.11059540038663863,0.7722460778321387,0.6075858068539386,0,0
q_020,3,2,s300_x254436.063_y3364791.491,0.8764342069625854,300.0,254436.06292971745,3364791.490741796,22,4,0.18181818181818182,0.0,0,-1.0,0.9604744795397305,0.3068181818181818,0.5682807009068014,0,1
q_020,4,3,s200_x254311.063_y3364966.491,0.8641114234924316,200.0,254311.06292971745,3364966.490741796,11,4,0.36363636363636365,0.0,0,-1.0,0.7614345294484623,0.3386363636363637,0.5077556299612032,0,1
q_020,5,6,s700_x253341.241_y3364181.380,0.8527846932411194,700.0,253341.240806092,3364181.379625299,4,4,1.0,0.0,0,-1.0,0.5784830210186619,0.45,0.5013932084074648,0,0
q_020,6,4,s200_x254461.063_y3364816.491,0.8571141958236694,200.0,254461.06292971745,3364816.490741796,12,4,0.3333333333333333,0.0,0,-1.0,0.648413972904488,0.33333333333333337,0.4593655891617952,0,1
q_020,7,7,s300_x254991.545_y3365997.637,0.8493894338607788,300.0,254991.5454075462,3365997.637183411,7,4,0.5714285714285714,0.0,0,-1.0,0.5236421436108352,0.375,0.43445685744433404,0,0
q_020,8,5,s700_x255494.480_y3365960.735,0.8533986806869507,700.0,255494.479752744,3365960.7347813593,14,4,0.2857142857142857,0.0,0,-1.0,0.5884002634071952,0.325,0.4303601053628781,0,0
q_020,9,8,s300_x254211.063_y3364791.491,0.8491268754005432,300.0,254211.06292971745,3364791.490741796,9,4,0.4444444444444444,0.0,0,-1.0,0.5194012492586859,0.3527777777777778,0.41942716637014105,0,1
q_020,10,9,s500_x255394.480_y3365860.735,0.8486114144325256,500.0,255394.479752744,3365860.7347813593,15,4,0.26666666666666666,0.0,0,-1.0,0.5110754253410045,0.32166666666666666,0.3974301701364018,0,0
q_020,11,11,s300_x254436.063_y3365016.491,0.8468004465103149,300.0,254436.06292971745,3365016.490741796,11,4,0.36363636363636365,0.0,0,-1.0,0.4818243258855334,0.3386363636363637,0.3959115485360316,0,1
q_020,12,10,s300_x254449.835_y3365175.528,0.8475689888000488,300.0,254449.83531152448,3365175.5278006354,19,4,0.21052631578947367,0.0,0,-1.0,0.4942379676055362,0.3118421052631579,0.3848004502001092,0,1
q_020,13,12,s500_x254311.063_y3364666.491,0.8464159965515137,500.0,254311.06292971745,3364666.490741796,18,4,0.2222222222222222,0.0,0,-1.0,0.4756146167887428,0.3138888888888889,0.37857918004883045,0,1
q_020,14,13,s200_x254624.835_y3365125.528,0.8414336442947388,200.0,254624.83531152448,3365125.5278006354,10,4,0.4,0.0,0,-1.0,0.39513871238552956,0.34500000000000003,0.36505548495421186,0,0
q_020,15,14,s500_x253241.241_y3364081.380,0.8404130935668945,500.0,253241.240806092,3364081.379625299,10,4,0.4,0.0,0,-1.0,0.3786545822839406,0.34500000000000003,0.35846183291357625,0,0
q_020,16,18,s700_x254424.835_y3365375.528,0.836490273475647,700.0,254424.83531152448,3365375.5278006354,8,4,0.5,0.0,0,-1.0,0.31529244360236297,0.3625,0.3436169774409452,0,1
q_020,17,16,s300_x253141.241_y3364206.380,0.8372212648391724,300.0,253141.240806092,3364206.379625299,14,5,0.35714285714285715,1.2679096460342407,0,-1.0,0.3270995555966327,0.34386577063584556,0.3371592846201604,0,0
q_020,18,31,s300_x254688.610_y3366009.565,0.8273434042930603,300.0,254688.6099540508,3366009.565271766,4,4,1.0,0.0,0,-1.0,0.16755046712416338,0.45,0.3370201868496654,0,0
q_020,19,20,s500_x255769.480_y3365860.735,0.8360930681228638,500.0,255769.479752744,3365860.7347813593,10,4,0.4,0.0,0,-1.0,0.30887670694794245,0.34500000000000003,0.330550682779177,0,0
q_020,20,19,s700_x254411.063_y3364766.491,0.8363349437713623,700.0,254411.06292971745,3364766.490741796,11,4,0.36363636363636365,0.0,0,-1.0,0.3127835285781403,0.3386363636363637,0.32829522961307434,0,1
q_020,21,15,s700_x254397.293_y3364157.454,0.8373181819915771,700.0,254397.29280875245,3364157.454095203,18,4,0.2222222222222222,0.0,0,-1.0,0.3286649799363818,0.3138888888888889,0.319799325307886,0,0
q_020,22,37,s300_x254422.293_y3363957.454,0.8244556784629822,300.0,254422.29280875245,3363957.454095203,4,4,1.0,0.0,0,-1.0,0.12090736846969662,0.45,0.3183629473878787,0,0
q_020,23,21,s500_x254324.835_y3365275.528,0.8359051942825317,500.0,254324.83531152448,3365275.5278006354,14,4,0.2857142857142857,0.0,0,-1.0,0.3058421328280844,0.325,0.3173368531312338,0,1
q_020,24,22,s200_x254297.293_y3364057.454,0.835250973701477,200.0,254297.29280875245,3364057.454095203,13,4,0.3076923076923077,0.0,0,-1.0,0.29527503716198,0.32884615384615384,0.3154177071724843,0,0
q_020,25,23,s300_x255519.480_y3365985.735,0.8333653807640076,300.0,255519.479752744,3365985.7347813593,13,4,0.3076923076923077,0.0,0,-1.0,0.2648185802198141,0.32884615384615384,0.30323512439561795,0,0
q_020,26,26,s200_x253241.241_y3364081.380,0.8302208185195923,200.0,253241.240806092,3364081.379625299,8,4,0.5,0.0,0,-1.0,0.21402701079045264,0.3625,0.3031108043161811,0,0
q_020,27,24,s200_x254675.317_y3364345.530,0.8325157761573792,200.0,254675.31714087684,3364345.5298480103,25,5,0.2,1.0845075845718384,0,-1.0,0.25109560448870505,0.32267742513010683,0.2940446968735461,0,0
q_020,28,34,s500_x253227.414_y3363472.341,0.8258507251739502,500.0,253227.41371175498,3363472.340820132,6,4,0.6666666666666666,0.0,0,-1.0,0.14344042915347704,0.39166666666666666,0.2923761716613908,0,0
q_020,29,25,s200_x254474.835_y3365275.528,0.8312414288520813,200.0,254474.83531152448,3365275.5278006354,18,5,0.2777777777777778,1.288227915763855,0,-1.0,0.23051210363763797,0.3292776426139177,0.2897714270234058,0,1
q_020,30,28,s500_x254311.063_y3365041.491,0.8290195465087891,500.0,254311.06292971745,3365041.490741796,9,4,0.4444444444444444,0.0,0,-1.0,0.19462383604057396,0.3527777777777778,0.2895162010828963,0,1
q_020,31,33,s200_x255544.480_y3365860.735,0.8263990879058838,200.0,255544.479752744,3365860.7347813593,7,4,0.5714285714285714,0.0,0,-1.0,0.15229768864037216,0.375,0.28591907545614886,0,0
q_020,32,36,s300_x255744.480_y3365760.735,0.8252232670783997,300.0,255744.479752744,3365760.7347813593,7,4,0.5714285714285714,0.0,0,-1.0,0.13330560626015697,0.375,0.2783222425040628,0,0
q_020,33,27,s200_x254311.063_y3364816.491,0.8293020725250244,200.0,254311.06292971745,3364816.490741796,16,4,0.25,0.0,0,-1.0,0.19918725016751773,0.31875000000000003,0.2709249000670071,0,1
q_020,34,30,s700_x253327.414_y3363572.341,0.8275015950202942,700.0,253327.41371175498,3363572.340820132,12,4,0.3333333333333333,0.0,0,-1.0,0.17010559393701333,0.33333333333333337,0.26804223757480533,0,0
q_020,35,32,s300_x254211.063_y3365016.491,0.8266433477401733,300.0,254211.06292971745,3365016.490741796,15,4,0.26666666666666666,0.0,0,-1.0,0.1562430200944261,0.32166666666666666,0.25549720803777043,0,1
q_020,36,40,s500_x254699.835_y3365275.528,0.8229347467422485,500.0,254699.83531152448,3365275.5278006354,9,4,0.4444444444444444,0.0,0,-1.0,0.09634098908631591,0.3527777777777778,0.25020306230119305,0,1
q_020,37,42,s500_x254713.610_y3365884.565,0.8215783834457397,500.0,254713.6099540508,3365884.565271766,8,4,0.5,0.0,0,-1.0,0.07443275029460016,0.3625,0.24727310011784007,0,0
q_020,38,29,s200_x254474.835_y3365125.528,0.8278946280479431,200.0,254474.83531152448,3365125.5278006354,20,5,0.25,2.179326295852661,0,-1.0,0.17645393839968576,0.29375,0.2468315753598743,0,1
q_020,39,35,s500_x254297.293_y3364057.454,0.8257309794425964,500.0,254297.29280875245,3364057.454095203,17,4,0.23529411764705882,0.0,0,-1.0,0.14150627325030615,0.3161764705882353,0.24630839165306362,0,0
q_020,40,38,s300_x254224.835_y3365175.528,0.824257493019104,300.0,254224.83531152448,3365175.5278006354,15,4,0.26666666666666666,0.0,0,-1.0,0.11770623936166116,0.32166666666666666,0.24008249574466445,0,1
q_020,41,45,s300_x253696.869_y3365412.480,0.8198400139808655,300.0,253696.86911584332,3365412.480292981,9,4,0.4444444444444444,0.0,0,-1.0,0.04635427497554626,0.3527777777777778,0.23020837665688518,0,0
q_020,42,44,s300_x254766.545_y3365997.637,0.8206965923309326,300.0,254766.5454075462,3365997.637183411,14,4,0.2857142857142857,0.0,0,-1.0,0.06018989194143426,0.325,0.2190759567765737,0,0
q_020,43,41,s200_x255002.800_y3365413.601,0.8218823075294495,200.0,255002.80039608278,3365413.6009922293,19,4,0.21052631578947367,0.0,0,-1.0,0.07934179009065212,0.3118421052631579,0.2188419791941556,0,0
q_020,44,47,s200_x255353.340_y3364183.631,0.8191225528717041,200.0,255353.3403633765,3364183.6312788753,12,4,0.3333333333333333,0.0,0,-1.0,0.0347657062316597,0.33333333333333337,0.21390628249266389,0,0
q_020,45,43,s300_x254977.800_y3365388.601,0.8209952116012573,300.0,254977.80039608278,3365388.6009922293,19,4,0.21052631578947367,0.0,0,-1.0,0.06501324737940649,0.3118421052631579,0.21311056210965734,0,0
q_020,46,46,s500_x255394.480_y3366235.735,0.819503664970398,500.0,255394.479752744,3366235.7347813593,23,4,0.17391304347826086,0.0,0,-1.0,0.0409215015750518,0.30543478260869567,0.1996294701952381,0,0
q_020,47,48,s300_x254211.063_y3364566.491,0.8187639713287354,300.0,254211.06292971745,3364566.490741796,22,4,0.18181818181818182,0.0,0,-1.0,0.028973828723707417,0.3068181818181818,0.19568044058039205,0,1
q_020,48,49,s300_x253127.414_y3363372.341,0.8175416588783264,300.0,253127.41371175498,3363372.340820132,17,4,0.23529411764705882,0.0,0,-1.0,0.009230804778298945,0.3161764705882353,0.19339820426426074,0,0
q_020,49,50,s200_x255867.683_y3363412.726,0.81697016954422,200.0,255867.68346681632,3363412.725988563,16,4,0.25,0.0,0,-1.0,0.0,0.31875000000000003,0.19125,0,0
q_020,50,17,s200_x255694.480_y3365710.735,0.8367764949798584,200.0,255694.479752744,3365710.7347813593,3,0,0.0,,0,-1.0,0.31991554795628363,0.0,0.12796621918251347,0,0
